2026-06-02 19:41:18.794 | INFO     | main:run_paper:521 - Starting paper trading: ['absorption', 'stacked_imbalance']
2026-06-02 19:41:18.802 | INFO     | main:run_paper:531 -   Loaded strategy: absorption
2026-06-02 19:41:18.802 | INFO     | main:run_paper:531 -   Loaded strategy: stacked_imbalance
2026-06-02 19:41:18.803 | INFO     | data.exchange_connector:connect:139 - Connecting to binance (attempt 1/5)...
2026-06-02 19:41:21.335 | INFO     | data.exchange_connector:connect:141 - Connected to binance
2026-06-02 19:41:23.173 | INFO     | data.exchange_connector:start_websocket:496 - WebSocket connected: wss://stream.binance.com:443/stream?streams=icpusdt@depth@100ms/icpusdt@aggTrade
2026-06-02 19:41:23.648 | INFO     | data.exchange_connector:_fetch_rest_snapshot:318 - Snapshot loaded: 1000b/1000a, lastUpdateId=6343307686
2026-06-02 19:41:23.649 | INFO     | data.exchange_connector:_fetch_rest_snapshot:356 - Book re-initialized. Total resyncs so far: 0
2026-06-02 19:41:23.787 | ERROR    | main:_on_paper_order_book:689 - Paper trading error: name 'PriceLevel' is not defined
2026-06-02 19:41:23.815 | ERROR    | main:_on_paper_order_book:691 - Traceback (most recent call last):
  File "C:\Users\A\Downloads\New-folder-orderflow-copy\orderflow-copy-DeepSeek\main.py", line 571, in _on_paper_order_book
    bids = [PriceLevel(price=float(p), size=float(s), timestamp=ts)
           ^^^^^^^^^^^^^^^^^^^^^^^^^^^^^^^^^^^^^^^^^^^^^^^^^^^^^^^^
  File "C:\Users\A\Downloads\New-folder-orderflow-copy\orderflow-copy-DeepSeek\main.py", line 571, in <listcomp>
    bids = [PriceLevel(price=float(p), size=float(s), timestamp=ts)
            ^^^^^^^^^^
NameError: name 'PriceLevel' is not defined

2026-06-02 19:41:23.887 | ERROR    | main:_on_paper_order_book:689 - Paper trading error: name 'PriceLevel' is not defined
2026-06-02 19:41:23.888 | ERROR    | main:_on_paper_order_book:691 - Traceback (most recent call last):
  File "C:\Users\A\Downloads\New-folder-orderflow-copy\orderflow-copy-DeepSeek\main.py", line 571, in _on_paper_order_book
    bids = [PriceLevel(price=float(p), size=float(s), timestamp=ts)
           ^^^^^^^^^^^^^^^^^^^^^^^^^^^^^^^^^^^^^^^^^^^^^^^^^^^^^^^^
  File "C:\Users\A\Downloads\New-folder-orderflow-copy\orderflow-copy-DeepSeek\main.py", line 571, in <listcomp>
    bids = [PriceLevel(price=float(p), size=float(s), timestamp=ts)
            ^^^^^^^^^^
NameError: name 'PriceLevel' is not defined

2026-06-02 19:41:24.459 | ERROR    | main:_on_paper_order_book:689 - Paper trading error: name 'PriceLevel' is not defined
2026-06-02 19:41:24.460 | ERROR    | main:_on_paper_order_book:691 - Traceback (most recent call last):
  File "C:\Users\A\Downloads\New-folder-orderflow-copy\orderflow-copy-DeepSeek\main.py", line 571, in _on_paper_order_book
    bids = [PriceLevel(price=float(p), size=float(s), timestamp=ts)
           ^^^^^^^^^^^^^^^^^^^^^^^^^^^^^^^^^^^^^^^^^^^^^^^^^^^^^^^^
  File "C:\Users\A\Downloads\New-folder-orderflow-copy\orderflow-copy-DeepSeek\main.py", line 571, in <listcomp>
    bids = [PriceLevel(price=float(p), size=float(s), timestamp=ts)
            ^^^^^^^^^^
NameError: name 'PriceLevel' is not defined

2026-06-02 19:41:24.461 | ERROR    | main:_on_paper_order_book:689 - Paper trading error: name 'PriceLevel' is not defined
2026-06-02 19:41:24.461 | ERROR    | main:_on_paper_order_book:691 - Traceback (most recent call last):
  File "C:\Users\A\Downloads\New-folder-orderflow-copy\orderflow-copy-DeepSeek\main.py", line 571, in _on_paper_order_book
    bids = [PriceLevel(price=float(p), size=float(s), timestamp=ts)
           ^^^^^^^^^^^^^^^^^^^^^^^^^^^^^^^^^^^^^^^^^^^^^^^^^^^^^^^^
  File "C:\Users\A\Downloads\New-folder-orderflow-copy\orderflow-copy-DeepSeek\main.py", line 571, in <listcomp>
    bids = [PriceLevel(price=float(p), size=float(s), timestamp=ts)
            ^^^^^^^^^^
NameError: name 'PriceLevel' is not defined

2026-06-02 19:41:24.463 | ERROR    | main:_on_paper_order_book:689 - Paper trading error: name 'PriceLevel' is not defined
2026-06-02 19:41:24.464 | ERROR    | main:_on_paper_order_book:691 - Traceback (most recent call last):
  File "C:\Users\A\Downloads\New-folder-orderflow-copy\orderflow-copy-DeepSeek\main.py", line 571, in _on_paper_order_book
    bids = [PriceLevel(price=float(p), size=float(s), timestamp=ts)
           ^^^^^^^^^^^^^^^^^^^^^^^^^^^^^^^^^^^^^^^^^^^^^^^^^^^^^^^^
  File "C:\Users\A\Downloads\New-folder-orderflow-copy\orderflow-copy-DeepSeek\main.py", line 571, in <listcomp>
    bids = [PriceLevel(price=float(p), size=float(s), timestamp=ts)
            ^^^^^^^^^^
NameError: name 'PriceLevel' is not defined

2026-06-02 19:41:24.465 | ERROR    | main:_on_paper_order_book:689 - Paper trading error: name 'PriceLevel' is not defined
2026-06-02 19:41:24.466 | ERROR    | main:_on_paper_order_book:691 - Traceback (most recent call last):
  File "C:\Users\A\Downloads\New-folder-orderflow-copy\orderflow-copy-DeepSeek\main.py", line 571, in _on_paper_order_book
    bids = [PriceLevel(price=float(p), size=float(s), timestamp=ts)
           ^^^^^^^^^^^^^^^^^^^^^^^^^^^^^^^^^^^^^^^^^^^^^^^^^^^^^^^^
  File "C:\Users\A\Downloads\New-folder-orderflow-copy\orderflow-copy-DeepSeek\main.py", line 571, in <listcomp>
    bids = [PriceLevel(price=float(p), size=float(s), timestamp=ts)
            ^^^^^^^^^^
NameError: name 'PriceLevel' is not defined

2026-06-02 19:41:24.468 | ERROR    | main:_on_paper_order_book:689 - Paper trading error: name 'PriceLevel' is not defined
2026-06-02 19:41:24.469 | ERROR    | main:_on_paper_order_book:691 - Traceback (most recent call last):
  File "C:\Users\A\Downloads\New-folder-orderflow-copy\orderflow-copy-DeepSeek\main.py", line 571, in _on_paper_order_book
    bids = [PriceLevel(price=float(p), size=float(s), timestamp=ts)
           ^^^^^^^^^^^^^^^^^^^^^^^^^^^^^^^^^^^^^^^^^^^^^^^^^^^^^^^^
  File "C:\Users\A\Downloads\New-folder-orderflow-copy\orderflow-copy-DeepSeek\main.py", line 571, in <listcomp>
    bids = [PriceLevel(price=float(p), size=float(s), timestamp=ts)
            ^^^^^^^^^^
NameError: name 'PriceLevel' is not defined

2026-06-02 19:41:24.562 | ERROR    | main:_on_paper_order_book:689 - Paper trading error: name 'PriceLevel' is not defined
2026-06-02 19:41:24.563 | ERROR    | main:_on_paper_order_book:691 - Traceback (most recent call last):
  File "C:\Users\A\Downloads\New-folder-orderflow-copy\orderflow-copy-DeepSeek\main.py", line 571, in _on_paper_order_book
    bids = [PriceLevel(price=float(p), size=float(s), timestamp=ts)
           ^^^^^^^^^^^^^^^^^^^^^^^^^^^^^^^^^^^^^^^^^^^^^^^^^^^^^^^^
  File "C:\Users\A\Downloads\New-folder-orderflow-copy\orderflow-copy-DeepSeek\main.py", line 571, in <listcomp>
    bids = [PriceLevel(price=float(p), size=float(s), timestamp=ts)
            ^^^^^^^^^^
NameError: name 'PriceLevel' is not defined

2026-06-02 19:41:24.751 | ERROR    | main:_on_paper_order_book:689 - Paper trading error: name 'PriceLevel' is not defined
2026-06-02 19:41:24.752 | ERROR    | main:_on_paper_order_book:691 - Traceback (most recent call last):
  File "C:\Users\A\Downloads\New-folder-orderflow-copy\orderflow-copy-DeepSeek\main.py", line 571, in _on_paper_order_book
    bids = [PriceLevel(price=float(p), size=float(s), timestamp=ts)
           ^^^^^^^^^^^^^^^^^^^^^^^^^^^^^^^^^^^^^^^^^^^^^^^^^^^^^^^^
  File "C:\Users\A\Downloads\New-folder-orderflow-copy\orderflow-copy-DeepSeek\main.py", line 571, in <listcomp>
    bids = [PriceLevel(price=float(p), size=float(s), timestamp=ts)
            ^^^^^^^^^^
NameError: name 'PriceLevel' is not defined

2026-06-02 19:41:24.794 | ERROR    | main:_on_paper_order_book:689 - Paper trading error: name 'PriceLevel' is not defined
2026-06-02 19:41:24.795 | ERROR    | main:_on_paper_order_book:691 - Traceback (most recent call last):
  File "C:\Users\A\Downloads\New-folder-orderflow-copy\orderflow-copy-DeepSeek\main.py", line 571, in _on_paper_order_book
    bids = [PriceLevel(price=float(p), size=float(s), timestamp=ts)
           ^^^^^^^^^^^^^^^^^^^^^^^^^^^^^^^^^^^^^^^^^^^^^^^^^^^^^^^^
  File "C:\Users\A\Downloads\New-folder-orderflow-copy\orderflow-copy-DeepSeek\main.py", line 571, in <listcomp>
    bids = [PriceLevel(price=float(p), size=float(s), timestamp=ts)
            ^^^^^^^^^^
NameError: name 'PriceLevel' is not defined

2026-06-02 19:41:24.895 | ERROR    | main:_on_paper_order_book:689 - Paper trading error: name 'PriceLevel' is not defined
2026-06-02 19:41:24.896 | ERROR    | main:_on_paper_order_book:691 - Traceback (most recent call last):
  File "C:\Users\A\Downloads\New-folder-orderflow-copy\orderflow-copy-DeepSeek\main.py", line 571, in _on_paper_order_book
    bids = [PriceLevel(price=float(p), size=float(s), timestamp=ts)
           ^^^^^^^^^^^^^^^^^^^^^^^^^^^^^^^^^^^^^^^^^^^^^^^^^^^^^^^^
  File "C:\Users\A\Downloads\New-folder-orderflow-copy\orderflow-copy-DeepSeek\main.py", line 571, in <listcomp>
    bids = [PriceLevel(price=float(p), size=float(s), timestamp=ts)
            ^^^^^^^^^^
NameError: name 'PriceLevel' is not defined

2026-06-02 19:41:24.991 | ERROR    | main:_on_paper_order_book:689 - Paper trading error: name 'PriceLevel' is not defined
2026-06-02 19:41:24.992 | ERROR    | main:_on_paper_order_book:691 - Traceback (most recent call last):
  File "C:\Users\A\Downloads\New-folder-orderflow-copy\orderflow-copy-DeepSeek\main.py", line 571, in _on_paper_order_book
    bids = [PriceLevel(price=float(p), size=float(s), timestamp=ts)
           ^^^^^^^^^^^^^^^^^^^^^^^^^^^^^^^^^^^^^^^^^^^^^^^^^^^^^^^^
  File "C:\Users\A\Downloads\New-folder-orderflow-copy\orderflow-copy-DeepSeek\main.py", line 571, in <listcomp>
    bids = [PriceLevel(price=float(p), size=float(s), timestamp=ts)
            ^^^^^^^^^^
NameError: name 'PriceLevel' is not defined

2026-06-02 19:41:25.387 | ERROR    | main:_on_paper_order_book:689 - Paper trading error: name 'PriceLevel' is not defined
2026-06-02 19:41:25.388 | ERROR    | main:_on_paper_order_book:691 - Traceback (most recent call last):
  File "C:\Users\A\Downloads\New-folder-orderflow-copy\orderflow-copy-DeepSeek\main.py", line 571, in _on_paper_order_book
    bids = [PriceLevel(price=float(p), size=float(s), timestamp=ts)
           ^^^^^^^^^^^^^^^^^^^^^^^^^^^^^^^^^^^^^^^^^^^^^^^^^^^^^^^^
  File "C:\Users\A\Downloads\New-folder-orderflow-copy\orderflow-copy-DeepSeek\main.py", line 571, in <listcomp>
    bids = [PriceLevel(price=float(p), size=float(s), timestamp=ts)
            ^^^^^^^^^^
NameError: name 'PriceLevel' is not defined

2026-06-02 19:41:25.489 | ERROR    | main:_on_paper_order_book:689 - Paper trading error: name 'PriceLevel' is not defined
2026-06-02 19:41:25.491 | ERROR    | main:_on_paper_order_book:691 - Traceback (most recent call last):
  File "C:\Users\A\Downloads\New-folder-orderflow-copy\orderflow-copy-DeepSeek\main.py", line 571, in _on_paper_order_book
    bids = [PriceLevel(price=float(p), size=float(s), timestamp=ts)
           ^^^^^^^^^^^^^^^^^^^^^^^^^^^^^^^^^^^^^^^^^^^^^^^^^^^^^^^^
  File "C:\Users\A\Downloads\New-folder-orderflow-copy\orderflow-copy-DeepSeek\main.py", line 571, in <listcomp>
    bids = [PriceLevel(price=float(p), size=float(s), timestamp=ts)
            ^^^^^^^^^^
NameError: name 'PriceLevel' is not defined

2026-06-02 19:41:25.790 | ERROR    | main:_on_paper_order_book:689 - Paper trading error: name 'PriceLevel' is not defined
2026-06-02 19:41:25.792 | ERROR    | main:_on_paper_order_book:691 - Traceback (most recent call last):
  File "C:\Users\A\Downloads\New-folder-orderflow-copy\orderflow-copy-DeepSeek\main.py", line 571, in _on_paper_order_book
    bids = [PriceLevel(price=float(p), size=float(s), timestamp=ts)
           ^^^^^^^^^^^^^^^^^^^^^^^^^^^^^^^^^^^^^^^^^^^^^^^^^^^^^^^^
  File "C:\Users\A\Downloads\New-folder-orderflow-copy\orderflow-copy-DeepSeek\main.py", line 571, in <listcomp>
    bids = [PriceLevel(price=float(p), size=float(s), timestamp=ts)
            ^^^^^^^^^^
NameError: name 'PriceLevel' is not defined

2026-06-02 19:41:25.940 | ERROR    | main:_on_paper_order_book:689 - Paper trading error: name 'PriceLevel' is not defined
2026-06-02 19:41:25.941 | ERROR    | main:_on_paper_order_book:691 - Traceback (most recent call last):
  File "C:\Users\A\Downloads\New-folder-orderflow-copy\orderflow-copy-DeepSeek\main.py", line 571, in _on_paper_order_book
    bids = [PriceLevel(price=float(p), size=float(s), timestamp=ts)
           ^^^^^^^^^^^^^^^^^^^^^^^^^^^^^^^^^^^^^^^^^^^^^^^^^^^^^^^^
  File "C:\Users\A\Downloads\New-folder-orderflow-copy\orderflow-copy-DeepSeek\main.py", line 571, in <listcomp>
    bids = [PriceLevel(price=float(p), size=float(s), timestamp=ts)
            ^^^^^^^^^^
NameError: name 'PriceLevel' is not defined

2026-06-02 19:41:25.985 | ERROR    | main:_on_paper_order_book:689 - Paper trading error: name 'PriceLevel' is not defined
2026-06-02 19:41:25.987 | ERROR    | main:_on_paper_order_book:691 - Traceback (most recent call last):
  File "C:\Users\A\Downloads\New-folder-orderflow-copy\orderflow-copy-DeepSeek\main.py", line 571, in _on_paper_order_book
    bids = [PriceLevel(price=float(p), size=float(s), timestamp=ts)
           ^^^^^^^^^^^^^^^^^^^^^^^^^^^^^^^^^^^^^^^^^^^^^^^^^^^^^^^^
  File "C:\Users\A\Downloads\New-folder-orderflow-copy\orderflow-copy-DeepSeek\main.py", line 571, in <listcomp>
    bids = [PriceLevel(price=float(p), size=float(s), timestamp=ts)
            ^^^^^^^^^^
NameError: name 'PriceLevel' is not defined

2026-06-02 19:41:26.100 | ERROR    | main:_on_paper_order_book:689 - Paper trading error: name 'PriceLevel' is not defined
2026-06-02 19:41:26.101 | ERROR    | main:_on_paper_order_book:691 - Traceback (most recent call last):
  File "C:\Users\A\Downloads\New-folder-orderflow-copy\orderflow-copy-DeepSeek\main.py", line 571, in _on_paper_order_book
    bids = [PriceLevel(price=float(p), size=float(s), timestamp=ts)
           ^^^^^^^^^^^^^^^^^^^^^^^^^^^^^^^^^^^^^^^^^^^^^^^^^^^^^^^^
  File "C:\Users\A\Downloads\New-folder-orderflow-copy\orderflow-copy-DeepSeek\main.py", line 571, in <listcomp>
    bids = [PriceLevel(price=float(p), size=float(s), timestamp=ts)
            ^^^^^^^^^^
NameError: name 'PriceLevel' is not defined

2026-06-02 19:41:26.185 | ERROR    | main:_on_paper_order_book:689 - Paper trading error: name 'PriceLevel' is not defined
2026-06-02 19:41:26.186 | ERROR    | main:_on_paper_order_book:691 - Traceback (most recent call last):
  File "C:\Users\A\Downloads\New-folder-orderflow-copy\orderflow-copy-DeepSeek\main.py", line 571, in _on_paper_order_book
    bids = [PriceLevel(price=float(p), size=float(s), timestamp=ts)
           ^^^^^^^^^^^^^^^^^^^^^^^^^^^^^^^^^^^^^^^^^^^^^^^^^^^^^^^^
  File "C:\Users\A\Downloads\New-folder-orderflow-copy\orderflow-copy-DeepSeek\main.py", line 571, in <listcomp>
    bids = [PriceLevel(price=float(p), size=float(s), timestamp=ts)
            ^^^^^^^^^^
NameError: name 'PriceLevel' is not defined

2026-06-02 19:41:26.286 | ERROR    | main:_on_paper_order_book:689 - Paper trading error: name 'PriceLevel' is not defined
2026-06-02 19:41:26.288 | ERROR    | main:_on_paper_order_book:691 - Traceback (most recent call last):
  File "C:\Users\A\Downloads\New-folder-orderflow-copy\orderflow-copy-DeepSeek\main.py", line 571, in _on_paper_order_book
    bids = [PriceLevel(price=float(p), size=float(s), timestamp=ts)
           ^^^^^^^^^^^^^^^^^^^^^^^^^^^^^^^^^^^^^^^^^^^^^^^^^^^^^^^^
  File "C:\Users\A\Downloads\New-folder-orderflow-copy\orderflow-copy-DeepSeek\main.py", line 571, in <listcomp>
    bids = [PriceLevel(price=float(p), size=float(s), timestamp=ts)
            ^^^^^^^^^^
NameError: name 'PriceLevel' is not defined

2026-06-02 19:41:26.515 | ERROR    | main:_on_paper_order_book:689 - Paper trading error: name 'PriceLevel' is not defined
2026-06-02 19:41:26.517 | ERROR    | main:_on_paper_order_book:691 - Traceback (most recent call last):
  File "C:\Users\A\Downloads\New-folder-orderflow-copy\orderflow-copy-DeepSeek\main.py", line 571, in _on_paper_order_book
    bids = [PriceLevel(price=float(p), size=float(s), timestamp=ts)
           ^^^^^^^^^^^^^^^^^^^^^^^^^^^^^^^^^^^^^^^^^^^^^^^^^^^^^^^^
  File "C:\Users\A\Downloads\New-folder-orderflow-copy\orderflow-copy-DeepSeek\main.py", line 571, in <listcomp>
    bids = [PriceLevel(price=float(p), size=float(s), timestamp=ts)
            ^^^^^^^^^^
NameError: name 'PriceLevel' is not defined

2026-06-02 19:41:26.586 | ERROR    | main:_on_paper_order_book:689 - Paper trading error: name 'PriceLevel' is not defined
2026-06-02 19:41:26.587 | ERROR    | main:_on_paper_order_book:691 - Traceback (most recent call last):
  File "C:\Users\A\Downloads\New-folder-orderflow-copy\orderflow-copy-DeepSeek\main.py", line 571, in _on_paper_order_book
    bids = [PriceLevel(price=float(p), size=float(s), timestamp=ts)
           ^^^^^^^^^^^^^^^^^^^^^^^^^^^^^^^^^^^^^^^^^^^^^^^^^^^^^^^^
  File "C:\Users\A\Downloads\New-folder-orderflow-copy\orderflow-copy-DeepSeek\main.py", line 571, in <listcomp>
    bids = [PriceLevel(price=float(p), size=float(s), timestamp=ts)
            ^^^^^^^^^^
NameError: name 'PriceLevel' is not defined

2026-06-02 19:41:26.686 | ERROR    | main:_on_paper_order_book:689 - Paper trading error: name 'PriceLevel' is not defined
2026-06-02 19:41:26.688 | ERROR    | main:_on_paper_order_book:691 - Traceback (most recent call last):
  File "C:\Users\A\Downloads\New-folder-orderflow-copy\orderflow-copy-DeepSeek\main.py", line 571, in _on_paper_order_book
    bids = [PriceLevel(price=float(p), size=float(s), timestamp=ts)
           ^^^^^^^^^^^^^^^^^^^^^^^^^^^^^^^^^^^^^^^^^^^^^^^^^^^^^^^^
  File "C:\Users\A\Downloads\New-folder-orderflow-copy\orderflow-copy-DeepSeek\main.py", line 571, in <listcomp>
    bids = [PriceLevel(price=float(p), size=float(s), timestamp=ts)
            ^^^^^^^^^^
NameError: name 'PriceLevel' is not defined

2026-06-02 19:41:26.784 | ERROR    | main:_on_paper_order_book:689 - Paper trading error: name 'PriceLevel' is not defined
2026-06-02 19:41:26.785 | ERROR    | main:_on_paper_order_book:691 - Traceback (most recent call last):
  File "C:\Users\A\Downloads\New-folder-orderflow-copy\orderflow-copy-DeepSeek\main.py", line 571, in _on_paper_order_book
    bids = [PriceLevel(price=float(p), size=float(s), timestamp=ts)
           ^^^^^^^^^^^^^^^^^^^^^^^^^^^^^^^^^^^^^^^^^^^^^^^^^^^^^^^^
  File "C:\Users\A\Downloads\New-folder-orderflow-copy\orderflow-copy-DeepSeek\main.py", line 571, in <listcomp>
    bids = [PriceLevel(price=float(p), size=float(s), timestamp=ts)
            ^^^^^^^^^^
NameError: name 'PriceLevel' is not defined

2026-06-02 19:41:26.987 | ERROR    | main:_on_paper_order_book:689 - Paper trading error: name 'PriceLevel' is not defined
2026-06-02 19:41:26.988 | ERROR    | main:_on_paper_order_book:691 - Traceback (most recent call last):
  File "C:\Users\A\Downloads\New-folder-orderflow-copy\orderflow-copy-DeepSeek\main.py", line 571, in _on_paper_order_book
    bids = [PriceLevel(price=float(p), size=float(s), timestamp=ts)
           ^^^^^^^^^^^^^^^^^^^^^^^^^^^^^^^^^^^^^^^^^^^^^^^^^^^^^^^^
  File "C:\Users\A\Downloads\New-folder-orderflow-copy\orderflow-copy-DeepSeek\main.py", line 571, in <listcomp>
    bids = [PriceLevel(price=float(p), size=float(s), timestamp=ts)
            ^^^^^^^^^^
NameError: name 'PriceLevel' is not defined

2026-06-02 19:41:27.123 | ERROR    | main:_on_paper_order_book:689 - Paper trading error: name 'PriceLevel' is not defined
2026-06-02 19:41:27.125 | ERROR    | main:_on_paper_order_book:691 - Traceback (most recent call last):
  File "C:\Users\A\Downloads\New-folder-orderflow-copy\orderflow-copy-DeepSeek\main.py", line 571, in _on_paper_order_book
    bids = [PriceLevel(price=float(p), size=float(s), timestamp=ts)
           ^^^^^^^^^^^^^^^^^^^^^^^^^^^^^^^^^^^^^^^^^^^^^^^^^^^^^^^^
  File "C:\Users\A\Downloads\New-folder-orderflow-copy\orderflow-copy-DeepSeek\main.py", line 571, in <listcomp>
    bids = [PriceLevel(price=float(p), size=float(s), timestamp=ts)
            ^^^^^^^^^^
NameError: name 'PriceLevel' is not defined

2026-06-02 19:41:27.187 | ERROR    | main:_on_paper_order_book:689 - Paper trading error: name 'PriceLevel' is not defined
2026-06-02 19:41:27.189 | ERROR    | main:_on_paper_order_book:691 - Traceback (most recent call last):
  File "C:\Users\A\Downloads\New-folder-orderflow-copy\orderflow-copy-DeepSeek\main.py", line 571, in _on_paper_order_book
    bids = [PriceLevel(price=float(p), size=float(s), timestamp=ts)
           ^^^^^^^^^^^^^^^^^^^^^^^^^^^^^^^^^^^^^^^^^^^^^^^^^^^^^^^^
  File "C:\Users\A\Downloads\New-folder-orderflow-copy\orderflow-copy-DeepSeek\main.py", line 571, in <listcomp>
    bids = [PriceLevel(price=float(p), size=float(s), timestamp=ts)
            ^^^^^^^^^^
NameError: name 'PriceLevel' is not defined

2026-06-02 19:41:27.287 | ERROR    | main:_on_paper_order_book:689 - Paper trading error: name 'PriceLevel' is not defined
2026-06-02 19:41:27.289 | ERROR    | main:_on_paper_order_book:691 - Traceback (most recent call last):
  File "C:\Users\A\Downloads\New-folder-orderflow-copy\orderflow-copy-DeepSeek\main.py", line 571, in _on_paper_order_book
    bids = [PriceLevel(price=float(p), size=float(s), timestamp=ts)
           ^^^^^^^^^^^^^^^^^^^^^^^^^^^^^^^^^^^^^^^^^^^^^^^^^^^^^^^^
  File "C:\Users\A\Downloads\New-folder-orderflow-copy\orderflow-copy-DeepSeek\main.py", line 571, in <listcomp>
    bids = [PriceLevel(price=float(p), size=float(s), timestamp=ts)
            ^^^^^^^^^^
NameError: name 'PriceLevel' is not defined

2026-06-02 19:41:27.387 | ERROR    | main:_on_paper_order_book:689 - Paper trading error: name 'PriceLevel' is not defined
2026-06-02 19:41:27.389 | ERROR    | main:_on_paper_order_book:691 - Traceback (most recent call last):
  File "C:\Users\A\Downloads\New-folder-orderflow-copy\orderflow-copy-DeepSeek\main.py", line 571, in _on_paper_order_book
    bids = [PriceLevel(price=float(p), size=float(s), timestamp=ts)
           ^^^^^^^^^^^^^^^^^^^^^^^^^^^^^^^^^^^^^^^^^^^^^^^^^^^^^^^^
  File "C:\Users\A\Downloads\New-folder-orderflow-copy\orderflow-copy-DeepSeek\main.py", line 571, in <listcomp>
    bids = [PriceLevel(price=float(p), size=float(s), timestamp=ts)
            ^^^^^^^^^^
NameError: name 'PriceLevel' is not defined

2026-06-02 19:41:27.487 | ERROR    | main:_on_paper_order_book:689 - Paper trading error: name 'PriceLevel' is not defined
2026-06-02 19:41:27.490 | ERROR    | main:_on_paper_order_book:691 - Traceback (most recent call last):
  File "C:\Users\A\Downloads\New-folder-orderflow-copy\orderflow-copy-DeepSeek\main.py", line 571, in _on_paper_order_book
    bids = [PriceLevel(price=float(p), size=float(s), timestamp=ts)
           ^^^^^^^^^^^^^^^^^^^^^^^^^^^^^^^^^^^^^^^^^^^^^^^^^^^^^^^^
  File "C:\Users\A\Downloads\New-folder-orderflow-copy\orderflow-copy-DeepSeek\main.py", line 571, in <listcomp>
    bids = [PriceLevel(price=float(p), size=float(s), timestamp=ts)
            ^^^^^^^^^^
NameError: name 'PriceLevel' is not defined

2026-06-02 19:41:27.587 | ERROR    | main:_on_paper_order_book:689 - Paper trading error: name 'PriceLevel' is not defined
2026-06-02 19:41:27.589 | ERROR    | main:_on_paper_order_book:691 - Traceback (most recent call last):
  File "C:\Users\A\Downloads\New-folder-orderflow-copy\orderflow-copy-DeepSeek\main.py", line 571, in _on_paper_order_book
    bids = [PriceLevel(price=float(p), size=float(s), timestamp=ts)
           ^^^^^^^^^^^^^^^^^^^^^^^^^^^^^^^^^^^^^^^^^^^^^^^^^^^^^^^^
  File "C:\Users\A\Downloads\New-folder-orderflow-copy\orderflow-copy-DeepSeek\main.py", line 571, in <listcomp>
    bids = [PriceLevel(price=float(p), size=float(s), timestamp=ts)
            ^^^^^^^^^^
NameError: name 'PriceLevel' is not defined

2026-06-02 19:41:27.785 | ERROR    | main:_on_paper_order_book:689 - Paper trading error: name 'PriceLevel' is not defined
2026-06-02 19:41:27.786 | ERROR    | main:_on_paper_order_book:691 - Traceback (most recent call last):
  File "C:\Users\A\Downloads\New-folder-orderflow-copy\orderflow-copy-DeepSeek\main.py", line 571, in _on_paper_order_book
    bids = [PriceLevel(price=float(p), size=float(s), timestamp=ts)
           ^^^^^^^^^^^^^^^^^^^^^^^^^^^^^^^^^^^^^^^^^^^^^^^^^^^^^^^^
  File "C:\Users\A\Downloads\New-folder-orderflow-copy\orderflow-copy-DeepSeek\main.py", line 571, in <listcomp>
    bids = [PriceLevel(price=float(p), size=float(s), timestamp=ts)
            ^^^^^^^^^^
NameError: name 'PriceLevel' is not defined

2026-06-02 19:41:27.885 | ERROR    | main:_on_paper_order_book:689 - Paper trading error: name 'PriceLevel' is not defined
2026-06-02 19:41:27.886 | ERROR    | main:_on_paper_order_book:691 - Traceback (most recent call last):
  File "C:\Users\A\Downloads\New-folder-orderflow-copy\orderflow-copy-DeepSeek\main.py", line 571, in _on_paper_order_book
    bids = [PriceLevel(price=float(p), size=float(s), timestamp=ts)
           ^^^^^^^^^^^^^^^^^^^^^^^^^^^^^^^^^^^^^^^^^^^^^^^^^^^^^^^^
  File "C:\Users\A\Downloads\New-folder-orderflow-copy\orderflow-copy-DeepSeek\main.py", line 571, in <listcomp>
    bids = [PriceLevel(price=float(p), size=float(s), timestamp=ts)
            ^^^^^^^^^^
NameError: name 'PriceLevel' is not defined

2026-06-02 19:41:27.985 | ERROR    | main:_on_paper_order_book:689 - Paper trading error: name 'PriceLevel' is not defined
2026-06-02 19:41:27.986 | ERROR    | main:_on_paper_order_book:691 - Traceback (most recent call last):
  File "C:\Users\A\Downloads\New-folder-orderflow-copy\orderflow-copy-DeepSeek\main.py", line 571, in _on_paper_order_book
    bids = [PriceLevel(price=float(p), size=float(s), timestamp=ts)
           ^^^^^^^^^^^^^^^^^^^^^^^^^^^^^^^^^^^^^^^^^^^^^^^^^^^^^^^^
  File "C:\Users\A\Downloads\New-folder-orderflow-copy\orderflow-copy-DeepSeek\main.py", line 571, in <listcomp>
    bids = [PriceLevel(price=float(p), size=float(s), timestamp=ts)
            ^^^^^^^^^^
NameError: name 'PriceLevel' is not defined

2026-06-02 19:41:28.084 | ERROR    | main:_on_paper_order_book:689 - Paper trading error: name 'PriceLevel' is not defined
2026-06-02 19:41:28.087 | ERROR    | main:_on_paper_order_book:691 - Traceback (most recent call last):
  File "C:\Users\A\Downloads\New-folder-orderflow-copy\orderflow-copy-DeepSeek\main.py", line 571, in _on_paper_order_book
    bids = [PriceLevel(price=float(p), size=float(s), timestamp=ts)
           ^^^^^^^^^^^^^^^^^^^^^^^^^^^^^^^^^^^^^^^^^^^^^^^^^^^^^^^^
  File "C:\Users\A\Downloads\New-folder-orderflow-copy\orderflow-copy-DeepSeek\main.py", line 571, in <listcomp>
    bids = [PriceLevel(price=float(p), size=float(s), timestamp=ts)
            ^^^^^^^^^^
NameError: name 'PriceLevel' is not defined

2026-06-02 19:41:28.185 | ERROR    | main:_on_paper_order_book:689 - Paper trading error: name 'PriceLevel' is not defined
2026-06-02 19:41:28.188 | ERROR    | main:_on_paper_order_book:691 - Traceback (most recent call last):
  File "C:\Users\A\Downloads\New-folder-orderflow-copy\orderflow-copy-DeepSeek\main.py", line 571, in _on_paper_order_book
    bids = [PriceLevel(price=float(p), size=float(s), timestamp=ts)
           ^^^^^^^^^^^^^^^^^^^^^^^^^^^^^^^^^^^^^^^^^^^^^^^^^^^^^^^^
  File "C:\Users\A\Downloads\New-folder-orderflow-copy\orderflow-copy-DeepSeek\main.py", line 571, in <listcomp>
    bids = [PriceLevel(price=float(p), size=float(s), timestamp=ts)
            ^^^^^^^^^^
NameError: name 'PriceLevel' is not defined

2026-06-02 19:41:28.387 | ERROR    | main:_on_paper_order_book:689 - Paper trading error: name 'PriceLevel' is not defined
2026-06-02 19:41:28.389 | ERROR    | main:_on_paper_order_book:691 - Traceback (most recent call last):
  File "C:\Users\A\Downloads\New-folder-orderflow-copy\orderflow-copy-DeepSeek\main.py", line 571, in _on_paper_order_book
    bids = [PriceLevel(price=float(p), size=float(s), timestamp=ts)
           ^^^^^^^^^^^^^^^^^^^^^^^^^^^^^^^^^^^^^^^^^^^^^^^^^^^^^^^^
  File "C:\Users\A\Downloads\New-folder-orderflow-copy\orderflow-copy-DeepSeek\main.py", line 571, in <listcomp>
    bids = [PriceLevel(price=float(p), size=float(s), timestamp=ts)
            ^^^^^^^^^^
NameError: name 'PriceLevel' is not defined

2026-06-02 19:41:28.487 | ERROR    | main:_on_paper_order_book:689 - Paper trading error: name 'PriceLevel' is not defined
2026-06-02 19:41:28.489 | ERROR    | main:_on_paper_order_book:691 - Traceback (most recent call last):
  File "C:\Users\A\Downloads\New-folder-orderflow-copy\orderflow-copy-DeepSeek\main.py", line 571, in _on_paper_order_book
    bids = [PriceLevel(price=float(p), size=float(s), timestamp=ts)
           ^^^^^^^^^^^^^^^^^^^^^^^^^^^^^^^^^^^^^^^^^^^^^^^^^^^^^^^^
  File "C:\Users\A\Downloads\New-folder-orderflow-copy\orderflow-copy-DeepSeek\main.py", line 571, in <listcomp>
    bids = [PriceLevel(price=float(p), size=float(s), timestamp=ts)
            ^^^^^^^^^^
NameError: name 'PriceLevel' is not defined

2026-06-02 19:41:28.588 | ERROR    | main:_on_paper_order_book:689 - Paper trading error: name 'PriceLevel' is not defined
2026-06-02 19:41:28.591 | ERROR    | main:_on_paper_order_book:691 - Traceback (most recent call last):
  File "C:\Users\A\Downloads\New-folder-orderflow-copy\orderflow-copy-DeepSeek\main.py", line 571, in _on_paper_order_book
    bids = [PriceLevel(price=float(p), size=float(s), timestamp=ts)
           ^^^^^^^^^^^^^^^^^^^^^^^^^^^^^^^^^^^^^^^^^^^^^^^^^^^^^^^^
  File "C:\Users\A\Downloads\New-folder-orderflow-copy\orderflow-copy-DeepSeek\main.py", line 571, in <listcomp>
    bids = [PriceLevel(price=float(p), size=float(s), timestamp=ts)
            ^^^^^^^^^^
NameError: name 'PriceLevel' is not defined

2026-06-02 19:41:28.688 | ERROR    | main:_on_paper_order_book:689 - Paper trading error: name 'PriceLevel' is not defined
2026-06-02 19:41:28.690 | ERROR    | main:_on_paper_order_book:691 - Traceback (most recent call last):
  File "C:\Users\A\Downloads\New-folder-orderflow-copy\orderflow-copy-DeepSeek\main.py", line 571, in _on_paper_order_book
    bids = [PriceLevel(price=float(p), size=float(s), timestamp=ts)
           ^^^^^^^^^^^^^^^^^^^^^^^^^^^^^^^^^^^^^^^^^^^^^^^^^^^^^^^^
  File "C:\Users\A\Downloads\New-folder-orderflow-copy\orderflow-copy-DeepSeek\main.py", line 571, in <listcomp>
    bids = [PriceLevel(price=float(p), size=float(s), timestamp=ts)
            ^^^^^^^^^^
NameError: name 'PriceLevel' is not defined

2026-06-02 19:41:28.785 | ERROR    | main:_on_paper_order_book:689 - Paper trading error: name 'PriceLevel' is not defined
2026-06-02 19:41:28.786 | ERROR    | main:_on_paper_order_book:691 - Traceback (most recent call last):
  File "C:\Users\A\Downloads\New-folder-orderflow-copy\orderflow-copy-DeepSeek\main.py", line 571, in _on_paper_order_book
    bids = [PriceLevel(price=float(p), size=float(s), timestamp=ts)
           ^^^^^^^^^^^^^^^^^^^^^^^^^^^^^^^^^^^^^^^^^^^^^^^^^^^^^^^^
  File "C:\Users\A\Downloads\New-folder-orderflow-copy\orderflow-copy-DeepSeek\main.py", line 571, in <listcomp>
    bids = [PriceLevel(price=float(p), size=float(s), timestamp=ts)
            ^^^^^^^^^^
NameError: name 'PriceLevel' is not defined

2026-06-02 19:41:28.884 | ERROR    | main:_on_paper_order_book:689 - Paper trading error: name 'PriceLevel' is not defined
2026-06-02 19:41:28.885 | ERROR    | main:_on_paper_order_book:691 - Traceback (most recent call last):
  File "C:\Users\A\Downloads\New-folder-orderflow-copy\orderflow-copy-DeepSeek\main.py", line 571, in _on_paper_order_book
    bids = [PriceLevel(price=float(p), size=float(s), timestamp=ts)
           ^^^^^^^^^^^^^^^^^^^^^^^^^^^^^^^^^^^^^^^^^^^^^^^^^^^^^^^^
  File "C:\Users\A\Downloads\New-folder-orderflow-copy\orderflow-copy-DeepSeek\main.py", line 571, in <listcomp>
    bids = [PriceLevel(price=float(p), size=float(s), timestamp=ts)
            ^^^^^^^^^^
NameError: name 'PriceLevel' is not defined

2026-06-02 19:41:29.083 | ERROR    | main:_on_paper_order_book:689 - Paper trading error: name 'PriceLevel' is not defined
2026-06-02 19:41:29.084 | ERROR    | main:_on_paper_order_book:691 - Traceback (most recent call last):
  File "C:\Users\A\Downloads\New-folder-orderflow-copy\orderflow-copy-DeepSeek\main.py", line 571, in _on_paper_order_book
    bids = [PriceLevel(price=float(p), size=float(s), timestamp=ts)
           ^^^^^^^^^^^^^^^^^^^^^^^^^^^^^^^^^^^^^^^^^^^^^^^^^^^^^^^^
  File "C:\Users\A\Downloads\New-folder-orderflow-copy\orderflow-copy-DeepSeek\main.py", line 571, in <listcomp>
    bids = [PriceLevel(price=float(p), size=float(s), timestamp=ts)
            ^^^^^^^^^^
NameError: name 'PriceLevel' is not defined

2026-06-02 19:41:29.187 | ERROR    | main:_on_paper_order_book:689 - Paper trading error: name 'PriceLevel' is not defined
2026-06-02 19:41:29.188 | ERROR    | main:_on_paper_order_book:691 - Traceback (most recent call last):
  File "C:\Users\A\Downloads\New-folder-orderflow-copy\orderflow-copy-DeepSeek\main.py", line 571, in _on_paper_order_book
    bids = [PriceLevel(price=float(p), size=float(s), timestamp=ts)
           ^^^^^^^^^^^^^^^^^^^^^^^^^^^^^^^^^^^^^^^^^^^^^^^^^^^^^^^^
  File "C:\Users\A\Downloads\New-folder-orderflow-copy\orderflow-copy-DeepSeek\main.py", line 571, in <listcomp>
    bids = [PriceLevel(price=float(p), size=float(s), timestamp=ts)
            ^^^^^^^^^^
NameError: name 'PriceLevel' is not defined

2026-06-02 19:41:29.292 | ERROR    | main:_on_paper_order_book:689 - Paper trading error: name 'PriceLevel' is not defined
2026-06-02 19:41:29.293 | ERROR    | main:_on_paper_order_book:691 - Traceback (most recent call last):
  File "C:\Users\A\Downloads\New-folder-orderflow-copy\orderflow-copy-DeepSeek\main.py", line 571, in _on_paper_order_book
    bids = [PriceLevel(price=float(p), size=float(s), timestamp=ts)
           ^^^^^^^^^^^^^^^^^^^^^^^^^^^^^^^^^^^^^^^^^^^^^^^^^^^^^^^^
  File "C:\Users\A\Downloads\New-folder-orderflow-copy\orderflow-copy-DeepSeek\main.py", line 571, in <listcomp>
    bids = [PriceLevel(price=float(p), size=float(s), timestamp=ts)
            ^^^^^^^^^^
NameError: name 'PriceLevel' is not defined

2026-06-02 19:41:29.384 | ERROR    | main:_on_paper_order_book:689 - Paper trading error: name 'PriceLevel' is not defined
2026-06-02 19:41:29.385 | ERROR    | main:_on_paper_order_book:691 - Traceback (most recent call last):
  File "C:\Users\A\Downloads\New-folder-orderflow-copy\orderflow-copy-DeepSeek\main.py", line 571, in _on_paper_order_book
    bids = [PriceLevel(price=float(p), size=float(s), timestamp=ts)
           ^^^^^^^^^^^^^^^^^^^^^^^^^^^^^^^^^^^^^^^^^^^^^^^^^^^^^^^^
  File "C:\Users\A\Downloads\New-folder-orderflow-copy\orderflow-copy-DeepSeek\main.py", line 571, in <listcomp>
    bids = [PriceLevel(price=float(p), size=float(s), timestamp=ts)
            ^^^^^^^^^^
NameError: name 'PriceLevel' is not defined

2026-06-02 19:41:29.485 | ERROR    | main:_on_paper_order_book:689 - Paper trading error: name 'PriceLevel' is not defined
2026-06-02 19:41:29.487 | ERROR    | main:_on_paper_order_book:691 - Traceback (most recent call last):
  File "C:\Users\A\Downloads\New-folder-orderflow-copy\orderflow-copy-DeepSeek\main.py", line 571, in _on_paper_order_book
    bids = [PriceLevel(price=float(p), size=float(s), timestamp=ts)
           ^^^^^^^^^^^^^^^^^^^^^^^^^^^^^^^^^^^^^^^^^^^^^^^^^^^^^^^^
  File "C:\Users\A\Downloads\New-folder-orderflow-copy\orderflow-copy-DeepSeek\main.py", line 571, in <listcomp>
    bids = [PriceLevel(price=float(p), size=float(s), timestamp=ts)
            ^^^^^^^^^^
NameError: name 'PriceLevel' is not defined

2026-06-02 19:41:29.787 | ERROR    | main:_on_paper_order_book:689 - Paper trading error: name 'PriceLevel' is not defined
2026-06-02 19:41:29.789 | ERROR    | main:_on_paper_order_book:691 - Traceback (most recent call last):
  File "C:\Users\A\Downloads\New-folder-orderflow-copy\orderflow-copy-DeepSeek\main.py", line 571, in _on_paper_order_book
    bids = [PriceLevel(price=float(p), size=float(s), timestamp=ts)
           ^^^^^^^^^^^^^^^^^^^^^^^^^^^^^^^^^^^^^^^^^^^^^^^^^^^^^^^^
  File "C:\Users\A\Downloads\New-folder-orderflow-copy\orderflow-copy-DeepSeek\main.py", line 571, in <listcomp>
    bids = [PriceLevel(price=float(p), size=float(s), timestamp=ts)
            ^^^^^^^^^^
NameError: name 'PriceLevel' is not defined

2026-06-02 19:41:30.083 | ERROR    | main:_on_paper_order_book:689 - Paper trading error: name 'PriceLevel' is not defined
2026-06-02 19:41:30.083 | ERROR    | main:_on_paper_order_book:691 - Traceback (most recent call last):
  File "C:\Users\A\Downloads\New-folder-orderflow-copy\orderflow-copy-DeepSeek\main.py", line 571, in _on_paper_order_book
    bids = [PriceLevel(price=float(p), size=float(s), timestamp=ts)
           ^^^^^^^^^^^^^^^^^^^^^^^^^^^^^^^^^^^^^^^^^^^^^^^^^^^^^^^^
  File "C:\Users\A\Downloads\New-folder-orderflow-copy\orderflow-copy-DeepSeek\main.py", line 571, in <listcomp>
    bids = [PriceLevel(price=float(p), size=float(s), timestamp=ts)
            ^^^^^^^^^^
NameError: name 'PriceLevel' is not defined

2026-06-02 19:41:30.307 | ERROR    | main:_on_paper_order_book:689 - Paper trading error: name 'PriceLevel' is not defined
2026-06-02 19:41:30.309 | ERROR    | main:_on_paper_order_book:691 - Traceback (most recent call last):
  File "C:\Users\A\Downloads\New-folder-orderflow-copy\orderflow-copy-DeepSeek\main.py", line 571, in _on_paper_order_book
    bids = [PriceLevel(price=float(p), size=float(s), timestamp=ts)
           ^^^^^^^^^^^^^^^^^^^^^^^^^^^^^^^^^^^^^^^^^^^^^^^^^^^^^^^^
  File "C:\Users\A\Downloads\New-folder-orderflow-copy\orderflow-copy-DeepSeek\main.py", line 571, in <listcomp>
    bids = [PriceLevel(price=float(p), size=float(s), timestamp=ts)
            ^^^^^^^^^^
NameError: name 'PriceLevel' is not defined

2026-06-02 19:41:30.385 | ERROR    | main:_on_paper_order_book:689 - Paper trading error: name 'PriceLevel' is not defined
2026-06-02 19:41:30.387 | ERROR    | main:_on_paper_order_book:691 - Traceback (most recent call last):
  File "C:\Users\A\Downloads\New-folder-orderflow-copy\orderflow-copy-DeepSeek\main.py", line 571, in _on_paper_order_book
    bids = [PriceLevel(price=float(p), size=float(s), timestamp=ts)
           ^^^^^^^^^^^^^^^^^^^^^^^^^^^^^^^^^^^^^^^^^^^^^^^^^^^^^^^^
  File "C:\Users\A\Downloads\New-folder-orderflow-copy\orderflow-copy-DeepSeek\main.py", line 571, in <listcomp>
    bids = [PriceLevel(price=float(p), size=float(s), timestamp=ts)
            ^^^^^^^^^^
NameError: name 'PriceLevel' is not defined

2026-06-02 19:41:30.485 | ERROR    | main:_on_paper_order_book:689 - Paper trading error: name 'PriceLevel' is not defined
2026-06-02 19:41:30.486 | ERROR    | main:_on_paper_order_book:691 - Traceback (most recent call last):
  File "C:\Users\A\Downloads\New-folder-orderflow-copy\orderflow-copy-DeepSeek\main.py", line 571, in _on_paper_order_book
    bids = [PriceLevel(price=float(p), size=float(s), timestamp=ts)
           ^^^^^^^^^^^^^^^^^^^^^^^^^^^^^^^^^^^^^^^^^^^^^^^^^^^^^^^^
  File "C:\Users\A\Downloads\New-folder-orderflow-copy\orderflow-copy-DeepSeek\main.py", line 571, in <listcomp>
    bids = [PriceLevel(price=float(p), size=float(s), timestamp=ts)
            ^^^^^^^^^^
NameError: name 'PriceLevel' is not defined

2026-06-02 19:41:30.585 | ERROR    | main:_on_paper_order_book:689 - Paper trading error: name 'PriceLevel' is not defined
2026-06-02 19:41:30.587 | ERROR    | main:_on_paper_order_book:691 - Traceback (most recent call last):
  File "C:\Users\A\Downloads\New-folder-orderflow-copy\orderflow-copy-DeepSeek\main.py", line 571, in _on_paper_order_book
    bids = [PriceLevel(price=float(p), size=float(s), timestamp=ts)
           ^^^^^^^^^^^^^^^^^^^^^^^^^^^^^^^^^^^^^^^^^^^^^^^^^^^^^^^^
  File "C:\Users\A\Downloads\New-folder-orderflow-copy\orderflow-copy-DeepSeek\main.py", line 571, in <listcomp>
    bids = [PriceLevel(price=float(p), size=float(s), timestamp=ts)
            ^^^^^^^^^^
NameError: name 'PriceLevel' is not defined

2026-06-02 19:41:30.685 | ERROR    | main:_on_paper_order_book:689 - Paper trading error: name 'PriceLevel' is not defined
2026-06-02 19:41:30.686 | ERROR    | main:_on_paper_order_book:691 - Traceback (most recent call last):
  File "C:\Users\A\Downloads\New-folder-orderflow-copy\orderflow-copy-DeepSeek\main.py", line 571, in _on_paper_order_book
    bids = [PriceLevel(price=float(p), size=float(s), timestamp=ts)
           ^^^^^^^^^^^^^^^^^^^^^^^^^^^^^^^^^^^^^^^^^^^^^^^^^^^^^^^^
  File "C:\Users\A\Downloads\New-folder-orderflow-copy\orderflow-copy-DeepSeek\main.py", line 571, in <listcomp>
    bids = [PriceLevel(price=float(p), size=float(s), timestamp=ts)
            ^^^^^^^^^^
NameError: name 'PriceLevel' is not defined

2026-06-02 19:41:30.785 | ERROR    | main:_on_paper_order_book:689 - Paper trading error: name 'PriceLevel' is not defined
2026-06-02 19:41:30.786 | ERROR    | main:_on_paper_order_book:691 - Traceback (most recent call last):
  File "C:\Users\A\Downloads\New-folder-orderflow-copy\orderflow-copy-DeepSeek\main.py", line 571, in _on_paper_order_book
    bids = [PriceLevel(price=float(p), size=float(s), timestamp=ts)
           ^^^^^^^^^^^^^^^^^^^^^^^^^^^^^^^^^^^^^^^^^^^^^^^^^^^^^^^^
  File "C:\Users\A\Downloads\New-folder-orderflow-copy\orderflow-copy-DeepSeek\main.py", line 571, in <listcomp>
    bids = [PriceLevel(price=float(p), size=float(s), timestamp=ts)
            ^^^^^^^^^^
NameError: name 'PriceLevel' is not defined

2026-06-02 19:41:30.884 | ERROR    | main:_on_paper_order_book:689 - Paper trading error: name 'PriceLevel' is not defined
2026-06-02 19:41:30.885 | ERROR    | main:_on_paper_order_book:691 - Traceback (most recent call last):
  File "C:\Users\A\Downloads\New-folder-orderflow-copy\orderflow-copy-DeepSeek\main.py", line 571, in _on_paper_order_book
    bids = [PriceLevel(price=float(p), size=float(s), timestamp=ts)
           ^^^^^^^^^^^^^^^^^^^^^^^^^^^^^^^^^^^^^^^^^^^^^^^^^^^^^^^^
  File "C:\Users\A\Downloads\New-folder-orderflow-copy\orderflow-copy-DeepSeek\main.py", line 571, in <listcomp>
    bids = [PriceLevel(price=float(p), size=float(s), timestamp=ts)
            ^^^^^^^^^^
NameError: name 'PriceLevel' is not defined

2026-06-02 19:41:30.985 | ERROR    | main:_on_paper_order_book:689 - Paper trading error: name 'PriceLevel' is not defined
2026-06-02 19:41:30.986 | ERROR    | main:_on_paper_order_book:691 - Traceback (most recent call last):
  File "C:\Users\A\Downloads\New-folder-orderflow-copy\orderflow-copy-DeepSeek\main.py", line 571, in _on_paper_order_book
    bids = [PriceLevel(price=float(p), size=float(s), timestamp=ts)
           ^^^^^^^^^^^^^^^^^^^^^^^^^^^^^^^^^^^^^^^^^^^^^^^^^^^^^^^^
  File "C:\Users\A\Downloads\New-folder-orderflow-copy\orderflow-copy-DeepSeek\main.py", line 571, in <listcomp>
    bids = [PriceLevel(price=float(p), size=float(s), timestamp=ts)
            ^^^^^^^^^^
NameError: name 'PriceLevel' is not defined

2026-06-02 19:41:31.140 | ERROR    | main:_on_paper_order_book:689 - Paper trading error: name 'PriceLevel' is not defined
2026-06-02 19:41:31.142 | ERROR    | main:_on_paper_order_book:691 - Traceback (most recent call last):
  File "C:\Users\A\Downloads\New-folder-orderflow-copy\orderflow-copy-DeepSeek\main.py", line 571, in _on_paper_order_book
    bids = [PriceLevel(price=float(p), size=float(s), timestamp=ts)
           ^^^^^^^^^^^^^^^^^^^^^^^^^^^^^^^^^^^^^^^^^^^^^^^^^^^^^^^^
  File "C:\Users\A\Downloads\New-folder-orderflow-copy\orderflow-copy-DeepSeek\main.py", line 571, in <listcomp>
    bids = [PriceLevel(price=float(p), size=float(s), timestamp=ts)
            ^^^^^^^^^^
NameError: name 'PriceLevel' is not defined

2026-06-02 19:41:31.186 | ERROR    | main:_on_paper_order_book:689 - Paper trading error: name 'PriceLevel' is not defined
2026-06-02 19:41:31.188 | ERROR    | main:_on_paper_order_book:691 - Traceback (most recent call last):
  File "C:\Users\A\Downloads\New-folder-orderflow-copy\orderflow-copy-DeepSeek\main.py", line 571, in _on_paper_order_book
    bids = [PriceLevel(price=float(p), size=float(s), timestamp=ts)
           ^^^^^^^^^^^^^^^^^^^^^^^^^^^^^^^^^^^^^^^^^^^^^^^^^^^^^^^^
  File "C:\Users\A\Downloads\New-folder-orderflow-copy\orderflow-copy-DeepSeek\main.py", line 571, in <listcomp>
    bids = [PriceLevel(price=float(p), size=float(s), timestamp=ts)
            ^^^^^^^^^^
NameError: name 'PriceLevel' is not defined

2026-06-02 19:41:31.387 | ERROR    | main:_on_paper_order_book:689 - Paper trading error: name 'PriceLevel' is not defined
2026-06-02 19:41:31.387 | ERROR    | main:_on_paper_order_book:691 - Traceback (most recent call last):
  File "C:\Users\A\Downloads\New-folder-orderflow-copy\orderflow-copy-DeepSeek\main.py", line 571, in _on_paper_order_book
    bids = [PriceLevel(price=float(p), size=float(s), timestamp=ts)
           ^^^^^^^^^^^^^^^^^^^^^^^^^^^^^^^^^^^^^^^^^^^^^^^^^^^^^^^^
  File "C:\Users\A\Downloads\New-folder-orderflow-copy\orderflow-copy-DeepSeek\main.py", line 571, in <listcomp>
    bids = [PriceLevel(price=float(p), size=float(s), timestamp=ts)
            ^^^^^^^^^^
NameError: name 'PriceLevel' is not defined

2026-06-02 19:41:31.532 | ERROR    | main:_on_paper_order_book:689 - Paper trading error: name 'PriceLevel' is not defined
2026-06-02 19:41:31.534 | ERROR    | main:_on_paper_order_book:691 - Traceback (most recent call last):
  File "C:\Users\A\Downloads\New-folder-orderflow-copy\orderflow-copy-DeepSeek\main.py", line 571, in _on_paper_order_book
    bids = [PriceLevel(price=float(p), size=float(s), timestamp=ts)
           ^^^^^^^^^^^^^^^^^^^^^^^^^^^^^^^^^^^^^^^^^^^^^^^^^^^^^^^^
  File "C:\Users\A\Downloads\New-folder-orderflow-copy\orderflow-copy-DeepSeek\main.py", line 571, in <listcomp>
    bids = [PriceLevel(price=float(p), size=float(s), timestamp=ts)
            ^^^^^^^^^^
NameError: name 'PriceLevel' is not defined

2026-06-02 19:41:31.584 | ERROR    | main:_on_paper_order_book:689 - Paper trading error: name 'PriceLevel' is not defined
2026-06-02 19:41:31.585 | ERROR    | main:_on_paper_order_book:691 - Traceback (most recent call last):
  File "C:\Users\A\Downloads\New-folder-orderflow-copy\orderflow-copy-DeepSeek\main.py", line 571, in _on_paper_order_book
    bids = [PriceLevel(price=float(p), size=float(s), timestamp=ts)
           ^^^^^^^^^^^^^^^^^^^^^^^^^^^^^^^^^^^^^^^^^^^^^^^^^^^^^^^^
  File "C:\Users\A\Downloads\New-folder-orderflow-copy\orderflow-copy-DeepSeek\main.py", line 571, in <listcomp>
    bids = [PriceLevel(price=float(p), size=float(s), timestamp=ts)
            ^^^^^^^^^^
NameError: name 'PriceLevel' is not defined

2026-06-02 19:41:31.684 | ERROR    | main:_on_paper_order_book:689 - Paper trading error: name 'PriceLevel' is not defined
2026-06-02 19:41:31.684 | ERROR    | main:_on_paper_order_book:691 - Traceback (most recent call last):
  File "C:\Users\A\Downloads\New-folder-orderflow-copy\orderflow-copy-DeepSeek\main.py", line 571, in _on_paper_order_book
    bids = [PriceLevel(price=float(p), size=float(s), timestamp=ts)
           ^^^^^^^^^^^^^^^^^^^^^^^^^^^^^^^^^^^^^^^^^^^^^^^^^^^^^^^^
  File "C:\Users\A\Downloads\New-folder-orderflow-copy\orderflow-copy-DeepSeek\main.py", line 571, in <listcomp>
    bids = [PriceLevel(price=float(p), size=float(s), timestamp=ts)
            ^^^^^^^^^^
NameError: name 'PriceLevel' is not defined

2026-06-02 19:41:31.785 | ERROR    | main:_on_paper_order_book:689 - Paper trading error: name 'PriceLevel' is not defined
2026-06-02 19:41:31.786 | ERROR    | main:_on_paper_order_book:691 - Traceback (most recent call last):
  File "C:\Users\A\Downloads\New-folder-orderflow-copy\orderflow-copy-DeepSeek\main.py", line 571, in _on_paper_order_book
    bids = [PriceLevel(price=float(p), size=float(s), timestamp=ts)
           ^^^^^^^^^^^^^^^^^^^^^^^^^^^^^^^^^^^^^^^^^^^^^^^^^^^^^^^^
  File "C:\Users\A\Downloads\New-folder-orderflow-copy\orderflow-copy-DeepSeek\main.py", line 571, in <listcomp>
    bids = [PriceLevel(price=float(p), size=float(s), timestamp=ts)
            ^^^^^^^^^^
NameError: name 'PriceLevel' is not defined

2026-06-02 19:41:31.884 | ERROR    | main:_on_paper_order_book:689 - Paper trading error: name 'PriceLevel' is not defined
2026-06-02 19:41:31.885 | ERROR    | main:_on_paper_order_book:691 - Traceback (most recent call last):
  File "C:\Users\A\Downloads\New-folder-orderflow-copy\orderflow-copy-DeepSeek\main.py", line 571, in _on_paper_order_book
    bids = [PriceLevel(price=float(p), size=float(s), timestamp=ts)
           ^^^^^^^^^^^^^^^^^^^^^^^^^^^^^^^^^^^^^^^^^^^^^^^^^^^^^^^^
  File "C:\Users\A\Downloads\New-folder-orderflow-copy\orderflow-copy-DeepSeek\main.py", line 571, in <listcomp>
    bids = [PriceLevel(price=float(p), size=float(s), timestamp=ts)
            ^^^^^^^^^^
NameError: name 'PriceLevel' is not defined

2026-06-02 19:41:31.983 | ERROR    | main:_on_paper_order_book:689 - Paper trading error: name 'PriceLevel' is not defined
2026-06-02 19:41:31.984 | ERROR    | main:_on_paper_order_book:691 - Traceback (most recent call last):
  File "C:\Users\A\Downloads\New-folder-orderflow-copy\orderflow-copy-DeepSeek\main.py", line 571, in _on_paper_order_book
    bids = [PriceLevel(price=float(p), size=float(s), timestamp=ts)
           ^^^^^^^^^^^^^^^^^^^^^^^^^^^^^^^^^^^^^^^^^^^^^^^^^^^^^^^^
  File "C:\Users\A\Downloads\New-folder-orderflow-copy\orderflow-copy-DeepSeek\main.py", line 571, in <listcomp>
    bids = [PriceLevel(price=float(p), size=float(s), timestamp=ts)
            ^^^^^^^^^^
NameError: name 'PriceLevel' is not defined

2026-06-02 19:41:32.102 | ERROR    | main:_on_paper_order_book:689 - Paper trading error: name 'PriceLevel' is not defined
2026-06-02 19:41:32.103 | ERROR    | main:_on_paper_order_book:691 - Traceback (most recent call last):
  File "C:\Users\A\Downloads\New-folder-orderflow-copy\orderflow-copy-DeepSeek\main.py", line 571, in _on_paper_order_book
    bids = [PriceLevel(price=float(p), size=float(s), timestamp=ts)
           ^^^^^^^^^^^^^^^^^^^^^^^^^^^^^^^^^^^^^^^^^^^^^^^^^^^^^^^^
  File "C:\Users\A\Downloads\New-folder-orderflow-copy\orderflow-copy-DeepSeek\main.py", line 571, in <listcomp>
    bids = [PriceLevel(price=float(p), size=float(s), timestamp=ts)
            ^^^^^^^^^^
NameError: name 'PriceLevel' is not defined

2026-06-02 19:41:32.185 | ERROR    | main:_on_paper_order_book:689 - Paper trading error: name 'PriceLevel' is not defined
2026-06-02 19:41:32.186 | ERROR    | main:_on_paper_order_book:691 - Traceback (most recent call last):
  File "C:\Users\A\Downloads\New-folder-orderflow-copy\orderflow-copy-DeepSeek\main.py", line 571, in _on_paper_order_book
    bids = [PriceLevel(price=float(p), size=float(s), timestamp=ts)
           ^^^^^^^^^^^^^^^^^^^^^^^^^^^^^^^^^^^^^^^^^^^^^^^^^^^^^^^^
  File "C:\Users\A\Downloads\New-folder-orderflow-copy\orderflow-copy-DeepSeek\main.py", line 571, in <listcomp>
    bids = [PriceLevel(price=float(p), size=float(s), timestamp=ts)
            ^^^^^^^^^^
NameError: name 'PriceLevel' is not defined

2026-06-02 19:41:32.284 | ERROR    | main:_on_paper_order_book:689 - Paper trading error: name 'PriceLevel' is not defined
2026-06-02 19:41:32.285 | ERROR    | main:_on_paper_order_book:691 - Traceback (most recent call last):
  File "C:\Users\A\Downloads\New-folder-orderflow-copy\orderflow-copy-DeepSeek\main.py", line 571, in _on_paper_order_book
    bids = [PriceLevel(price=float(p), size=float(s), timestamp=ts)
           ^^^^^^^^^^^^^^^^^^^^^^^^^^^^^^^^^^^^^^^^^^^^^^^^^^^^^^^^
  File "C:\Users\A\Downloads\New-folder-orderflow-copy\orderflow-copy-DeepSeek\main.py", line 571, in <listcomp>
    bids = [PriceLevel(price=float(p), size=float(s), timestamp=ts)
            ^^^^^^^^^^
NameError: name 'PriceLevel' is not defined

2026-06-02 19:41:32.384 | ERROR    | main:_on_paper_order_book:689 - Paper trading error: name 'PriceLevel' is not defined
2026-06-02 19:41:32.385 | ERROR    | main:_on_paper_order_book:691 - Traceback (most recent call last):
  File "C:\Users\A\Downloads\New-folder-orderflow-copy\orderflow-copy-DeepSeek\main.py", line 571, in _on_paper_order_book
    bids = [PriceLevel(price=float(p), size=float(s), timestamp=ts)
           ^^^^^^^^^^^^^^^^^^^^^^^^^^^^^^^^^^^^^^^^^^^^^^^^^^^^^^^^
  File "C:\Users\A\Downloads\New-folder-orderflow-copy\orderflow-copy-DeepSeek\main.py", line 571, in <listcomp>
    bids = [PriceLevel(price=float(p), size=float(s), timestamp=ts)
            ^^^^^^^^^^
NameError: name 'PriceLevel' is not defined

2026-06-02 19:41:32.508 | ERROR    | main:_on_paper_order_book:689 - Paper trading error: name 'PriceLevel' is not defined
2026-06-02 19:41:32.510 | ERROR    | main:_on_paper_order_book:691 - Traceback (most recent call last):
  File "C:\Users\A\Downloads\New-folder-orderflow-copy\orderflow-copy-DeepSeek\main.py", line 571, in _on_paper_order_book
    bids = [PriceLevel(price=float(p), size=float(s), timestamp=ts)
           ^^^^^^^^^^^^^^^^^^^^^^^^^^^^^^^^^^^^^^^^^^^^^^^^^^^^^^^^
  File "C:\Users\A\Downloads\New-folder-orderflow-copy\orderflow-copy-DeepSeek\main.py", line 571, in <listcomp>
    bids = [PriceLevel(price=float(p), size=float(s), timestamp=ts)
            ^^^^^^^^^^
NameError: name 'PriceLevel' is not defined

2026-06-02 19:41:32.586 | ERROR    | main:_on_paper_order_book:689 - Paper trading error: name 'PriceLevel' is not defined
2026-06-02 19:41:32.587 | ERROR    | main:_on_paper_order_book:691 - Traceback (most recent call last):
  File "C:\Users\A\Downloads\New-folder-orderflow-copy\orderflow-copy-DeepSeek\main.py", line 571, in _on_paper_order_book
    bids = [PriceLevel(price=float(p), size=float(s), timestamp=ts)
           ^^^^^^^^^^^^^^^^^^^^^^^^^^^^^^^^^^^^^^^^^^^^^^^^^^^^^^^^
  File "C:\Users\A\Downloads\New-folder-orderflow-copy\orderflow-copy-DeepSeek\main.py", line 571, in <listcomp>
    bids = [PriceLevel(price=float(p), size=float(s), timestamp=ts)
            ^^^^^^^^^^
NameError: name 'PriceLevel' is not defined

2026-06-02 19:41:32.686 | ERROR    | main:_on_paper_order_book:689 - Paper trading error: name 'PriceLevel' is not defined
2026-06-02 19:41:32.688 | ERROR    | main:_on_paper_order_book:691 - Traceback (most recent call last):
  File "C:\Users\A\Downloads\New-folder-orderflow-copy\orderflow-copy-DeepSeek\main.py", line 571, in _on_paper_order_book
    bids = [PriceLevel(price=float(p), size=float(s), timestamp=ts)
           ^^^^^^^^^^^^^^^^^^^^^^^^^^^^^^^^^^^^^^^^^^^^^^^^^^^^^^^^
  File "C:\Users\A\Downloads\New-folder-orderflow-copy\orderflow-copy-DeepSeek\main.py", line 571, in <listcomp>
    bids = [PriceLevel(price=float(p), size=float(s), timestamp=ts)
            ^^^^^^^^^^
NameError: name 'PriceLevel' is not defined

2026-06-02 19:41:32.785 | ERROR    | main:_on_paper_order_book:689 - Paper trading error: name 'PriceLevel' is not defined
2026-06-02 19:41:32.786 | ERROR    | main:_on_paper_order_book:691 - Traceback (most recent call last):
  File "C:\Users\A\Downloads\New-folder-orderflow-copy\orderflow-copy-DeepSeek\main.py", line 571, in _on_paper_order_book
    bids = [PriceLevel(price=float(p), size=float(s), timestamp=ts)
           ^^^^^^^^^^^^^^^^^^^^^^^^^^^^^^^^^^^^^^^^^^^^^^^^^^^^^^^^
  File "C:\Users\A\Downloads\New-folder-orderflow-copy\orderflow-copy-DeepSeek\main.py", line 571, in <listcomp>
    bids = [PriceLevel(price=float(p), size=float(s), timestamp=ts)
            ^^^^^^^^^^
NameError: name 'PriceLevel' is not defined

2026-06-02 19:41:32.884 | ERROR    | main:_on_paper_order_book:689 - Paper trading error: name 'PriceLevel' is not defined
2026-06-02 19:41:32.885 | ERROR    | main:_on_paper_order_book:691 - Traceback (most recent call last):
  File "C:\Users\A\Downloads\New-folder-orderflow-copy\orderflow-copy-DeepSeek\main.py", line 571, in _on_paper_order_book
    bids = [PriceLevel(price=float(p), size=float(s), timestamp=ts)
           ^^^^^^^^^^^^^^^^^^^^^^^^^^^^^^^^^^^^^^^^^^^^^^^^^^^^^^^^
  File "C:\Users\A\Downloads\New-folder-orderflow-copy\orderflow-copy-DeepSeek\main.py", line 571, in <listcomp>
    bids = [PriceLevel(price=float(p), size=float(s), timestamp=ts)
            ^^^^^^^^^^
NameError: name 'PriceLevel' is not defined

2026-06-02 19:41:33.086 | ERROR    | main:_on_paper_order_book:689 - Paper trading error: name 'PriceLevel' is not defined
2026-06-02 19:41:33.087 | ERROR    | main:_on_paper_order_book:691 - Traceback (most recent call last):
  File "C:\Users\A\Downloads\New-folder-orderflow-copy\orderflow-copy-DeepSeek\main.py", line 571, in _on_paper_order_book
    bids = [PriceLevel(price=float(p), size=float(s), timestamp=ts)
           ^^^^^^^^^^^^^^^^^^^^^^^^^^^^^^^^^^^^^^^^^^^^^^^^^^^^^^^^
  File "C:\Users\A\Downloads\New-folder-orderflow-copy\orderflow-copy-DeepSeek\main.py", line 571, in <listcomp>
    bids = [PriceLevel(price=float(p), size=float(s), timestamp=ts)
            ^^^^^^^^^^
NameError: name 'PriceLevel' is not defined

2026-06-02 19:41:33.289 | ERROR    | main:_on_paper_order_book:689 - Paper trading error: name 'PriceLevel' is not defined
2026-06-02 19:41:33.290 | ERROR    | main:_on_paper_order_book:691 - Traceback (most recent call last):
  File "C:\Users\A\Downloads\New-folder-orderflow-copy\orderflow-copy-DeepSeek\main.py", line 571, in _on_paper_order_book
    bids = [PriceLevel(price=float(p), size=float(s), timestamp=ts)
           ^^^^^^^^^^^^^^^^^^^^^^^^^^^^^^^^^^^^^^^^^^^^^^^^^^^^^^^^
  File "C:\Users\A\Downloads\New-folder-orderflow-copy\orderflow-copy-DeepSeek\main.py", line 571, in <listcomp>
    bids = [PriceLevel(price=float(p), size=float(s), timestamp=ts)
            ^^^^^^^^^^
NameError: name 'PriceLevel' is not defined

2026-06-02 19:41:33.586 | ERROR    | main:_on_paper_order_book:689 - Paper trading error: name 'PriceLevel' is not defined
2026-06-02 19:41:33.587 | ERROR    | main:_on_paper_order_book:691 - Traceback (most recent call last):
  File "C:\Users\A\Downloads\New-folder-orderflow-copy\orderflow-copy-DeepSeek\main.py", line 571, in _on_paper_order_book
    bids = [PriceLevel(price=float(p), size=float(s), timestamp=ts)
           ^^^^^^^^^^^^^^^^^^^^^^^^^^^^^^^^^^^^^^^^^^^^^^^^^^^^^^^^
  File "C:\Users\A\Downloads\New-folder-orderflow-copy\orderflow-copy-DeepSeek\main.py", line 571, in <listcomp>
    bids = [PriceLevel(price=float(p), size=float(s), timestamp=ts)
            ^^^^^^^^^^
NameError: name 'PriceLevel' is not defined

2026-06-02 19:41:33.685 | ERROR    | main:_on_paper_order_book:689 - Paper trading error: name 'PriceLevel' is not defined
2026-06-02 19:41:33.685 | ERROR    | main:_on_paper_order_book:691 - Traceback (most recent call last):
  File "C:\Users\A\Downloads\New-folder-orderflow-copy\orderflow-copy-DeepSeek\main.py", line 571, in _on_paper_order_book
    bids = [PriceLevel(price=float(p), size=float(s), timestamp=ts)
           ^^^^^^^^^^^^^^^^^^^^^^^^^^^^^^^^^^^^^^^^^^^^^^^^^^^^^^^^
  File "C:\Users\A\Downloads\New-folder-orderflow-copy\orderflow-copy-DeepSeek\main.py", line 571, in <listcomp>
    bids = [PriceLevel(price=float(p), size=float(s), timestamp=ts)
            ^^^^^^^^^^
NameError: name 'PriceLevel' is not defined

2026-06-02 19:41:33.785 | ERROR    | main:_on_paper_order_book:689 - Paper trading error: name 'PriceLevel' is not defined
2026-06-02 19:41:33.785 | ERROR    | main:_on_paper_order_book:691 - Traceback (most recent call last):
  File "C:\Users\A\Downloads\New-folder-orderflow-copy\orderflow-copy-DeepSeek\main.py", line 571, in _on_paper_order_book
    bids = [PriceLevel(price=float(p), size=float(s), timestamp=ts)
           ^^^^^^^^^^^^^^^^^^^^^^^^^^^^^^^^^^^^^^^^^^^^^^^^^^^^^^^^
  File "C:\Users\A\Downloads\New-folder-orderflow-copy\orderflow-copy-DeepSeek\main.py", line 571, in <listcomp>
    bids = [PriceLevel(price=float(p), size=float(s), timestamp=ts)
            ^^^^^^^^^^
NameError: name 'PriceLevel' is not defined

2026-06-02 19:41:33.986 | ERROR    | main:_on_paper_order_book:689 - Paper trading error: name 'PriceLevel' is not defined
2026-06-02 19:41:33.987 | ERROR    | main:_on_paper_order_book:691 - Traceback (most recent call last):
  File "C:\Users\A\Downloads\New-folder-orderflow-copy\orderflow-copy-DeepSeek\main.py", line 571, in _on_paper_order_book
    bids = [PriceLevel(price=float(p), size=float(s), timestamp=ts)
           ^^^^^^^^^^^^^^^^^^^^^^^^^^^^^^^^^^^^^^^^^^^^^^^^^^^^^^^^
  File "C:\Users\A\Downloads\New-folder-orderflow-copy\orderflow-copy-DeepSeek\main.py", line 571, in <listcomp>
    bids = [PriceLevel(price=float(p), size=float(s), timestamp=ts)
            ^^^^^^^^^^
NameError: name 'PriceLevel' is not defined

2026-06-02 19:41:34.192 | ERROR    | main:_on_paper_order_book:689 - Paper trading error: name 'PriceLevel' is not defined
2026-06-02 19:41:34.193 | ERROR    | main:_on_paper_order_book:691 - Traceback (most recent call last):
  File "C:\Users\A\Downloads\New-folder-orderflow-copy\orderflow-copy-DeepSeek\main.py", line 571, in _on_paper_order_book
    bids = [PriceLevel(price=float(p), size=float(s), timestamp=ts)
           ^^^^^^^^^^^^^^^^^^^^^^^^^^^^^^^^^^^^^^^^^^^^^^^^^^^^^^^^
  File "C:\Users\A\Downloads\New-folder-orderflow-copy\orderflow-copy-DeepSeek\main.py", line 571, in <listcomp>
    bids = [PriceLevel(price=float(p), size=float(s), timestamp=ts)
            ^^^^^^^^^^
NameError: name 'PriceLevel' is not defined

2026-06-02 19:41:34.288 | ERROR    | main:_on_paper_order_book:689 - Paper trading error: name 'PriceLevel' is not defined
2026-06-02 19:41:34.288 | ERROR    | main:_on_paper_order_book:691 - Traceback (most recent call last):
  File "C:\Users\A\Downloads\New-folder-orderflow-copy\orderflow-copy-DeepSeek\main.py", line 571, in _on_paper_order_book
    bids = [PriceLevel(price=float(p), size=float(s), timestamp=ts)
           ^^^^^^^^^^^^^^^^^^^^^^^^^^^^^^^^^^^^^^^^^^^^^^^^^^^^^^^^
  File "C:\Users\A\Downloads\New-folder-orderflow-copy\orderflow-copy-DeepSeek\main.py", line 571, in <listcomp>
    bids = [PriceLevel(price=float(p), size=float(s), timestamp=ts)
            ^^^^^^^^^^
NameError: name 'PriceLevel' is not defined

2026-06-02 19:41:34.908 | ERROR    | main:_on_paper_order_book:689 - Paper trading error: name 'PriceLevel' is not defined
2026-06-02 19:41:34.909 | ERROR    | main:_on_paper_order_book:691 - Traceback (most recent call last):
  File "C:\Users\A\Downloads\New-folder-orderflow-copy\orderflow-copy-DeepSeek\main.py", line 571, in _on_paper_order_book
    bids = [PriceLevel(price=float(p), size=float(s), timestamp=ts)
           ^^^^^^^^^^^^^^^^^^^^^^^^^^^^^^^^^^^^^^^^^^^^^^^^^^^^^^^^
  File "C:\Users\A\Downloads\New-folder-orderflow-copy\orderflow-copy-DeepSeek\main.py", line 571, in <listcomp>
    bids = [PriceLevel(price=float(p), size=float(s), timestamp=ts)
            ^^^^^^^^^^
NameError: name 'PriceLevel' is not defined

2026-06-02 19:41:34.984 | ERROR    | main:_on_paper_order_book:689 - Paper trading error: name 'PriceLevel' is not defined
2026-06-02 19:41:34.985 | ERROR    | main:_on_paper_order_book:691 - Traceback (most recent call last):
  File "C:\Users\A\Downloads\New-folder-orderflow-copy\orderflow-copy-DeepSeek\main.py", line 571, in _on_paper_order_book
    bids = [PriceLevel(price=float(p), size=float(s), timestamp=ts)
           ^^^^^^^^^^^^^^^^^^^^^^^^^^^^^^^^^^^^^^^^^^^^^^^^^^^^^^^^
  File "C:\Users\A\Downloads\New-folder-orderflow-copy\orderflow-copy-DeepSeek\main.py", line 571, in <listcomp>
    bids = [PriceLevel(price=float(p), size=float(s), timestamp=ts)
            ^^^^^^^^^^
NameError: name 'PriceLevel' is not defined

2026-06-02 19:41:35.085 | ERROR    | main:_on_paper_order_book:689 - Paper trading error: name 'PriceLevel' is not defined
2026-06-02 19:41:35.085 | ERROR    | main:_on_paper_order_book:691 - Traceback (most recent call last):
  File "C:\Users\A\Downloads\New-folder-orderflow-copy\orderflow-copy-DeepSeek\main.py", line 571, in _on_paper_order_book
    bids = [PriceLevel(price=float(p), size=float(s), timestamp=ts)
           ^^^^^^^^^^^^^^^^^^^^^^^^^^^^^^^^^^^^^^^^^^^^^^^^^^^^^^^^
  File "C:\Users\A\Downloads\New-folder-orderflow-copy\orderflow-copy-DeepSeek\main.py", line 571, in <listcomp>
    bids = [PriceLevel(price=float(p), size=float(s), timestamp=ts)
            ^^^^^^^^^^
NameError: name 'PriceLevel' is not defined

2026-06-02 19:41:35.185 | ERROR    | main:_on_paper_order_book:689 - Paper trading error: name 'PriceLevel' is not defined
2026-06-02 19:41:35.186 | ERROR    | main:_on_paper_order_book:691 - Traceback (most recent call last):
  File "C:\Users\A\Downloads\New-folder-orderflow-copy\orderflow-copy-DeepSeek\main.py", line 571, in _on_paper_order_book
    bids = [PriceLevel(price=float(p), size=float(s), timestamp=ts)
           ^^^^^^^^^^^^^^^^^^^^^^^^^^^^^^^^^^^^^^^^^^^^^^^^^^^^^^^^
  File "C:\Users\A\Downloads\New-folder-orderflow-copy\orderflow-copy-DeepSeek\main.py", line 571, in <listcomp>
    bids = [PriceLevel(price=float(p), size=float(s), timestamp=ts)
            ^^^^^^^^^^
NameError: name 'PriceLevel' is not defined

2026-06-02 19:41:35.288 | ERROR    | main:_on_paper_order_book:689 - Paper trading error: name 'PriceLevel' is not defined
2026-06-02 19:41:35.290 | ERROR    | main:_on_paper_order_book:691 - Traceback (most recent call last):
  File "C:\Users\A\Downloads\New-folder-orderflow-copy\orderflow-copy-DeepSeek\main.py", line 571, in _on_paper_order_book
    bids = [PriceLevel(price=float(p), size=float(s), timestamp=ts)
           ^^^^^^^^^^^^^^^^^^^^^^^^^^^^^^^^^^^^^^^^^^^^^^^^^^^^^^^^
  File "C:\Users\A\Downloads\New-folder-orderflow-copy\orderflow-copy-DeepSeek\main.py", line 571, in <listcomp>
    bids = [PriceLevel(price=float(p), size=float(s), timestamp=ts)
            ^^^^^^^^^^
NameError: name 'PriceLevel' is not defined

2026-06-02 19:41:35.427 | ERROR    | main:_on_paper_order_book:689 - Paper trading error: name 'PriceLevel' is not defined
2026-06-02 19:41:35.428 | ERROR    | main:_on_paper_order_book:691 - Traceback (most recent call last):
  File "C:\Users\A\Downloads\New-folder-orderflow-copy\orderflow-copy-DeepSeek\main.py", line 571, in _on_paper_order_book
    bids = [PriceLevel(price=float(p), size=float(s), timestamp=ts)
           ^^^^^^^^^^^^^^^^^^^^^^^^^^^^^^^^^^^^^^^^^^^^^^^^^^^^^^^^
  File "C:\Users\A\Downloads\New-folder-orderflow-copy\orderflow-copy-DeepSeek\main.py", line 571, in <listcomp>
    bids = [PriceLevel(price=float(p), size=float(s), timestamp=ts)
            ^^^^^^^^^^
NameError: name 'PriceLevel' is not defined

2026-06-02 19:41:35.488 | ERROR    | main:_on_paper_order_book:689 - Paper trading error: name 'PriceLevel' is not defined
2026-06-02 19:41:35.490 | ERROR    | main:_on_paper_order_book:691 - Traceback (most recent call last):
  File "C:\Users\A\Downloads\New-folder-orderflow-copy\orderflow-copy-DeepSeek\main.py", line 571, in _on_paper_order_book
    bids = [PriceLevel(price=float(p), size=float(s), timestamp=ts)
           ^^^^^^^^^^^^^^^^^^^^^^^^^^^^^^^^^^^^^^^^^^^^^^^^^^^^^^^^
  File "C:\Users\A\Downloads\New-folder-orderflow-copy\orderflow-copy-DeepSeek\main.py", line 571, in <listcomp>
    bids = [PriceLevel(price=float(p), size=float(s), timestamp=ts)
            ^^^^^^^^^^
NameError: name 'PriceLevel' is not defined

2026-06-02 19:41:35.683 | ERROR    | main:_on_paper_order_book:689 - Paper trading error: name 'PriceLevel' is not defined
2026-06-02 19:41:35.684 | ERROR    | main:_on_paper_order_book:691 - Traceback (most recent call last):
  File "C:\Users\A\Downloads\New-folder-orderflow-copy\orderflow-copy-DeepSeek\main.py", line 571, in _on_paper_order_book
    bids = [PriceLevel(price=float(p), size=float(s), timestamp=ts)
           ^^^^^^^^^^^^^^^^^^^^^^^^^^^^^^^^^^^^^^^^^^^^^^^^^^^^^^^^
  File "C:\Users\A\Downloads\New-folder-orderflow-copy\orderflow-copy-DeepSeek\main.py", line 571, in <listcomp>
    bids = [PriceLevel(price=float(p), size=float(s), timestamp=ts)
            ^^^^^^^^^^
NameError: name 'PriceLevel' is not defined

2026-06-02 19:41:35.783 | ERROR    | main:_on_paper_order_book:689 - Paper trading error: name 'PriceLevel' is not defined
2026-06-02 19:41:35.784 | ERROR    | main:_on_paper_order_book:691 - Traceback (most recent call last):
  File "C:\Users\A\Downloads\New-folder-orderflow-copy\orderflow-copy-DeepSeek\main.py", line 571, in _on_paper_order_book
    bids = [PriceLevel(price=float(p), size=float(s), timestamp=ts)
           ^^^^^^^^^^^^^^^^^^^^^^^^^^^^^^^^^^^^^^^^^^^^^^^^^^^^^^^^
  File "C:\Users\A\Downloads\New-folder-orderflow-copy\orderflow-copy-DeepSeek\main.py", line 571, in <listcomp>
    bids = [PriceLevel(price=float(p), size=float(s), timestamp=ts)
            ^^^^^^^^^^
NameError: name 'PriceLevel' is not defined

2026-06-02 19:41:36.287 | ERROR    | main:_on_paper_order_book:689 - Paper trading error: name 'PriceLevel' is not defined
2026-06-02 19:41:36.289 | ERROR    | main:_on_paper_order_book:691 - Traceback (most recent call last):
  File "C:\Users\A\Downloads\New-folder-orderflow-copy\orderflow-copy-DeepSeek\main.py", line 571, in _on_paper_order_book
    bids = [PriceLevel(price=float(p), size=float(s), timestamp=ts)
           ^^^^^^^^^^^^^^^^^^^^^^^^^^^^^^^^^^^^^^^^^^^^^^^^^^^^^^^^
  File "C:\Users\A\Downloads\New-folder-orderflow-copy\orderflow-copy-DeepSeek\main.py", line 571, in <listcomp>
    bids = [PriceLevel(price=float(p), size=float(s), timestamp=ts)
            ^^^^^^^^^^
NameError: name 'PriceLevel' is not defined

2026-06-02 19:41:36.585 | ERROR    | main:_on_paper_order_book:689 - Paper trading error: name 'PriceLevel' is not defined
2026-06-02 19:41:36.586 | ERROR    | main:_on_paper_order_book:691 - Traceback (most recent call last):
  File "C:\Users\A\Downloads\New-folder-orderflow-copy\orderflow-copy-DeepSeek\main.py", line 571, in _on_paper_order_book
    bids = [PriceLevel(price=float(p), size=float(s), timestamp=ts)
           ^^^^^^^^^^^^^^^^^^^^^^^^^^^^^^^^^^^^^^^^^^^^^^^^^^^^^^^^
  File "C:\Users\A\Downloads\New-folder-orderflow-copy\orderflow-copy-DeepSeek\main.py", line 571, in <listcomp>
    bids = [PriceLevel(price=float(p), size=float(s), timestamp=ts)
            ^^^^^^^^^^
NameError: name 'PriceLevel' is not defined

2026-06-02 19:41:36.886 | ERROR    | main:_on_paper_order_book:689 - Paper trading error: name 'PriceLevel' is not defined
2026-06-02 19:41:36.889 | ERROR    | main:_on_paper_order_book:691 - Traceback (most recent call last):
  File "C:\Users\A\Downloads\New-folder-orderflow-copy\orderflow-copy-DeepSeek\main.py", line 571, in _on_paper_order_book
    bids = [PriceLevel(price=float(p), size=float(s), timestamp=ts)
           ^^^^^^^^^^^^^^^^^^^^^^^^^^^^^^^^^^^^^^^^^^^^^^^^^^^^^^^^
  File "C:\Users\A\Downloads\New-folder-orderflow-copy\orderflow-copy-DeepSeek\main.py", line 571, in <listcomp>
    bids = [PriceLevel(price=float(p), size=float(s), timestamp=ts)
            ^^^^^^^^^^
NameError: name 'PriceLevel' is not defined

2026-06-02 19:41:36.984 | ERROR    | main:_on_paper_order_book:689 - Paper trading error: name 'PriceLevel' is not defined
2026-06-02 19:41:36.986 | ERROR    | main:_on_paper_order_book:691 - Traceback (most recent call last):
  File "C:\Users\A\Downloads\New-folder-orderflow-copy\orderflow-copy-DeepSeek\main.py", line 571, in _on_paper_order_book
    bids = [PriceLevel(price=float(p), size=float(s), timestamp=ts)
           ^^^^^^^^^^^^^^^^^^^^^^^^^^^^^^^^^^^^^^^^^^^^^^^^^^^^^^^^
  File "C:\Users\A\Downloads\New-folder-orderflow-copy\orderflow-copy-DeepSeek\main.py", line 571, in <listcomp>
    bids = [PriceLevel(price=float(p), size=float(s), timestamp=ts)
            ^^^^^^^^^^
NameError: name 'PriceLevel' is not defined

2026-06-02 19:41:37.272 | ERROR    | main:_on_paper_order_book:689 - Paper trading error: name 'PriceLevel' is not defined
2026-06-02 19:41:37.273 | ERROR    | main:_on_paper_order_book:691 - Traceback (most recent call last):
  File "C:\Users\A\Downloads\New-folder-orderflow-copy\orderflow-copy-DeepSeek\main.py", line 571, in _on_paper_order_book
    bids = [PriceLevel(price=float(p), size=float(s), timestamp=ts)
           ^^^^^^^^^^^^^^^^^^^^^^^^^^^^^^^^^^^^^^^^^^^^^^^^^^^^^^^^
  File "C:\Users\A\Downloads\New-folder-orderflow-copy\orderflow-copy-DeepSeek\main.py", line 571, in <listcomp>
    bids = [PriceLevel(price=float(p), size=float(s), timestamp=ts)
            ^^^^^^^^^^
NameError: name 'PriceLevel' is not defined

2026-06-02 19:41:37.287 | ERROR    | main:_on_paper_order_book:689 - Paper trading error: name 'PriceLevel' is not defined
2026-06-02 19:41:37.288 | ERROR    | main:_on_paper_order_book:691 - Traceback (most recent call last):
  File "C:\Users\A\Downloads\New-folder-orderflow-copy\orderflow-copy-DeepSeek\main.py", line 571, in _on_paper_order_book
    bids = [PriceLevel(price=float(p), size=float(s), timestamp=ts)
           ^^^^^^^^^^^^^^^^^^^^^^^^^^^^^^^^^^^^^^^^^^^^^^^^^^^^^^^^
  File "C:\Users\A\Downloads\New-folder-orderflow-copy\orderflow-copy-DeepSeek\main.py", line 571, in <listcomp>
    bids = [PriceLevel(price=float(p), size=float(s), timestamp=ts)
            ^^^^^^^^^^
NameError: name 'PriceLevel' is not defined

2026-06-02 19:41:37.385 | ERROR    | main:_on_paper_order_book:689 - Paper trading error: name 'PriceLevel' is not defined
2026-06-02 19:41:37.386 | ERROR    | main:_on_paper_order_book:691 - Traceback (most recent call last):
  File "C:\Users\A\Downloads\New-folder-orderflow-copy\orderflow-copy-DeepSeek\main.py", line 571, in _on_paper_order_book
    bids = [PriceLevel(price=float(p), size=float(s), timestamp=ts)
           ^^^^^^^^^^^^^^^^^^^^^^^^^^^^^^^^^^^^^^^^^^^^^^^^^^^^^^^^
  File "C:\Users\A\Downloads\New-folder-orderflow-copy\orderflow-copy-DeepSeek\main.py", line 571, in <listcomp>
    bids = [PriceLevel(price=float(p), size=float(s), timestamp=ts)
            ^^^^^^^^^^
NameError: name 'PriceLevel' is not defined

2026-06-02 19:41:37.485 | ERROR    | main:_on_paper_order_book:689 - Paper trading error: name 'PriceLevel' is not defined
2026-06-02 19:41:37.486 | ERROR    | main:_on_paper_order_book:691 - Traceback (most recent call last):
  File "C:\Users\A\Downloads\New-folder-orderflow-copy\orderflow-copy-DeepSeek\main.py", line 571, in _on_paper_order_book
    bids = [PriceLevel(price=float(p), size=float(s), timestamp=ts)
           ^^^^^^^^^^^^^^^^^^^^^^^^^^^^^^^^^^^^^^^^^^^^^^^^^^^^^^^^
  File "C:\Users\A\Downloads\New-folder-orderflow-copy\orderflow-copy-DeepSeek\main.py", line 571, in <listcomp>
    bids = [PriceLevel(price=float(p), size=float(s), timestamp=ts)
            ^^^^^^^^^^
NameError: name 'PriceLevel' is not defined

2026-06-02 19:41:37.604 | ERROR    | main:_on_paper_order_book:689 - Paper trading error: name 'PriceLevel' is not defined
2026-06-02 19:41:37.605 | ERROR    | main:_on_paper_order_book:691 - Traceback (most recent call last):
  File "C:\Users\A\Downloads\New-folder-orderflow-copy\orderflow-copy-DeepSeek\main.py", line 571, in _on_paper_order_book
    bids = [PriceLevel(price=float(p), size=float(s), timestamp=ts)
           ^^^^^^^^^^^^^^^^^^^^^^^^^^^^^^^^^^^^^^^^^^^^^^^^^^^^^^^^
  File "C:\Users\A\Downloads\New-folder-orderflow-copy\orderflow-copy-DeepSeek\main.py", line 571, in <listcomp>
    bids = [PriceLevel(price=float(p), size=float(s), timestamp=ts)
            ^^^^^^^^^^
NameError: name 'PriceLevel' is not defined

2026-06-02 19:41:37.688 | ERROR    | main:_on_paper_order_book:689 - Paper trading error: name 'PriceLevel' is not defined
2026-06-02 19:41:37.688 | ERROR    | main:_on_paper_order_book:691 - Traceback (most recent call last):
  File "C:\Users\A\Downloads\New-folder-orderflow-copy\orderflow-copy-DeepSeek\main.py", line 571, in _on_paper_order_book
    bids = [PriceLevel(price=float(p), size=float(s), timestamp=ts)
           ^^^^^^^^^^^^^^^^^^^^^^^^^^^^^^^^^^^^^^^^^^^^^^^^^^^^^^^^
  File "C:\Users\A\Downloads\New-folder-orderflow-copy\orderflow-copy-DeepSeek\main.py", line 571, in <listcomp>
    bids = [PriceLevel(price=float(p), size=float(s), timestamp=ts)
            ^^^^^^^^^^
NameError: name 'PriceLevel' is not defined

2026-06-02 19:41:37.885 | ERROR    | main:_on_paper_order_book:689 - Paper trading error: name 'PriceLevel' is not defined
2026-06-02 19:41:37.886 | ERROR    | main:_on_paper_order_book:691 - Traceback (most recent call last):
  File "C:\Users\A\Downloads\New-folder-orderflow-copy\orderflow-copy-DeepSeek\main.py", line 571, in _on_paper_order_book
    bids = [PriceLevel(price=float(p), size=float(s), timestamp=ts)
           ^^^^^^^^^^^^^^^^^^^^^^^^^^^^^^^^^^^^^^^^^^^^^^^^^^^^^^^^
  File "C:\Users\A\Downloads\New-folder-orderflow-copy\orderflow-copy-DeepSeek\main.py", line 571, in <listcomp>
    bids = [PriceLevel(price=float(p), size=float(s), timestamp=ts)
            ^^^^^^^^^^
NameError: name 'PriceLevel' is not defined

2026-06-02 19:41:38.006 | ERROR    | main:_on_paper_order_book:689 - Paper trading error: name 'PriceLevel' is not defined
2026-06-02 19:41:38.008 | ERROR    | main:_on_paper_order_book:691 - Traceback (most recent call last):
  File "C:\Users\A\Downloads\New-folder-orderflow-copy\orderflow-copy-DeepSeek\main.py", line 571, in _on_paper_order_book
    bids = [PriceLevel(price=float(p), size=float(s), timestamp=ts)
           ^^^^^^^^^^^^^^^^^^^^^^^^^^^^^^^^^^^^^^^^^^^^^^^^^^^^^^^^
  File "C:\Users\A\Downloads\New-folder-orderflow-copy\orderflow-copy-DeepSeek\main.py", line 571, in <listcomp>
    bids = [PriceLevel(price=float(p), size=float(s), timestamp=ts)
            ^^^^^^^^^^
NameError: name 'PriceLevel' is not defined

2026-06-02 19:41:38.086 | ERROR    | main:_on_paper_order_book:689 - Paper trading error: name 'PriceLevel' is not defined
2026-06-02 19:41:38.087 | ERROR    | main:_on_paper_order_book:691 - Traceback (most recent call last):
  File "C:\Users\A\Downloads\New-folder-orderflow-copy\orderflow-copy-DeepSeek\main.py", line 571, in _on_paper_order_book
    bids = [PriceLevel(price=float(p), size=float(s), timestamp=ts)
           ^^^^^^^^^^^^^^^^^^^^^^^^^^^^^^^^^^^^^^^^^^^^^^^^^^^^^^^^
  File "C:\Users\A\Downloads\New-folder-orderflow-copy\orderflow-copy-DeepSeek\main.py", line 571, in <listcomp>
    bids = [PriceLevel(price=float(p), size=float(s), timestamp=ts)
            ^^^^^^^^^^
NameError: name 'PriceLevel' is not defined

2026-06-02 19:41:38.186 | ERROR    | main:_on_paper_order_book:689 - Paper trading error: name 'PriceLevel' is not defined
2026-06-02 19:41:38.187 | ERROR    | main:_on_paper_order_book:691 - Traceback (most recent call last):
  File "C:\Users\A\Downloads\New-folder-orderflow-copy\orderflow-copy-DeepSeek\main.py", line 571, in _on_paper_order_book
    bids = [PriceLevel(price=float(p), size=float(s), timestamp=ts)
           ^^^^^^^^^^^^^^^^^^^^^^^^^^^^^^^^^^^^^^^^^^^^^^^^^^^^^^^^
  File "C:\Users\A\Downloads\New-folder-orderflow-copy\orderflow-copy-DeepSeek\main.py", line 571, in <listcomp>
    bids = [PriceLevel(price=float(p), size=float(s), timestamp=ts)
            ^^^^^^^^^^
NameError: name 'PriceLevel' is not defined

2026-06-02 19:41:38.286 | ERROR    | main:_on_paper_order_book:689 - Paper trading error: name 'PriceLevel' is not defined
2026-06-02 19:41:38.288 | ERROR    | main:_on_paper_order_book:691 - Traceback (most recent call last):
  File "C:\Users\A\Downloads\New-folder-orderflow-copy\orderflow-copy-DeepSeek\main.py", line 571, in _on_paper_order_book
    bids = [PriceLevel(price=float(p), size=float(s), timestamp=ts)
           ^^^^^^^^^^^^^^^^^^^^^^^^^^^^^^^^^^^^^^^^^^^^^^^^^^^^^^^^
  File "C:\Users\A\Downloads\New-folder-orderflow-copy\orderflow-copy-DeepSeek\main.py", line 571, in <listcomp>
    bids = [PriceLevel(price=float(p), size=float(s), timestamp=ts)
            ^^^^^^^^^^
NameError: name 'PriceLevel' is not defined

2026-06-02 19:41:38.410 | ERROR    | main:_on_paper_order_book:689 - Paper trading error: name 'PriceLevel' is not defined
2026-06-02 19:41:38.412 | ERROR    | main:_on_paper_order_book:691 - Traceback (most recent call last):
  File "C:\Users\A\Downloads\New-folder-orderflow-copy\orderflow-copy-DeepSeek\main.py", line 571, in _on_paper_order_book
    bids = [PriceLevel(price=float(p), size=float(s), timestamp=ts)
           ^^^^^^^^^^^^^^^^^^^^^^^^^^^^^^^^^^^^^^^^^^^^^^^^^^^^^^^^
  File "C:\Users\A\Downloads\New-folder-orderflow-copy\orderflow-copy-DeepSeek\main.py", line 571, in <listcomp>
    bids = [PriceLevel(price=float(p), size=float(s), timestamp=ts)
            ^^^^^^^^^^
NameError: name 'PriceLevel' is not defined

2026-06-02 19:41:38.488 | ERROR    | main:_on_paper_order_book:689 - Paper trading error: name 'PriceLevel' is not defined
2026-06-02 19:41:38.490 | ERROR    | main:_on_paper_order_book:691 - Traceback (most recent call last):
  File "C:\Users\A\Downloads\New-folder-orderflow-copy\orderflow-copy-DeepSeek\main.py", line 571, in _on_paper_order_book
    bids = [PriceLevel(price=float(p), size=float(s), timestamp=ts)
           ^^^^^^^^^^^^^^^^^^^^^^^^^^^^^^^^^^^^^^^^^^^^^^^^^^^^^^^^
  File "C:\Users\A\Downloads\New-folder-orderflow-copy\orderflow-copy-DeepSeek\main.py", line 571, in <listcomp>
    bids = [PriceLevel(price=float(p), size=float(s), timestamp=ts)
            ^^^^^^^^^^
NameError: name 'PriceLevel' is not defined

2026-06-02 19:41:38.698 | ERROR    | main:_on_paper_order_book:689 - Paper trading error: name 'PriceLevel' is not defined
2026-06-02 19:41:38.700 | ERROR    | main:_on_paper_order_book:691 - Traceback (most recent call last):
  File "C:\Users\A\Downloads\New-folder-orderflow-copy\orderflow-copy-DeepSeek\main.py", line 571, in _on_paper_order_book
    bids = [PriceLevel(price=float(p), size=float(s), timestamp=ts)
           ^^^^^^^^^^^^^^^^^^^^^^^^^^^^^^^^^^^^^^^^^^^^^^^^^^^^^^^^
  File "C:\Users\A\Downloads\New-folder-orderflow-copy\orderflow-copy-DeepSeek\main.py", line 571, in <listcomp>
    bids = [PriceLevel(price=float(p), size=float(s), timestamp=ts)
            ^^^^^^^^^^
NameError: name 'PriceLevel' is not defined

2026-06-02 19:41:38.787 | ERROR    | main:_on_paper_order_book:689 - Paper trading error: name 'PriceLevel' is not defined
2026-06-02 19:41:38.789 | ERROR    | main:_on_paper_order_book:691 - Traceback (most recent call last):
  File "C:\Users\A\Downloads\New-folder-orderflow-copy\orderflow-copy-DeepSeek\main.py", line 571, in _on_paper_order_book
    bids = [PriceLevel(price=float(p), size=float(s), timestamp=ts)
           ^^^^^^^^^^^^^^^^^^^^^^^^^^^^^^^^^^^^^^^^^^^^^^^^^^^^^^^^
  File "C:\Users\A\Downloads\New-folder-orderflow-copy\orderflow-copy-DeepSeek\main.py", line 571, in <listcomp>
    bids = [PriceLevel(price=float(p), size=float(s), timestamp=ts)
            ^^^^^^^^^^
NameError: name 'PriceLevel' is not defined

2026-06-02 19:41:38.984 | ERROR    | main:_on_paper_order_book:689 - Paper trading error: name 'PriceLevel' is not defined
2026-06-02 19:41:38.985 | ERROR    | main:_on_paper_order_book:691 - Traceback (most recent call last):
  File "C:\Users\A\Downloads\New-folder-orderflow-copy\orderflow-copy-DeepSeek\main.py", line 571, in _on_paper_order_book
    bids = [PriceLevel(price=float(p), size=float(s), timestamp=ts)
           ^^^^^^^^^^^^^^^^^^^^^^^^^^^^^^^^^^^^^^^^^^^^^^^^^^^^^^^^
  File "C:\Users\A\Downloads\New-folder-orderflow-copy\orderflow-copy-DeepSeek\main.py", line 571, in <listcomp>
    bids = [PriceLevel(price=float(p), size=float(s), timestamp=ts)
            ^^^^^^^^^^
NameError: name 'PriceLevel' is not defined

2026-06-02 19:41:39.084 | ERROR    | main:_on_paper_order_book:689 - Paper trading error: name 'PriceLevel' is not defined
2026-06-02 19:41:39.085 | ERROR    | main:_on_paper_order_book:691 - Traceback (most recent call last):
  File "C:\Users\A\Downloads\New-folder-orderflow-copy\orderflow-copy-DeepSeek\main.py", line 571, in _on_paper_order_book
    bids = [PriceLevel(price=float(p), size=float(s), timestamp=ts)
           ^^^^^^^^^^^^^^^^^^^^^^^^^^^^^^^^^^^^^^^^^^^^^^^^^^^^^^^^
  File "C:\Users\A\Downloads\New-folder-orderflow-copy\orderflow-copy-DeepSeek\main.py", line 571, in <listcomp>
    bids = [PriceLevel(price=float(p), size=float(s), timestamp=ts)
            ^^^^^^^^^^
NameError: name 'PriceLevel' is not defined

2026-06-02 19:41:39.184 | ERROR    | main:_on_paper_order_book:689 - Paper trading error: name 'PriceLevel' is not defined
2026-06-02 19:41:39.185 | ERROR    | main:_on_paper_order_book:691 - Traceback (most recent call last):
  File "C:\Users\A\Downloads\New-folder-orderflow-copy\orderflow-copy-DeepSeek\main.py", line 571, in _on_paper_order_book
    bids = [PriceLevel(price=float(p), size=float(s), timestamp=ts)
           ^^^^^^^^^^^^^^^^^^^^^^^^^^^^^^^^^^^^^^^^^^^^^^^^^^^^^^^^
  File "C:\Users\A\Downloads\New-folder-orderflow-copy\orderflow-copy-DeepSeek\main.py", line 571, in <listcomp>
    bids = [PriceLevel(price=float(p), size=float(s), timestamp=ts)
            ^^^^^^^^^^
NameError: name 'PriceLevel' is not defined

2026-06-02 19:41:39.624 | ERROR    | main:_on_paper_order_book:689 - Paper trading error: name 'PriceLevel' is not defined
2026-06-02 19:41:39.626 | ERROR    | main:_on_paper_order_book:691 - Traceback (most recent call last):
  File "C:\Users\A\Downloads\New-folder-orderflow-copy\orderflow-copy-DeepSeek\main.py", line 571, in _on_paper_order_book
    bids = [PriceLevel(price=float(p), size=float(s), timestamp=ts)
           ^^^^^^^^^^^^^^^^^^^^^^^^^^^^^^^^^^^^^^^^^^^^^^^^^^^^^^^^
  File "C:\Users\A\Downloads\New-folder-orderflow-copy\orderflow-copy-DeepSeek\main.py", line 571, in <listcomp>
    bids = [PriceLevel(price=float(p), size=float(s), timestamp=ts)
            ^^^^^^^^^^
NameError: name 'PriceLevel' is not defined

2026-06-02 19:41:39.629 | ERROR    | main:_on_paper_order_book:689 - Paper trading error: name 'PriceLevel' is not defined
2026-06-02 19:41:39.630 | ERROR    | main:_on_paper_order_book:691 - Traceback (most recent call last):
  File "C:\Users\A\Downloads\New-folder-orderflow-copy\orderflow-copy-DeepSeek\main.py", line 571, in _on_paper_order_book
    bids = [PriceLevel(price=float(p), size=float(s), timestamp=ts)
           ^^^^^^^^^^^^^^^^^^^^^^^^^^^^^^^^^^^^^^^^^^^^^^^^^^^^^^^^
  File "C:\Users\A\Downloads\New-folder-orderflow-copy\orderflow-copy-DeepSeek\main.py", line 571, in <listcomp>
    bids = [PriceLevel(price=float(p), size=float(s), timestamp=ts)
            ^^^^^^^^^^
NameError: name 'PriceLevel' is not defined

2026-06-02 19:41:39.724 | ERROR    | main:_on_paper_order_book:689 - Paper trading error: name 'PriceLevel' is not defined
2026-06-02 19:41:39.726 | ERROR    | main:_on_paper_order_book:691 - Traceback (most recent call last):
  File "C:\Users\A\Downloads\New-folder-orderflow-copy\orderflow-copy-DeepSeek\main.py", line 571, in _on_paper_order_book
    bids = [PriceLevel(price=float(p), size=float(s), timestamp=ts)
           ^^^^^^^^^^^^^^^^^^^^^^^^^^^^^^^^^^^^^^^^^^^^^^^^^^^^^^^^
  File "C:\Users\A\Downloads\New-folder-orderflow-copy\orderflow-copy-DeepSeek\main.py", line 571, in <listcomp>
    bids = [PriceLevel(price=float(p), size=float(s), timestamp=ts)
            ^^^^^^^^^^
NameError: name 'PriceLevel' is not defined

2026-06-02 19:41:39.887 | ERROR    | main:_on_paper_order_book:689 - Paper trading error: name 'PriceLevel' is not defined
2026-06-02 19:41:39.890 | ERROR    | main:_on_paper_order_book:691 - Traceback (most recent call last):
  File "C:\Users\A\Downloads\New-folder-orderflow-copy\orderflow-copy-DeepSeek\main.py", line 571, in _on_paper_order_book
    bids = [PriceLevel(price=float(p), size=float(s), timestamp=ts)
           ^^^^^^^^^^^^^^^^^^^^^^^^^^^^^^^^^^^^^^^^^^^^^^^^^^^^^^^^
  File "C:\Users\A\Downloads\New-folder-orderflow-copy\orderflow-copy-DeepSeek\main.py", line 571, in <listcomp>
    bids = [PriceLevel(price=float(p), size=float(s), timestamp=ts)
            ^^^^^^^^^^
NameError: name 'PriceLevel' is not defined

2026-06-02 19:41:40.024 | ERROR    | main:_on_paper_order_book:689 - Paper trading error: name 'PriceLevel' is not defined
2026-06-02 19:41:40.025 | ERROR    | main:_on_paper_order_book:691 - Traceback (most recent call last):
  File "C:\Users\A\Downloads\New-folder-orderflow-copy\orderflow-copy-DeepSeek\main.py", line 571, in _on_paper_order_book
    bids = [PriceLevel(price=float(p), size=float(s), timestamp=ts)
           ^^^^^^^^^^^^^^^^^^^^^^^^^^^^^^^^^^^^^^^^^^^^^^^^^^^^^^^^
  File "C:\Users\A\Downloads\New-folder-orderflow-copy\orderflow-copy-DeepSeek\main.py", line 571, in <listcomp>
    bids = [PriceLevel(price=float(p), size=float(s), timestamp=ts)
            ^^^^^^^^^^
NameError: name 'PriceLevel' is not defined

2026-06-02 19:41:40.286 | ERROR    | main:_on_paper_order_book:689 - Paper trading error: name 'PriceLevel' is not defined
2026-06-02 19:41:40.287 | ERROR    | main:_on_paper_order_book:691 - Traceback (most recent call last):
  File "C:\Users\A\Downloads\New-folder-orderflow-copy\orderflow-copy-DeepSeek\main.py", line 571, in _on_paper_order_book
    bids = [PriceLevel(price=float(p), size=float(s), timestamp=ts)
           ^^^^^^^^^^^^^^^^^^^^^^^^^^^^^^^^^^^^^^^^^^^^^^^^^^^^^^^^
  File "C:\Users\A\Downloads\New-folder-orderflow-copy\orderflow-copy-DeepSeek\main.py", line 571, in <listcomp>
    bids = [PriceLevel(price=float(p), size=float(s), timestamp=ts)
            ^^^^^^^^^^
NameError: name 'PriceLevel' is not defined

2026-06-02 19:41:40.389 | ERROR    | main:_on_paper_order_book:689 - Paper trading error: name 'PriceLevel' is not defined
2026-06-02 19:41:40.391 | ERROR    | main:_on_paper_order_book:691 - Traceback (most recent call last):
  File "C:\Users\A\Downloads\New-folder-orderflow-copy\orderflow-copy-DeepSeek\main.py", line 571, in _on_paper_order_book
    bids = [PriceLevel(price=float(p), size=float(s), timestamp=ts)
           ^^^^^^^^^^^^^^^^^^^^^^^^^^^^^^^^^^^^^^^^^^^^^^^^^^^^^^^^
  File "C:\Users\A\Downloads\New-folder-orderflow-copy\orderflow-copy-DeepSeek\main.py", line 571, in <listcomp>
    bids = [PriceLevel(price=float(p), size=float(s), timestamp=ts)
            ^^^^^^^^^^
NameError: name 'PriceLevel' is not defined

2026-06-02 19:41:40.512 | ERROR    | main:_on_paper_order_book:689 - Paper trading error: name 'PriceLevel' is not defined
2026-06-02 19:41:40.514 | ERROR    | main:_on_paper_order_book:691 - Traceback (most recent call last):
  File "C:\Users\A\Downloads\New-folder-orderflow-copy\orderflow-copy-DeepSeek\main.py", line 571, in _on_paper_order_book
    bids = [PriceLevel(price=float(p), size=float(s), timestamp=ts)
           ^^^^^^^^^^^^^^^^^^^^^^^^^^^^^^^^^^^^^^^^^^^^^^^^^^^^^^^^
  File "C:\Users\A\Downloads\New-folder-orderflow-copy\orderflow-copy-DeepSeek\main.py", line 571, in <listcomp>
    bids = [PriceLevel(price=float(p), size=float(s), timestamp=ts)
            ^^^^^^^^^^
NameError: name 'PriceLevel' is not defined

2026-06-02 19:41:40.584 | ERROR    | main:_on_paper_order_book:689 - Paper trading error: name 'PriceLevel' is not defined
2026-06-02 19:41:40.585 | ERROR    | main:_on_paper_order_book:691 - Traceback (most recent call last):
  File "C:\Users\A\Downloads\New-folder-orderflow-copy\orderflow-copy-DeepSeek\main.py", line 571, in _on_paper_order_book
    bids = [PriceLevel(price=float(p), size=float(s), timestamp=ts)
           ^^^^^^^^^^^^^^^^^^^^^^^^^^^^^^^^^^^^^^^^^^^^^^^^^^^^^^^^
  File "C:\Users\A\Downloads\New-folder-orderflow-copy\orderflow-copy-DeepSeek\main.py", line 571, in <listcomp>
    bids = [PriceLevel(price=float(p), size=float(s), timestamp=ts)
            ^^^^^^^^^^
NameError: name 'PriceLevel' is not defined

2026-06-02 19:41:40.694 | ERROR    | main:_on_paper_order_book:689 - Paper trading error: name 'PriceLevel' is not defined
2026-06-02 19:41:40.694 | ERROR    | main:_on_paper_order_book:691 - Traceback (most recent call last):
  File "C:\Users\A\Downloads\New-folder-orderflow-copy\orderflow-copy-DeepSeek\main.py", line 571, in _on_paper_order_book
    bids = [PriceLevel(price=float(p), size=float(s), timestamp=ts)
           ^^^^^^^^^^^^^^^^^^^^^^^^^^^^^^^^^^^^^^^^^^^^^^^^^^^^^^^^
  File "C:\Users\A\Downloads\New-folder-orderflow-copy\orderflow-copy-DeepSeek\main.py", line 571, in <listcomp>
    bids = [PriceLevel(price=float(p), size=float(s), timestamp=ts)
            ^^^^^^^^^^
NameError: name 'PriceLevel' is not defined

2026-06-02 19:41:40.784 | ERROR    | main:_on_paper_order_book:689 - Paper trading error: name 'PriceLevel' is not defined
2026-06-02 19:41:40.785 | ERROR    | main:_on_paper_order_book:691 - Traceback (most recent call last):
  File "C:\Users\A\Downloads\New-folder-orderflow-copy\orderflow-copy-DeepSeek\main.py", line 571, in _on_paper_order_book
    bids = [PriceLevel(price=float(p), size=float(s), timestamp=ts)
           ^^^^^^^^^^^^^^^^^^^^^^^^^^^^^^^^^^^^^^^^^^^^^^^^^^^^^^^^
  File "C:\Users\A\Downloads\New-folder-orderflow-copy\orderflow-copy-DeepSeek\main.py", line 571, in <listcomp>
    bids = [PriceLevel(price=float(p), size=float(s), timestamp=ts)
            ^^^^^^^^^^
NameError: name 'PriceLevel' is not defined

2026-06-02 19:41:40.884 | ERROR    | main:_on_paper_order_book:689 - Paper trading error: name 'PriceLevel' is not defined
2026-06-02 19:41:40.885 | ERROR    | main:_on_paper_order_book:691 - Traceback (most recent call last):
  File "C:\Users\A\Downloads\New-folder-orderflow-copy\orderflow-copy-DeepSeek\main.py", line 571, in _on_paper_order_book
    bids = [PriceLevel(price=float(p), size=float(s), timestamp=ts)
           ^^^^^^^^^^^^^^^^^^^^^^^^^^^^^^^^^^^^^^^^^^^^^^^^^^^^^^^^
  File "C:\Users\A\Downloads\New-folder-orderflow-copy\orderflow-copy-DeepSeek\main.py", line 571, in <listcomp>
    bids = [PriceLevel(price=float(p), size=float(s), timestamp=ts)
            ^^^^^^^^^^
NameError: name 'PriceLevel' is not defined

2026-06-02 19:41:40.985 | ERROR    | main:_on_paper_order_book:689 - Paper trading error: name 'PriceLevel' is not defined
2026-06-02 19:41:40.986 | ERROR    | main:_on_paper_order_book:691 - Traceback (most recent call last):
  File "C:\Users\A\Downloads\New-folder-orderflow-copy\orderflow-copy-DeepSeek\main.py", line 571, in _on_paper_order_book
    bids = [PriceLevel(price=float(p), size=float(s), timestamp=ts)
           ^^^^^^^^^^^^^^^^^^^^^^^^^^^^^^^^^^^^^^^^^^^^^^^^^^^^^^^^
  File "C:\Users\A\Downloads\New-folder-orderflow-copy\orderflow-copy-DeepSeek\main.py", line 571, in <listcomp>
    bids = [PriceLevel(price=float(p), size=float(s), timestamp=ts)
            ^^^^^^^^^^
NameError: name 'PriceLevel' is not defined

2026-06-02 19:41:41.084 | ERROR    | main:_on_paper_order_book:689 - Paper trading error: name 'PriceLevel' is not defined
2026-06-02 19:41:41.084 | ERROR    | main:_on_paper_order_book:691 - Traceback (most recent call last):
  File "C:\Users\A\Downloads\New-folder-orderflow-copy\orderflow-copy-DeepSeek\main.py", line 571, in _on_paper_order_book
    bids = [PriceLevel(price=float(p), size=float(s), timestamp=ts)
           ^^^^^^^^^^^^^^^^^^^^^^^^^^^^^^^^^^^^^^^^^^^^^^^^^^^^^^^^
  File "C:\Users\A\Downloads\New-folder-orderflow-copy\orderflow-copy-DeepSeek\main.py", line 571, in <listcomp>
    bids = [PriceLevel(price=float(p), size=float(s), timestamp=ts)
            ^^^^^^^^^^
NameError: name 'PriceLevel' is not defined

2026-06-02 19:41:41.187 | ERROR    | main:_on_paper_order_book:689 - Paper trading error: name 'PriceLevel' is not defined
2026-06-02 19:41:41.188 | ERROR    | main:_on_paper_order_book:691 - Traceback (most recent call last):
  File "C:\Users\A\Downloads\New-folder-orderflow-copy\orderflow-copy-DeepSeek\main.py", line 571, in _on_paper_order_book
    bids = [PriceLevel(price=float(p), size=float(s), timestamp=ts)
           ^^^^^^^^^^^^^^^^^^^^^^^^^^^^^^^^^^^^^^^^^^^^^^^^^^^^^^^^
  File "C:\Users\A\Downloads\New-folder-orderflow-copy\orderflow-copy-DeepSeek\main.py", line 571, in <listcomp>
    bids = [PriceLevel(price=float(p), size=float(s), timestamp=ts)
            ^^^^^^^^^^
NameError: name 'PriceLevel' is not defined

2026-06-02 19:41:41.284 | ERROR    | main:_on_paper_order_book:689 - Paper trading error: name 'PriceLevel' is not defined
2026-06-02 19:41:41.284 | ERROR    | main:_on_paper_order_book:691 - Traceback (most recent call last):
  File "C:\Users\A\Downloads\New-folder-orderflow-copy\orderflow-copy-DeepSeek\main.py", line 571, in _on_paper_order_book
    bids = [PriceLevel(price=float(p), size=float(s), timestamp=ts)
           ^^^^^^^^^^^^^^^^^^^^^^^^^^^^^^^^^^^^^^^^^^^^^^^^^^^^^^^^
  File "C:\Users\A\Downloads\New-folder-orderflow-copy\orderflow-copy-DeepSeek\main.py", line 571, in <listcomp>
    bids = [PriceLevel(price=float(p), size=float(s), timestamp=ts)
            ^^^^^^^^^^
NameError: name 'PriceLevel' is not defined

2026-06-02 19:41:42.084 | ERROR    | main:_on_paper_order_book:689 - Paper trading error: name 'PriceLevel' is not defined
2026-06-02 19:41:42.085 | ERROR    | main:_on_paper_order_book:691 - Traceback (most recent call last):
  File "C:\Users\A\Downloads\New-folder-orderflow-copy\orderflow-copy-DeepSeek\main.py", line 571, in _on_paper_order_book
    bids = [PriceLevel(price=float(p), size=float(s), timestamp=ts)
           ^^^^^^^^^^^^^^^^^^^^^^^^^^^^^^^^^^^^^^^^^^^^^^^^^^^^^^^^
  File "C:\Users\A\Downloads\New-folder-orderflow-copy\orderflow-copy-DeepSeek\main.py", line 571, in <listcomp>
    bids = [PriceLevel(price=float(p), size=float(s), timestamp=ts)
            ^^^^^^^^^^
NameError: name 'PriceLevel' is not defined

2026-06-02 19:41:42.388 | ERROR    | main:_on_paper_order_book:689 - Paper trading error: name 'PriceLevel' is not defined
2026-06-02 19:41:42.390 | ERROR    | main:_on_paper_order_book:691 - Traceback (most recent call last):
  File "C:\Users\A\Downloads\New-folder-orderflow-copy\orderflow-copy-DeepSeek\main.py", line 571, in _on_paper_order_book
    bids = [PriceLevel(price=float(p), size=float(s), timestamp=ts)
           ^^^^^^^^^^^^^^^^^^^^^^^^^^^^^^^^^^^^^^^^^^^^^^^^^^^^^^^^
  File "C:\Users\A\Downloads\New-folder-orderflow-copy\orderflow-copy-DeepSeek\main.py", line 571, in <listcomp>
    bids = [PriceLevel(price=float(p), size=float(s), timestamp=ts)
            ^^^^^^^^^^
NameError: name 'PriceLevel' is not defined

2026-06-02 19:41:42.789 | ERROR    | main:_on_paper_order_book:689 - Paper trading error: name 'PriceLevel' is not defined
2026-06-02 19:41:42.790 | ERROR    | main:_on_paper_order_book:691 - Traceback (most recent call last):
  File "C:\Users\A\Downloads\New-folder-orderflow-copy\orderflow-copy-DeepSeek\main.py", line 571, in _on_paper_order_book
    bids = [PriceLevel(price=float(p), size=float(s), timestamp=ts)
           ^^^^^^^^^^^^^^^^^^^^^^^^^^^^^^^^^^^^^^^^^^^^^^^^^^^^^^^^
  File "C:\Users\A\Downloads\New-folder-orderflow-copy\orderflow-copy-DeepSeek\main.py", line 571, in <listcomp>
    bids = [PriceLevel(price=float(p), size=float(s), timestamp=ts)
            ^^^^^^^^^^
NameError: name 'PriceLevel' is not defined

2026-06-02 19:41:43.085 | ERROR    | main:_on_paper_order_book:689 - Paper trading error: name 'PriceLevel' is not defined
2026-06-02 19:41:43.086 | ERROR    | main:_on_paper_order_book:691 - Traceback (most recent call last):
  File "C:\Users\A\Downloads\New-folder-orderflow-copy\orderflow-copy-DeepSeek\main.py", line 571, in _on_paper_order_book
    bids = [PriceLevel(price=float(p), size=float(s), timestamp=ts)
           ^^^^^^^^^^^^^^^^^^^^^^^^^^^^^^^^^^^^^^^^^^^^^^^^^^^^^^^^
  File "C:\Users\A\Downloads\New-folder-orderflow-copy\orderflow-copy-DeepSeek\main.py", line 571, in <listcomp>
    bids = [PriceLevel(price=float(p), size=float(s), timestamp=ts)
            ^^^^^^^^^^
NameError: name 'PriceLevel' is not defined

2026-06-02 19:41:43.190 | ERROR    | main:_on_paper_order_book:689 - Paper trading error: name 'PriceLevel' is not defined
2026-06-02 19:41:43.191 | ERROR    | main:_on_paper_order_book:691 - Traceback (most recent call last):
  File "C:\Users\A\Downloads\New-folder-orderflow-copy\orderflow-copy-DeepSeek\main.py", line 571, in _on_paper_order_book
    bids = [PriceLevel(price=float(p), size=float(s), timestamp=ts)
           ^^^^^^^^^^^^^^^^^^^^^^^^^^^^^^^^^^^^^^^^^^^^^^^^^^^^^^^^
  File "C:\Users\A\Downloads\New-folder-orderflow-copy\orderflow-copy-DeepSeek\main.py", line 571, in <listcomp>
    bids = [PriceLevel(price=float(p), size=float(s), timestamp=ts)
            ^^^^^^^^^^
NameError: name 'PriceLevel' is not defined

2026-06-02 19:41:43.284 | ERROR    | main:_on_paper_order_book:689 - Paper trading error: name 'PriceLevel' is not defined
2026-06-02 19:41:43.285 | ERROR    | main:_on_paper_order_book:691 - Traceback (most recent call last):
  File "C:\Users\A\Downloads\New-folder-orderflow-copy\orderflow-copy-DeepSeek\main.py", line 571, in _on_paper_order_book
    bids = [PriceLevel(price=float(p), size=float(s), timestamp=ts)
           ^^^^^^^^^^^^^^^^^^^^^^^^^^^^^^^^^^^^^^^^^^^^^^^^^^^^^^^^
  File "C:\Users\A\Downloads\New-folder-orderflow-copy\orderflow-copy-DeepSeek\main.py", line 571, in <listcomp>
    bids = [PriceLevel(price=float(p), size=float(s), timestamp=ts)
            ^^^^^^^^^^
NameError: name 'PriceLevel' is not defined

2026-06-02 19:41:43.385 | ERROR    | main:_on_paper_order_book:689 - Paper trading error: name 'PriceLevel' is not defined
2026-06-02 19:41:43.386 | ERROR    | main:_on_paper_order_book:691 - Traceback (most recent call last):
  File "C:\Users\A\Downloads\New-folder-orderflow-copy\orderflow-copy-DeepSeek\main.py", line 571, in _on_paper_order_book
    bids = [PriceLevel(price=float(p), size=float(s), timestamp=ts)
           ^^^^^^^^^^^^^^^^^^^^^^^^^^^^^^^^^^^^^^^^^^^^^^^^^^^^^^^^
  File "C:\Users\A\Downloads\New-folder-orderflow-copy\orderflow-copy-DeepSeek\main.py", line 571, in <listcomp>
    bids = [PriceLevel(price=float(p), size=float(s), timestamp=ts)
            ^^^^^^^^^^
NameError: name 'PriceLevel' is not defined

2026-06-02 19:41:43.485 | ERROR    | main:_on_paper_order_book:689 - Paper trading error: name 'PriceLevel' is not defined
2026-06-02 19:41:43.486 | ERROR    | main:_on_paper_order_book:691 - Traceback (most recent call last):
  File "C:\Users\A\Downloads\New-folder-orderflow-copy\orderflow-copy-DeepSeek\main.py", line 571, in _on_paper_order_book
    bids = [PriceLevel(price=float(p), size=float(s), timestamp=ts)
           ^^^^^^^^^^^^^^^^^^^^^^^^^^^^^^^^^^^^^^^^^^^^^^^^^^^^^^^^
  File "C:\Users\A\Downloads\New-folder-orderflow-copy\orderflow-copy-DeepSeek\main.py", line 571, in <listcomp>
    bids = [PriceLevel(price=float(p), size=float(s), timestamp=ts)
            ^^^^^^^^^^
NameError: name 'PriceLevel' is not defined

2026-06-02 19:41:43.584 | ERROR    | main:_on_paper_order_book:689 - Paper trading error: name 'PriceLevel' is not defined
2026-06-02 19:41:43.585 | ERROR    | main:_on_paper_order_book:691 - Traceback (most recent call last):
  File "C:\Users\A\Downloads\New-folder-orderflow-copy\orderflow-copy-DeepSeek\main.py", line 571, in _on_paper_order_book
    bids = [PriceLevel(price=float(p), size=float(s), timestamp=ts)
           ^^^^^^^^^^^^^^^^^^^^^^^^^^^^^^^^^^^^^^^^^^^^^^^^^^^^^^^^
  File "C:\Users\A\Downloads\New-folder-orderflow-copy\orderflow-copy-DeepSeek\main.py", line 571, in <listcomp>
    bids = [PriceLevel(price=float(p), size=float(s), timestamp=ts)
            ^^^^^^^^^^
NameError: name 'PriceLevel' is not defined

2026-06-02 19:41:43.684 | ERROR    | main:_on_paper_order_book:689 - Paper trading error: name 'PriceLevel' is not defined
2026-06-02 19:41:43.685 | ERROR    | main:_on_paper_order_book:691 - Traceback (most recent call last):
  File "C:\Users\A\Downloads\New-folder-orderflow-copy\orderflow-copy-DeepSeek\main.py", line 571, in _on_paper_order_book
    bids = [PriceLevel(price=float(p), size=float(s), timestamp=ts)
           ^^^^^^^^^^^^^^^^^^^^^^^^^^^^^^^^^^^^^^^^^^^^^^^^^^^^^^^^
  File "C:\Users\A\Downloads\New-folder-orderflow-copy\orderflow-copy-DeepSeek\main.py", line 571, in <listcomp>
    bids = [PriceLevel(price=float(p), size=float(s), timestamp=ts)
            ^^^^^^^^^^
NameError: name 'PriceLevel' is not defined

2026-06-02 19:41:43.787 | ERROR    | main:_on_paper_order_book:689 - Paper trading error: name 'PriceLevel' is not defined
2026-06-02 19:41:43.788 | ERROR    | main:_on_paper_order_book:691 - Traceback (most recent call last):
  File "C:\Users\A\Downloads\New-folder-orderflow-copy\orderflow-copy-DeepSeek\main.py", line 571, in _on_paper_order_book
    bids = [PriceLevel(price=float(p), size=float(s), timestamp=ts)
           ^^^^^^^^^^^^^^^^^^^^^^^^^^^^^^^^^^^^^^^^^^^^^^^^^^^^^^^^
  File "C:\Users\A\Downloads\New-folder-orderflow-copy\orderflow-copy-DeepSeek\main.py", line 571, in <listcomp>
    bids = [PriceLevel(price=float(p), size=float(s), timestamp=ts)
            ^^^^^^^^^^
NameError: name 'PriceLevel' is not defined

2026-06-02 19:41:43.885 | ERROR    | main:_on_paper_order_book:689 - Paper trading error: name 'PriceLevel' is not defined
2026-06-02 19:41:43.886 | ERROR    | main:_on_paper_order_book:691 - Traceback (most recent call last):
  File "C:\Users\A\Downloads\New-folder-orderflow-copy\orderflow-copy-DeepSeek\main.py", line 571, in _on_paper_order_book
    bids = [PriceLevel(price=float(p), size=float(s), timestamp=ts)
           ^^^^^^^^^^^^^^^^^^^^^^^^^^^^^^^^^^^^^^^^^^^^^^^^^^^^^^^^
  File "C:\Users\A\Downloads\New-folder-orderflow-copy\orderflow-copy-DeepSeek\main.py", line 571, in <listcomp>
    bids = [PriceLevel(price=float(p), size=float(s), timestamp=ts)
            ^^^^^^^^^^
NameError: name 'PriceLevel' is not defined

2026-06-02 19:41:43.985 | ERROR    | main:_on_paper_order_book:689 - Paper trading error: name 'PriceLevel' is not defined
2026-06-02 19:41:43.986 | ERROR    | main:_on_paper_order_book:691 - Traceback (most recent call last):
  File "C:\Users\A\Downloads\New-folder-orderflow-copy\orderflow-copy-DeepSeek\main.py", line 571, in _on_paper_order_book
    bids = [PriceLevel(price=float(p), size=float(s), timestamp=ts)
           ^^^^^^^^^^^^^^^^^^^^^^^^^^^^^^^^^^^^^^^^^^^^^^^^^^^^^^^^
  File "C:\Users\A\Downloads\New-folder-orderflow-copy\orderflow-copy-DeepSeek\main.py", line 571, in <listcomp>
    bids = [PriceLevel(price=float(p), size=float(s), timestamp=ts)
            ^^^^^^^^^^
NameError: name 'PriceLevel' is not defined

2026-06-02 19:41:44.085 | ERROR    | main:_on_paper_order_book:689 - Paper trading error: name 'PriceLevel' is not defined
2026-06-02 19:41:44.086 | ERROR    | main:_on_paper_order_book:691 - Traceback (most recent call last):
  File "C:\Users\A\Downloads\New-folder-orderflow-copy\orderflow-copy-DeepSeek\main.py", line 571, in _on_paper_order_book
    bids = [PriceLevel(price=float(p), size=float(s), timestamp=ts)
           ^^^^^^^^^^^^^^^^^^^^^^^^^^^^^^^^^^^^^^^^^^^^^^^^^^^^^^^^
  File "C:\Users\A\Downloads\New-folder-orderflow-copy\orderflow-copy-DeepSeek\main.py", line 571, in <listcomp>
    bids = [PriceLevel(price=float(p), size=float(s), timestamp=ts)
            ^^^^^^^^^^
NameError: name 'PriceLevel' is not defined

2026-06-02 19:41:44.739 | ERROR    | main:_on_paper_order_book:689 - Paper trading error: name 'PriceLevel' is not defined
2026-06-02 19:41:44.741 | ERROR    | main:_on_paper_order_book:691 - Traceback (most recent call last):
  File "C:\Users\A\Downloads\New-folder-orderflow-copy\orderflow-copy-DeepSeek\main.py", line 571, in _on_paper_order_book
    bids = [PriceLevel(price=float(p), size=float(s), timestamp=ts)
           ^^^^^^^^^^^^^^^^^^^^^^^^^^^^^^^^^^^^^^^^^^^^^^^^^^^^^^^^
  File "C:\Users\A\Downloads\New-folder-orderflow-copy\orderflow-copy-DeepSeek\main.py", line 571, in <listcomp>
    bids = [PriceLevel(price=float(p), size=float(s), timestamp=ts)
            ^^^^^^^^^^
NameError: name 'PriceLevel' is not defined

2026-06-02 19:41:44.885 | ERROR    | main:_on_paper_order_book:689 - Paper trading error: name 'PriceLevel' is not defined
2026-06-02 19:41:44.886 | ERROR    | main:_on_paper_order_book:691 - Traceback (most recent call last):
  File "C:\Users\A\Downloads\New-folder-orderflow-copy\orderflow-copy-DeepSeek\main.py", line 571, in _on_paper_order_book
    bids = [PriceLevel(price=float(p), size=float(s), timestamp=ts)
           ^^^^^^^^^^^^^^^^^^^^^^^^^^^^^^^^^^^^^^^^^^^^^^^^^^^^^^^^
  File "C:\Users\A\Downloads\New-folder-orderflow-copy\orderflow-copy-DeepSeek\main.py", line 571, in <listcomp>
    bids = [PriceLevel(price=float(p), size=float(s), timestamp=ts)
            ^^^^^^^^^^
NameError: name 'PriceLevel' is not defined

2026-06-02 19:41:44.989 | ERROR    | main:_on_paper_order_book:689 - Paper trading error: name 'PriceLevel' is not defined
2026-06-02 19:41:44.989 | ERROR    | main:_on_paper_order_book:691 - Traceback (most recent call last):
  File "C:\Users\A\Downloads\New-folder-orderflow-copy\orderflow-copy-DeepSeek\main.py", line 571, in _on_paper_order_book
    bids = [PriceLevel(price=float(p), size=float(s), timestamp=ts)
           ^^^^^^^^^^^^^^^^^^^^^^^^^^^^^^^^^^^^^^^^^^^^^^^^^^^^^^^^
  File "C:\Users\A\Downloads\New-folder-orderflow-copy\orderflow-copy-DeepSeek\main.py", line 571, in <listcomp>
    bids = [PriceLevel(price=float(p), size=float(s), timestamp=ts)
            ^^^^^^^^^^
NameError: name 'PriceLevel' is not defined

2026-06-02 19:41:45.087 | ERROR    | main:_on_paper_order_book:689 - Paper trading error: name 'PriceLevel' is not defined
2026-06-02 19:41:45.088 | ERROR    | main:_on_paper_order_book:691 - Traceback (most recent call last):
  File "C:\Users\A\Downloads\New-folder-orderflow-copy\orderflow-copy-DeepSeek\main.py", line 571, in _on_paper_order_book
    bids = [PriceLevel(price=float(p), size=float(s), timestamp=ts)
           ^^^^^^^^^^^^^^^^^^^^^^^^^^^^^^^^^^^^^^^^^^^^^^^^^^^^^^^^
  File "C:\Users\A\Downloads\New-folder-orderflow-copy\orderflow-copy-DeepSeek\main.py", line 571, in <listcomp>
    bids = [PriceLevel(price=float(p), size=float(s), timestamp=ts)
            ^^^^^^^^^^
NameError: name 'PriceLevel' is not defined

2026-06-02 19:41:46.087 | ERROR    | main:_on_paper_order_book:689 - Paper trading error: name 'PriceLevel' is not defined
2026-06-02 19:41:46.089 | ERROR    | main:_on_paper_order_book:691 - Traceback (most recent call last):
  File "C:\Users\A\Downloads\New-folder-orderflow-copy\orderflow-copy-DeepSeek\main.py", line 571, in _on_paper_order_book
    bids = [PriceLevel(price=float(p), size=float(s), timestamp=ts)
           ^^^^^^^^^^^^^^^^^^^^^^^^^^^^^^^^^^^^^^^^^^^^^^^^^^^^^^^^
  File "C:\Users\A\Downloads\New-folder-orderflow-copy\orderflow-copy-DeepSeek\main.py", line 571, in <listcomp>
    bids = [PriceLevel(price=float(p), size=float(s), timestamp=ts)
            ^^^^^^^^^^
NameError: name 'PriceLevel' is not defined

2026-06-02 19:41:46.202 | ERROR    | main:_on_paper_order_book:689 - Paper trading error: name 'PriceLevel' is not defined
2026-06-02 19:41:46.202 | ERROR    | main:_on_paper_order_book:691 - Traceback (most recent call last):
  File "C:\Users\A\Downloads\New-folder-orderflow-copy\orderflow-copy-DeepSeek\main.py", line 571, in _on_paper_order_book
    bids = [PriceLevel(price=float(p), size=float(s), timestamp=ts)
           ^^^^^^^^^^^^^^^^^^^^^^^^^^^^^^^^^^^^^^^^^^^^^^^^^^^^^^^^
  File "C:\Users\A\Downloads\New-folder-orderflow-copy\orderflow-copy-DeepSeek\main.py", line 571, in <listcomp>
    bids = [PriceLevel(price=float(p), size=float(s), timestamp=ts)
            ^^^^^^^^^^
NameError: name 'PriceLevel' is not defined

2026-06-02 19:41:46.288 | ERROR    | main:_on_paper_order_book:689 - Paper trading error: name 'PriceLevel' is not defined
2026-06-02 19:41:46.289 | ERROR    | main:_on_paper_order_book:691 - Traceback (most recent call last):
  File "C:\Users\A\Downloads\New-folder-orderflow-copy\orderflow-copy-DeepSeek\main.py", line 571, in _on_paper_order_book
    bids = [PriceLevel(price=float(p), size=float(s), timestamp=ts)
           ^^^^^^^^^^^^^^^^^^^^^^^^^^^^^^^^^^^^^^^^^^^^^^^^^^^^^^^^
  File "C:\Users\A\Downloads\New-folder-orderflow-copy\orderflow-copy-DeepSeek\main.py", line 571, in <listcomp>
    bids = [PriceLevel(price=float(p), size=float(s), timestamp=ts)
            ^^^^^^^^^^
NameError: name 'PriceLevel' is not defined

2026-06-02 19:41:46.386 | ERROR    | main:_on_paper_order_book:689 - Paper trading error: name 'PriceLevel' is not defined
2026-06-02 19:41:46.387 | ERROR    | main:_on_paper_order_book:691 - Traceback (most recent call last):
  File "C:\Users\A\Downloads\New-folder-orderflow-copy\orderflow-copy-DeepSeek\main.py", line 571, in _on_paper_order_book
    bids = [PriceLevel(price=float(p), size=float(s), timestamp=ts)
           ^^^^^^^^^^^^^^^^^^^^^^^^^^^^^^^^^^^^^^^^^^^^^^^^^^^^^^^^
  File "C:\Users\A\Downloads\New-folder-orderflow-copy\orderflow-copy-DeepSeek\main.py", line 571, in <listcomp>
    bids = [PriceLevel(price=float(p), size=float(s), timestamp=ts)
            ^^^^^^^^^^
NameError: name 'PriceLevel' is not defined

2026-06-02 19:41:46.489 | ERROR    | main:_on_paper_order_book:689 - Paper trading error: name 'PriceLevel' is not defined
2026-06-02 19:41:46.491 | ERROR    | main:_on_paper_order_book:691 - Traceback (most recent call last):
  File "C:\Users\A\Downloads\New-folder-orderflow-copy\orderflow-copy-DeepSeek\main.py", line 571, in _on_paper_order_book
    bids = [PriceLevel(price=float(p), size=float(s), timestamp=ts)
           ^^^^^^^^^^^^^^^^^^^^^^^^^^^^^^^^^^^^^^^^^^^^^^^^^^^^^^^^
  File "C:\Users\A\Downloads\New-folder-orderflow-copy\orderflow-copy-DeepSeek\main.py", line 571, in <listcomp>
    bids = [PriceLevel(price=float(p), size=float(s), timestamp=ts)
            ^^^^^^^^^^
NameError: name 'PriceLevel' is not defined

2026-06-02 19:41:46.586 | ERROR    | main:_on_paper_order_book:689 - Paper trading error: name 'PriceLevel' is not defined
2026-06-02 19:41:46.588 | ERROR    | main:_on_paper_order_book:691 - Traceback (most recent call last):
  File "C:\Users\A\Downloads\New-folder-orderflow-copy\orderflow-copy-DeepSeek\main.py", line 571, in _on_paper_order_book
    bids = [PriceLevel(price=float(p), size=float(s), timestamp=ts)
           ^^^^^^^^^^^^^^^^^^^^^^^^^^^^^^^^^^^^^^^^^^^^^^^^^^^^^^^^
  File "C:\Users\A\Downloads\New-folder-orderflow-copy\orderflow-copy-DeepSeek\main.py", line 571, in <listcomp>
    bids = [PriceLevel(price=float(p), size=float(s), timestamp=ts)
            ^^^^^^^^^^
NameError: name 'PriceLevel' is not defined

2026-06-02 19:41:47.713 | ERROR    | main:_on_paper_order_book:689 - Paper trading error: name 'PriceLevel' is not defined
2026-06-02 19:41:47.715 | ERROR    | main:_on_paper_order_book:691 - Traceback (most recent call last):
  File "C:\Users\A\Downloads\New-folder-orderflow-copy\orderflow-copy-DeepSeek\main.py", line 571, in _on_paper_order_book
    bids = [PriceLevel(price=float(p), size=float(s), timestamp=ts)
           ^^^^^^^^^^^^^^^^^^^^^^^^^^^^^^^^^^^^^^^^^^^^^^^^^^^^^^^^
  File "C:\Users\A\Downloads\New-folder-orderflow-copy\orderflow-copy-DeepSeek\main.py", line 571, in <listcomp>
    bids = [PriceLevel(price=float(p), size=float(s), timestamp=ts)
            ^^^^^^^^^^
NameError: name 'PriceLevel' is not defined

2026-06-02 19:41:48.634 | ERROR    | main:_on_paper_order_book:689 - Paper trading error: name 'PriceLevel' is not defined
2026-06-02 19:41:48.635 | ERROR    | main:_on_paper_order_book:691 - Traceback (most recent call last):
  File "C:\Users\A\Downloads\New-folder-orderflow-copy\orderflow-copy-DeepSeek\main.py", line 571, in _on_paper_order_book
    bids = [PriceLevel(price=float(p), size=float(s), timestamp=ts)
           ^^^^^^^^^^^^^^^^^^^^^^^^^^^^^^^^^^^^^^^^^^^^^^^^^^^^^^^^
  File "C:\Users\A\Downloads\New-folder-orderflow-copy\orderflow-copy-DeepSeek\main.py", line 571, in <listcomp>
    bids = [PriceLevel(price=float(p), size=float(s), timestamp=ts)
            ^^^^^^^^^^
NameError: name 'PriceLevel' is not defined

2026-06-02 19:41:48.685 | ERROR    | main:_on_paper_order_book:689 - Paper trading error: name 'PriceLevel' is not defined
2026-06-02 19:41:48.686 | ERROR    | main:_on_paper_order_book:691 - Traceback (most recent call last):
  File "C:\Users\A\Downloads\New-folder-orderflow-copy\orderflow-copy-DeepSeek\main.py", line 571, in _on_paper_order_book
    bids = [PriceLevel(price=float(p), size=float(s), timestamp=ts)
           ^^^^^^^^^^^^^^^^^^^^^^^^^^^^^^^^^^^^^^^^^^^^^^^^^^^^^^^^
  File "C:\Users\A\Downloads\New-folder-orderflow-copy\orderflow-copy-DeepSeek\main.py", line 571, in <listcomp>
    bids = [PriceLevel(price=float(p), size=float(s), timestamp=ts)
            ^^^^^^^^^^
NameError: name 'PriceLevel' is not defined

2026-06-02 19:41:48.800 | ERROR    | main:_on_paper_order_book:689 - Paper trading error: name 'PriceLevel' is not defined
2026-06-02 19:41:48.801 | ERROR    | main:_on_paper_order_book:691 - Traceback (most recent call last):
  File "C:\Users\A\Downloads\New-folder-orderflow-copy\orderflow-copy-DeepSeek\main.py", line 571, in _on_paper_order_book
    bids = [PriceLevel(price=float(p), size=float(s), timestamp=ts)
           ^^^^^^^^^^^^^^^^^^^^^^^^^^^^^^^^^^^^^^^^^^^^^^^^^^^^^^^^
  File "C:\Users\A\Downloads\New-folder-orderflow-copy\orderflow-copy-DeepSeek\main.py", line 571, in <listcomp>
    bids = [PriceLevel(price=float(p), size=float(s), timestamp=ts)
            ^^^^^^^^^^
NameError: name 'PriceLevel' is not defined

2026-06-02 19:41:48.886 | ERROR    | main:_on_paper_order_book:689 - Paper trading error: name 'PriceLevel' is not defined
2026-06-02 19:41:48.886 | ERROR    | main:_on_paper_order_book:691 - Traceback (most recent call last):
  File "C:\Users\A\Downloads\New-folder-orderflow-copy\orderflow-copy-DeepSeek\main.py", line 571, in _on_paper_order_book
    bids = [PriceLevel(price=float(p), size=float(s), timestamp=ts)
           ^^^^^^^^^^^^^^^^^^^^^^^^^^^^^^^^^^^^^^^^^^^^^^^^^^^^^^^^
  File "C:\Users\A\Downloads\New-folder-orderflow-copy\orderflow-copy-DeepSeek\main.py", line 571, in <listcomp>
    bids = [PriceLevel(price=float(p), size=float(s), timestamp=ts)
            ^^^^^^^^^^
NameError: name 'PriceLevel' is not defined

2026-06-02 19:41:48.983 | ERROR    | main:_on_paper_order_book:689 - Paper trading error: name 'PriceLevel' is not defined
2026-06-02 19:41:48.984 | ERROR    | main:_on_paper_order_book:691 - Traceback (most recent call last):
  File "C:\Users\A\Downloads\New-folder-orderflow-copy\orderflow-copy-DeepSeek\main.py", line 571, in _on_paper_order_book
    bids = [PriceLevel(price=float(p), size=float(s), timestamp=ts)
           ^^^^^^^^^^^^^^^^^^^^^^^^^^^^^^^^^^^^^^^^^^^^^^^^^^^^^^^^
  File "C:\Users\A\Downloads\New-folder-orderflow-copy\orderflow-copy-DeepSeek\main.py", line 571, in <listcomp>
    bids = [PriceLevel(price=float(p), size=float(s), timestamp=ts)
            ^^^^^^^^^^
NameError: name 'PriceLevel' is not defined

2026-06-02 19:41:49.085 | ERROR    | main:_on_paper_order_book:689 - Paper trading error: name 'PriceLevel' is not defined
2026-06-02 19:41:49.085 | ERROR    | main:_on_paper_order_book:691 - Traceback (most recent call last):
  File "C:\Users\A\Downloads\New-folder-orderflow-copy\orderflow-copy-DeepSeek\main.py", line 571, in _on_paper_order_book
    bids = [PriceLevel(price=float(p), size=float(s), timestamp=ts)
           ^^^^^^^^^^^^^^^^^^^^^^^^^^^^^^^^^^^^^^^^^^^^^^^^^^^^^^^^
  File "C:\Users\A\Downloads\New-folder-orderflow-copy\orderflow-copy-DeepSeek\main.py", line 571, in <listcomp>
    bids = [PriceLevel(price=float(p), size=float(s), timestamp=ts)
            ^^^^^^^^^^
NameError: name 'PriceLevel' is not defined

2026-06-02 19:41:49.187 | ERROR    | main:_on_paper_order_book:689 - Paper trading error: name 'PriceLevel' is not defined
2026-06-02 19:41:49.188 | ERROR    | main:_on_paper_order_book:691 - Traceback (most recent call last):
  File "C:\Users\A\Downloads\New-folder-orderflow-copy\orderflow-copy-DeepSeek\main.py", line 571, in _on_paper_order_book
    bids = [PriceLevel(price=float(p), size=float(s), timestamp=ts)
           ^^^^^^^^^^^^^^^^^^^^^^^^^^^^^^^^^^^^^^^^^^^^^^^^^^^^^^^^
  File "C:\Users\A\Downloads\New-folder-orderflow-copy\orderflow-copy-DeepSeek\main.py", line 571, in <listcomp>
    bids = [PriceLevel(price=float(p), size=float(s), timestamp=ts)
            ^^^^^^^^^^
NameError: name 'PriceLevel' is not defined

2026-06-02 19:41:49.284 | ERROR    | main:_on_paper_order_book:689 - Paper trading error: name 'PriceLevel' is not defined
2026-06-02 19:41:49.284 | ERROR    | main:_on_paper_order_book:691 - Traceback (most recent call last):
  File "C:\Users\A\Downloads\New-folder-orderflow-copy\orderflow-copy-DeepSeek\main.py", line 571, in _on_paper_order_book
    bids = [PriceLevel(price=float(p), size=float(s), timestamp=ts)
           ^^^^^^^^^^^^^^^^^^^^^^^^^^^^^^^^^^^^^^^^^^^^^^^^^^^^^^^^
  File "C:\Users\A\Downloads\New-folder-orderflow-copy\orderflow-copy-DeepSeek\main.py", line 571, in <listcomp>
    bids = [PriceLevel(price=float(p), size=float(s), timestamp=ts)
            ^^^^^^^^^^
NameError: name 'PriceLevel' is not defined

2026-06-02 19:41:49.383 | ERROR    | main:_on_paper_order_book:689 - Paper trading error: name 'PriceLevel' is not defined
2026-06-02 19:41:49.384 | ERROR    | main:_on_paper_order_book:691 - Traceback (most recent call last):
  File "C:\Users\A\Downloads\New-folder-orderflow-copy\orderflow-copy-DeepSeek\main.py", line 571, in _on_paper_order_book
    bids = [PriceLevel(price=float(p), size=float(s), timestamp=ts)
           ^^^^^^^^^^^^^^^^^^^^^^^^^^^^^^^^^^^^^^^^^^^^^^^^^^^^^^^^
  File "C:\Users\A\Downloads\New-folder-orderflow-copy\orderflow-copy-DeepSeek\main.py", line 571, in <listcomp>
    bids = [PriceLevel(price=float(p), size=float(s), timestamp=ts)
            ^^^^^^^^^^
NameError: name 'PriceLevel' is not defined

2026-06-02 19:41:49.484 | ERROR    | main:_on_paper_order_book:689 - Paper trading error: name 'PriceLevel' is not defined
2026-06-02 19:41:49.485 | ERROR    | main:_on_paper_order_book:691 - Traceback (most recent call last):
  File "C:\Users\A\Downloads\New-folder-orderflow-copy\orderflow-copy-DeepSeek\main.py", line 571, in _on_paper_order_book
    bids = [PriceLevel(price=float(p), size=float(s), timestamp=ts)
           ^^^^^^^^^^^^^^^^^^^^^^^^^^^^^^^^^^^^^^^^^^^^^^^^^^^^^^^^
  File "C:\Users\A\Downloads\New-folder-orderflow-copy\orderflow-copy-DeepSeek\main.py", line 571, in <listcomp>
    bids = [PriceLevel(price=float(p), size=float(s), timestamp=ts)
            ^^^^^^^^^^
NameError: name 'PriceLevel' is not defined

2026-06-02 19:41:49.610 | ERROR    | main:_on_paper_order_book:689 - Paper trading error: name 'PriceLevel' is not defined
2026-06-02 19:41:49.612 | ERROR    | main:_on_paper_order_book:691 - Traceback (most recent call last):
  File "C:\Users\A\Downloads\New-folder-orderflow-copy\orderflow-copy-DeepSeek\main.py", line 571, in _on_paper_order_book
    bids = [PriceLevel(price=float(p), size=float(s), timestamp=ts)
           ^^^^^^^^^^^^^^^^^^^^^^^^^^^^^^^^^^^^^^^^^^^^^^^^^^^^^^^^
  File "C:\Users\A\Downloads\New-folder-orderflow-copy\orderflow-copy-DeepSeek\main.py", line 571, in <listcomp>
    bids = [PriceLevel(price=float(p), size=float(s), timestamp=ts)
            ^^^^^^^^^^
NameError: name 'PriceLevel' is not defined

2026-06-02 19:41:49.686 | ERROR    | main:_on_paper_order_book:689 - Paper trading error: name 'PriceLevel' is not defined
2026-06-02 19:41:49.687 | ERROR    | main:_on_paper_order_book:691 - Traceback (most recent call last):
  File "C:\Users\A\Downloads\New-folder-orderflow-copy\orderflow-copy-DeepSeek\main.py", line 571, in _on_paper_order_book
    bids = [PriceLevel(price=float(p), size=float(s), timestamp=ts)
           ^^^^^^^^^^^^^^^^^^^^^^^^^^^^^^^^^^^^^^^^^^^^^^^^^^^^^^^^
  File "C:\Users\A\Downloads\New-folder-orderflow-copy\orderflow-copy-DeepSeek\main.py", line 571, in <listcomp>
    bids = [PriceLevel(price=float(p), size=float(s), timestamp=ts)
            ^^^^^^^^^^
NameError: name 'PriceLevel' is not defined

2026-06-02 19:41:49.795 | ERROR    | main:_on_paper_order_book:689 - Paper trading error: name 'PriceLevel' is not defined
2026-06-02 19:41:49.795 | ERROR    | main:_on_paper_order_book:691 - Traceback (most recent call last):
  File "C:\Users\A\Downloads\New-folder-orderflow-copy\orderflow-copy-DeepSeek\main.py", line 571, in _on_paper_order_book
    bids = [PriceLevel(price=float(p), size=float(s), timestamp=ts)
           ^^^^^^^^^^^^^^^^^^^^^^^^^^^^^^^^^^^^^^^^^^^^^^^^^^^^^^^^
  File "C:\Users\A\Downloads\New-folder-orderflow-copy\orderflow-copy-DeepSeek\main.py", line 571, in <listcomp>
    bids = [PriceLevel(price=float(p), size=float(s), timestamp=ts)
            ^^^^^^^^^^
NameError: name 'PriceLevel' is not defined

2026-06-02 19:41:50.057 | ERROR    | main:_on_paper_order_book:689 - Paper trading error: name 'PriceLevel' is not defined
2026-06-02 19:41:50.058 | ERROR    | main:_on_paper_order_book:691 - Traceback (most recent call last):
  File "C:\Users\A\Downloads\New-folder-orderflow-copy\orderflow-copy-DeepSeek\main.py", line 571, in _on_paper_order_book
    bids = [PriceLevel(price=float(p), size=float(s), timestamp=ts)
           ^^^^^^^^^^^^^^^^^^^^^^^^^^^^^^^^^^^^^^^^^^^^^^^^^^^^^^^^
  File "C:\Users\A\Downloads\New-folder-orderflow-copy\orderflow-copy-DeepSeek\main.py", line 571, in <listcomp>
    bids = [PriceLevel(price=float(p), size=float(s), timestamp=ts)
            ^^^^^^^^^^
NameError: name 'PriceLevel' is not defined

2026-06-02 19:41:50.084 | ERROR    | main:_on_paper_order_book:689 - Paper trading error: name 'PriceLevel' is not defined
2026-06-02 19:41:50.084 | ERROR    | main:_on_paper_order_book:691 - Traceback (most recent call last):
  File "C:\Users\A\Downloads\New-folder-orderflow-copy\orderflow-copy-DeepSeek\main.py", line 571, in _on_paper_order_book
    bids = [PriceLevel(price=float(p), size=float(s), timestamp=ts)
           ^^^^^^^^^^^^^^^^^^^^^^^^^^^^^^^^^^^^^^^^^^^^^^^^^^^^^^^^
  File "C:\Users\A\Downloads\New-folder-orderflow-copy\orderflow-copy-DeepSeek\main.py", line 571, in <listcomp>
    bids = [PriceLevel(price=float(p), size=float(s), timestamp=ts)
            ^^^^^^^^^^
NameError: name 'PriceLevel' is not defined

2026-06-02 19:41:50.267 | ERROR    | main:_on_paper_order_book:689 - Paper trading error: name 'PriceLevel' is not defined
2026-06-02 19:41:50.268 | ERROR    | main:_on_paper_order_book:691 - Traceback (most recent call last):
  File "C:\Users\A\Downloads\New-folder-orderflow-copy\orderflow-copy-DeepSeek\main.py", line 571, in _on_paper_order_book
    bids = [PriceLevel(price=float(p), size=float(s), timestamp=ts)
           ^^^^^^^^^^^^^^^^^^^^^^^^^^^^^^^^^^^^^^^^^^^^^^^^^^^^^^^^
  File "C:\Users\A\Downloads\New-folder-orderflow-copy\orderflow-copy-DeepSeek\main.py", line 571, in <listcomp>
    bids = [PriceLevel(price=float(p), size=float(s), timestamp=ts)
            ^^^^^^^^^^
NameError: name 'PriceLevel' is not defined

2026-06-02 19:41:50.475 | ERROR    | main:_on_paper_order_book:689 - Paper trading error: name 'PriceLevel' is not defined
2026-06-02 19:41:50.477 | ERROR    | main:_on_paper_order_book:691 - Traceback (most recent call last):
  File "C:\Users\A\Downloads\New-folder-orderflow-copy\orderflow-copy-DeepSeek\main.py", line 571, in _on_paper_order_book
    bids = [PriceLevel(price=float(p), size=float(s), timestamp=ts)
           ^^^^^^^^^^^^^^^^^^^^^^^^^^^^^^^^^^^^^^^^^^^^^^^^^^^^^^^^
  File "C:\Users\A\Downloads\New-folder-orderflow-copy\orderflow-copy-DeepSeek\main.py", line 571, in <listcomp>
    bids = [PriceLevel(price=float(p), size=float(s), timestamp=ts)
            ^^^^^^^^^^
NameError: name 'PriceLevel' is not defined

2026-06-02 19:41:50.491 | ERROR    | main:_on_paper_order_book:689 - Paper trading error: name 'PriceLevel' is not defined
2026-06-02 19:41:50.494 | ERROR    | main:_on_paper_order_book:691 - Traceback (most recent call last):
  File "C:\Users\A\Downloads\New-folder-orderflow-copy\orderflow-copy-DeepSeek\main.py", line 571, in _on_paper_order_book
    bids = [PriceLevel(price=float(p), size=float(s), timestamp=ts)
           ^^^^^^^^^^^^^^^^^^^^^^^^^^^^^^^^^^^^^^^^^^^^^^^^^^^^^^^^
  File "C:\Users\A\Downloads\New-folder-orderflow-copy\orderflow-copy-DeepSeek\main.py", line 571, in <listcomp>
    bids = [PriceLevel(price=float(p), size=float(s), timestamp=ts)
            ^^^^^^^^^^
NameError: name 'PriceLevel' is not defined

2026-06-02 19:41:50.682 | ERROR    | main:_on_paper_order_book:689 - Paper trading error: name 'PriceLevel' is not defined
2026-06-02 19:41:50.684 | ERROR    | main:_on_paper_order_book:691 - Traceback (most recent call last):
  File "C:\Users\A\Downloads\New-folder-orderflow-copy\orderflow-copy-DeepSeek\main.py", line 571, in _on_paper_order_book
    bids = [PriceLevel(price=float(p), size=float(s), timestamp=ts)
           ^^^^^^^^^^^^^^^^^^^^^^^^^^^^^^^^^^^^^^^^^^^^^^^^^^^^^^^^
  File "C:\Users\A\Downloads\New-folder-orderflow-copy\orderflow-copy-DeepSeek\main.py", line 571, in <listcomp>
    bids = [PriceLevel(price=float(p), size=float(s), timestamp=ts)
            ^^^^^^^^^^
NameError: name 'PriceLevel' is not defined

2026-06-02 19:41:50.687 | ERROR    | main:_on_paper_order_book:689 - Paper trading error: name 'PriceLevel' is not defined
2026-06-02 19:41:50.688 | ERROR    | main:_on_paper_order_book:691 - Traceback (most recent call last):
  File "C:\Users\A\Downloads\New-folder-orderflow-copy\orderflow-copy-DeepSeek\main.py", line 571, in _on_paper_order_book
    bids = [PriceLevel(price=float(p), size=float(s), timestamp=ts)
           ^^^^^^^^^^^^^^^^^^^^^^^^^^^^^^^^^^^^^^^^^^^^^^^^^^^^^^^^
  File "C:\Users\A\Downloads\New-folder-orderflow-copy\orderflow-copy-DeepSeek\main.py", line 571, in <listcomp>
    bids = [PriceLevel(price=float(p), size=float(s), timestamp=ts)
            ^^^^^^^^^^
NameError: name 'PriceLevel' is not defined

2026-06-02 19:41:51.784 | ERROR    | main:_on_paper_order_book:689 - Paper trading error: name 'PriceLevel' is not defined
2026-06-02 19:41:51.785 | ERROR    | main:_on_paper_order_book:691 - Traceback (most recent call last):
  File "C:\Users\A\Downloads\New-folder-orderflow-copy\orderflow-copy-DeepSeek\main.py", line 571, in _on_paper_order_book
    bids = [PriceLevel(price=float(p), size=float(s), timestamp=ts)
           ^^^^^^^^^^^^^^^^^^^^^^^^^^^^^^^^^^^^^^^^^^^^^^^^^^^^^^^^
  File "C:\Users\A\Downloads\New-folder-orderflow-copy\orderflow-copy-DeepSeek\main.py", line 571, in <listcomp>
    bids = [PriceLevel(price=float(p), size=float(s), timestamp=ts)
            ^^^^^^^^^^
NameError: name 'PriceLevel' is not defined

2026-06-02 19:41:52.010 | ERROR    | main:_on_paper_order_book:689 - Paper trading error: name 'PriceLevel' is not defined
2026-06-02 19:41:52.011 | ERROR    | main:_on_paper_order_book:691 - Traceback (most recent call last):
  File "C:\Users\A\Downloads\New-folder-orderflow-copy\orderflow-copy-DeepSeek\main.py", line 571, in _on_paper_order_book
    bids = [PriceLevel(price=float(p), size=float(s), timestamp=ts)
           ^^^^^^^^^^^^^^^^^^^^^^^^^^^^^^^^^^^^^^^^^^^^^^^^^^^^^^^^
  File "C:\Users\A\Downloads\New-folder-orderflow-copy\orderflow-copy-DeepSeek\main.py", line 571, in <listcomp>
    bids = [PriceLevel(price=float(p), size=float(s), timestamp=ts)
            ^^^^^^^^^^
NameError: name 'PriceLevel' is not defined

2026-06-02 19:41:52.087 | ERROR    | main:_on_paper_order_book:689 - Paper trading error: name 'PriceLevel' is not defined
2026-06-02 19:41:52.089 | ERROR    | main:_on_paper_order_book:691 - Traceback (most recent call last):
  File "C:\Users\A\Downloads\New-folder-orderflow-copy\orderflow-copy-DeepSeek\main.py", line 571, in _on_paper_order_book
    bids = [PriceLevel(price=float(p), size=float(s), timestamp=ts)
           ^^^^^^^^^^^^^^^^^^^^^^^^^^^^^^^^^^^^^^^^^^^^^^^^^^^^^^^^
  File "C:\Users\A\Downloads\New-folder-orderflow-copy\orderflow-copy-DeepSeek\main.py", line 571, in <listcomp>
    bids = [PriceLevel(price=float(p), size=float(s), timestamp=ts)
            ^^^^^^^^^^
NameError: name 'PriceLevel' is not defined

2026-06-02 19:41:52.186 | ERROR    | main:_on_paper_order_book:689 - Paper trading error: name 'PriceLevel' is not defined
2026-06-02 19:41:52.187 | ERROR    | main:_on_paper_order_book:691 - Traceback (most recent call last):
  File "C:\Users\A\Downloads\New-folder-orderflow-copy\orderflow-copy-DeepSeek\main.py", line 571, in _on_paper_order_book
    bids = [PriceLevel(price=float(p), size=float(s), timestamp=ts)
           ^^^^^^^^^^^^^^^^^^^^^^^^^^^^^^^^^^^^^^^^^^^^^^^^^^^^^^^^
  File "C:\Users\A\Downloads\New-folder-orderflow-copy\orderflow-copy-DeepSeek\main.py", line 571, in <listcomp>
    bids = [PriceLevel(price=float(p), size=float(s), timestamp=ts)
            ^^^^^^^^^^
NameError: name 'PriceLevel' is not defined

2026-06-02 19:41:52.319 | ERROR    | main:_on_paper_order_book:689 - Paper trading error: name 'PriceLevel' is not defined
2026-06-02 19:41:52.321 | ERROR    | main:_on_paper_order_book:691 - Traceback (most recent call last):
  File "C:\Users\A\Downloads\New-folder-orderflow-copy\orderflow-copy-DeepSeek\main.py", line 571, in _on_paper_order_book
    bids = [PriceLevel(price=float(p), size=float(s), timestamp=ts)
           ^^^^^^^^^^^^^^^^^^^^^^^^^^^^^^^^^^^^^^^^^^^^^^^^^^^^^^^^
  File "C:\Users\A\Downloads\New-folder-orderflow-copy\orderflow-copy-DeepSeek\main.py", line 571, in <listcomp>
    bids = [PriceLevel(price=float(p), size=float(s), timestamp=ts)
            ^^^^^^^^^^
NameError: name 'PriceLevel' is not defined

2026-06-02 19:41:52.386 | ERROR    | main:_on_paper_order_book:689 - Paper trading error: name 'PriceLevel' is not defined
2026-06-02 19:41:52.388 | ERROR    | main:_on_paper_order_book:691 - Traceback (most recent call last):
  File "C:\Users\A\Downloads\New-folder-orderflow-copy\orderflow-copy-DeepSeek\main.py", line 571, in _on_paper_order_book
    bids = [PriceLevel(price=float(p), size=float(s), timestamp=ts)
           ^^^^^^^^^^^^^^^^^^^^^^^^^^^^^^^^^^^^^^^^^^^^^^^^^^^^^^^^
  File "C:\Users\A\Downloads\New-folder-orderflow-copy\orderflow-copy-DeepSeek\main.py", line 571, in <listcomp>
    bids = [PriceLevel(price=float(p), size=float(s), timestamp=ts)
            ^^^^^^^^^^
NameError: name 'PriceLevel' is not defined

2026-06-02 19:41:52.584 | ERROR    | main:_on_paper_order_book:689 - Paper trading error: name 'PriceLevel' is not defined
2026-06-02 19:41:52.584 | ERROR    | main:_on_paper_order_book:691 - Traceback (most recent call last):
  File "C:\Users\A\Downloads\New-folder-orderflow-copy\orderflow-copy-DeepSeek\main.py", line 571, in _on_paper_order_book
    bids = [PriceLevel(price=float(p), size=float(s), timestamp=ts)
           ^^^^^^^^^^^^^^^^^^^^^^^^^^^^^^^^^^^^^^^^^^^^^^^^^^^^^^^^
  File "C:\Users\A\Downloads\New-folder-orderflow-copy\orderflow-copy-DeepSeek\main.py", line 571, in <listcomp>
    bids = [PriceLevel(price=float(p), size=float(s), timestamp=ts)
            ^^^^^^^^^^
NameError: name 'PriceLevel' is not defined

2026-06-02 19:41:52.686 | ERROR    | main:_on_paper_order_book:689 - Paper trading error: name 'PriceLevel' is not defined
2026-06-02 19:41:52.686 | ERROR    | main:_on_paper_order_book:691 - Traceback (most recent call last):
  File "C:\Users\A\Downloads\New-folder-orderflow-copy\orderflow-copy-DeepSeek\main.py", line 571, in _on_paper_order_book
    bids = [PriceLevel(price=float(p), size=float(s), timestamp=ts)
           ^^^^^^^^^^^^^^^^^^^^^^^^^^^^^^^^^^^^^^^^^^^^^^^^^^^^^^^^
  File "C:\Users\A\Downloads\New-folder-orderflow-copy\orderflow-copy-DeepSeek\main.py", line 571, in <listcomp>
    bids = [PriceLevel(price=float(p), size=float(s), timestamp=ts)
            ^^^^^^^^^^
NameError: name 'PriceLevel' is not defined

2026-06-02 19:41:52.786 | ERROR    | main:_on_paper_order_book:689 - Paper trading error: name 'PriceLevel' is not defined
2026-06-02 19:41:52.786 | ERROR    | main:_on_paper_order_book:691 - Traceback (most recent call last):
  File "C:\Users\A\Downloads\New-folder-orderflow-copy\orderflow-copy-DeepSeek\main.py", line 571, in _on_paper_order_book
    bids = [PriceLevel(price=float(p), size=float(s), timestamp=ts)
           ^^^^^^^^^^^^^^^^^^^^^^^^^^^^^^^^^^^^^^^^^^^^^^^^^^^^^^^^
  File "C:\Users\A\Downloads\New-folder-orderflow-copy\orderflow-copy-DeepSeek\main.py", line 571, in <listcomp>
    bids = [PriceLevel(price=float(p), size=float(s), timestamp=ts)
            ^^^^^^^^^^
NameError: name 'PriceLevel' is not defined

2026-06-02 19:41:53.286 | ERROR    | main:_on_paper_order_book:689 - Paper trading error: name 'PriceLevel' is not defined
2026-06-02 19:41:53.287 | ERROR    | main:_on_paper_order_book:691 - Traceback (most recent call last):
  File "C:\Users\A\Downloads\New-folder-orderflow-copy\orderflow-copy-DeepSeek\main.py", line 571, in _on_paper_order_book
    bids = [PriceLevel(price=float(p), size=float(s), timestamp=ts)
           ^^^^^^^^^^^^^^^^^^^^^^^^^^^^^^^^^^^^^^^^^^^^^^^^^^^^^^^^
  File "C:\Users\A\Downloads\New-folder-orderflow-copy\orderflow-copy-DeepSeek\main.py", line 571, in <listcomp>
    bids = [PriceLevel(price=float(p), size=float(s), timestamp=ts)
            ^^^^^^^^^^
NameError: name 'PriceLevel' is not defined

2026-06-02 19:41:53.384 | ERROR    | main:_on_paper_order_book:689 - Paper trading error: name 'PriceLevel' is not defined
2026-06-02 19:41:53.386 | ERROR    | main:_on_paper_order_book:691 - Traceback (most recent call last):
  File "C:\Users\A\Downloads\New-folder-orderflow-copy\orderflow-copy-DeepSeek\main.py", line 571, in _on_paper_order_book
    bids = [PriceLevel(price=float(p), size=float(s), timestamp=ts)
           ^^^^^^^^^^^^^^^^^^^^^^^^^^^^^^^^^^^^^^^^^^^^^^^^^^^^^^^^
  File "C:\Users\A\Downloads\New-folder-orderflow-copy\orderflow-copy-DeepSeek\main.py", line 571, in <listcomp>
    bids = [PriceLevel(price=float(p), size=float(s), timestamp=ts)
            ^^^^^^^^^^
NameError: name 'PriceLevel' is not defined

2026-06-02 19:41:53.485 | ERROR    | main:_on_paper_order_book:689 - Paper trading error: name 'PriceLevel' is not defined
2026-06-02 19:41:53.486 | ERROR    | main:_on_paper_order_book:691 - Traceback (most recent call last):
  File "C:\Users\A\Downloads\New-folder-orderflow-copy\orderflow-copy-DeepSeek\main.py", line 571, in _on_paper_order_book
    bids = [PriceLevel(price=float(p), size=float(s), timestamp=ts)
           ^^^^^^^^^^^^^^^^^^^^^^^^^^^^^^^^^^^^^^^^^^^^^^^^^^^^^^^^
  File "C:\Users\A\Downloads\New-folder-orderflow-copy\orderflow-copy-DeepSeek\main.py", line 571, in <listcomp>
    bids = [PriceLevel(price=float(p), size=float(s), timestamp=ts)
            ^^^^^^^^^^
NameError: name 'PriceLevel' is not defined

2026-06-02 19:41:53.750 | ERROR    | main:_on_paper_order_book:689 - Paper trading error: name 'PriceLevel' is not defined
2026-06-02 19:41:53.751 | ERROR    | main:_on_paper_order_book:691 - Traceback (most recent call last):
  File "C:\Users\A\Downloads\New-folder-orderflow-copy\orderflow-copy-DeepSeek\main.py", line 571, in _on_paper_order_book
    bids = [PriceLevel(price=float(p), size=float(s), timestamp=ts)
           ^^^^^^^^^^^^^^^^^^^^^^^^^^^^^^^^^^^^^^^^^^^^^^^^^^^^^^^^
  File "C:\Users\A\Downloads\New-folder-orderflow-copy\orderflow-copy-DeepSeek\main.py", line 571, in <listcomp>
    bids = [PriceLevel(price=float(p), size=float(s), timestamp=ts)
            ^^^^^^^^^^
NameError: name 'PriceLevel' is not defined

2026-06-02 19:41:53.785 | ERROR    | main:_on_paper_order_book:689 - Paper trading error: name 'PriceLevel' is not defined
2026-06-02 19:41:53.785 | ERROR    | main:_on_paper_order_book:691 - Traceback (most recent call last):
  File "C:\Users\A\Downloads\New-folder-orderflow-copy\orderflow-copy-DeepSeek\main.py", line 571, in _on_paper_order_book
    bids = [PriceLevel(price=float(p), size=float(s), timestamp=ts)
           ^^^^^^^^^^^^^^^^^^^^^^^^^^^^^^^^^^^^^^^^^^^^^^^^^^^^^^^^
  File "C:\Users\A\Downloads\New-folder-orderflow-copy\orderflow-copy-DeepSeek\main.py", line 571, in <listcomp>
    bids = [PriceLevel(price=float(p), size=float(s), timestamp=ts)
            ^^^^^^^^^^
NameError: name 'PriceLevel' is not defined

2026-06-02 19:41:53.884 | ERROR    | main:_on_paper_order_book:689 - Paper trading error: name 'PriceLevel' is not defined
2026-06-02 19:41:53.885 | ERROR    | main:_on_paper_order_book:691 - Traceback (most recent call last):
  File "C:\Users\A\Downloads\New-folder-orderflow-copy\orderflow-copy-DeepSeek\main.py", line 571, in _on_paper_order_book
    bids = [PriceLevel(price=float(p), size=float(s), timestamp=ts)
           ^^^^^^^^^^^^^^^^^^^^^^^^^^^^^^^^^^^^^^^^^^^^^^^^^^^^^^^^
  File "C:\Users\A\Downloads\New-folder-orderflow-copy\orderflow-copy-DeepSeek\main.py", line 571, in <listcomp>
    bids = [PriceLevel(price=float(p), size=float(s), timestamp=ts)
            ^^^^^^^^^^
NameError: name 'PriceLevel' is not defined

2026-06-02 19:41:53.986 | ERROR    | main:_on_paper_order_book:689 - Paper trading error: name 'PriceLevel' is not defined
2026-06-02 19:41:53.987 | ERROR    | main:_on_paper_order_book:691 - Traceback (most recent call last):
  File "C:\Users\A\Downloads\New-folder-orderflow-copy\orderflow-copy-DeepSeek\main.py", line 571, in _on_paper_order_book
    bids = [PriceLevel(price=float(p), size=float(s), timestamp=ts)
           ^^^^^^^^^^^^^^^^^^^^^^^^^^^^^^^^^^^^^^^^^^^^^^^^^^^^^^^^
  File "C:\Users\A\Downloads\New-folder-orderflow-copy\orderflow-copy-DeepSeek\main.py", line 571, in <listcomp>
    bids = [PriceLevel(price=float(p), size=float(s), timestamp=ts)
            ^^^^^^^^^^
NameError: name 'PriceLevel' is not defined

2026-06-02 19:41:54.085 | ERROR    | main:_on_paper_order_book:689 - Paper trading error: name 'PriceLevel' is not defined
2026-06-02 19:41:54.086 | ERROR    | main:_on_paper_order_book:691 - Traceback (most recent call last):
  File "C:\Users\A\Downloads\New-folder-orderflow-copy\orderflow-copy-DeepSeek\main.py", line 571, in _on_paper_order_book
    bids = [PriceLevel(price=float(p), size=float(s), timestamp=ts)
           ^^^^^^^^^^^^^^^^^^^^^^^^^^^^^^^^^^^^^^^^^^^^^^^^^^^^^^^^
  File "C:\Users\A\Downloads\New-folder-orderflow-copy\orderflow-copy-DeepSeek\main.py", line 571, in <listcomp>
    bids = [PriceLevel(price=float(p), size=float(s), timestamp=ts)
            ^^^^^^^^^^
NameError: name 'PriceLevel' is not defined

2026-06-02 19:41:54.184 | ERROR    | main:_on_paper_order_book:689 - Paper trading error: name 'PriceLevel' is not defined
2026-06-02 19:41:54.185 | ERROR    | main:_on_paper_order_book:691 - Traceback (most recent call last):
  File "C:\Users\A\Downloads\New-folder-orderflow-copy\orderflow-copy-DeepSeek\main.py", line 571, in _on_paper_order_book
    bids = [PriceLevel(price=float(p), size=float(s), timestamp=ts)
           ^^^^^^^^^^^^^^^^^^^^^^^^^^^^^^^^^^^^^^^^^^^^^^^^^^^^^^^^
  File "C:\Users\A\Downloads\New-folder-orderflow-copy\orderflow-copy-DeepSeek\main.py", line 571, in <listcomp>
    bids = [PriceLevel(price=float(p), size=float(s), timestamp=ts)
            ^^^^^^^^^^
NameError: name 'PriceLevel' is not defined

2026-06-02 19:41:54.283 | ERROR    | main:_on_paper_order_book:689 - Paper trading error: name 'PriceLevel' is not defined
2026-06-02 19:41:54.283 | ERROR    | main:_on_paper_order_book:691 - Traceback (most recent call last):
  File "C:\Users\A\Downloads\New-folder-orderflow-copy\orderflow-copy-DeepSeek\main.py", line 571, in _on_paper_order_book
    bids = [PriceLevel(price=float(p), size=float(s), timestamp=ts)
           ^^^^^^^^^^^^^^^^^^^^^^^^^^^^^^^^^^^^^^^^^^^^^^^^^^^^^^^^
  File "C:\Users\A\Downloads\New-folder-orderflow-copy\orderflow-copy-DeepSeek\main.py", line 571, in <listcomp>
    bids = [PriceLevel(price=float(p), size=float(s), timestamp=ts)
            ^^^^^^^^^^
NameError: name 'PriceLevel' is not defined

2026-06-02 19:41:54.383 | ERROR    | main:_on_paper_order_book:689 - Paper trading error: name 'PriceLevel' is not defined
2026-06-02 19:41:54.384 | ERROR    | main:_on_paper_order_book:691 - Traceback (most recent call last):
  File "C:\Users\A\Downloads\New-folder-orderflow-copy\orderflow-copy-DeepSeek\main.py", line 571, in _on_paper_order_book
    bids = [PriceLevel(price=float(p), size=float(s), timestamp=ts)
           ^^^^^^^^^^^^^^^^^^^^^^^^^^^^^^^^^^^^^^^^^^^^^^^^^^^^^^^^
  File "C:\Users\A\Downloads\New-folder-orderflow-copy\orderflow-copy-DeepSeek\main.py", line 571, in <listcomp>
    bids = [PriceLevel(price=float(p), size=float(s), timestamp=ts)
            ^^^^^^^^^^
NameError: name 'PriceLevel' is not defined

2026-06-02 19:41:54.482 | ERROR    | main:_on_paper_order_book:689 - Paper trading error: name 'PriceLevel' is not defined
2026-06-02 19:41:54.484 | ERROR    | main:_on_paper_order_book:691 - Traceback (most recent call last):
  File "C:\Users\A\Downloads\New-folder-orderflow-copy\orderflow-copy-DeepSeek\main.py", line 571, in _on_paper_order_book
    bids = [PriceLevel(price=float(p), size=float(s), timestamp=ts)
           ^^^^^^^^^^^^^^^^^^^^^^^^^^^^^^^^^^^^^^^^^^^^^^^^^^^^^^^^
  File "C:\Users\A\Downloads\New-folder-orderflow-copy\orderflow-copy-DeepSeek\main.py", line 571, in <listcomp>
    bids = [PriceLevel(price=float(p), size=float(s), timestamp=ts)
            ^^^^^^^^^^
NameError: name 'PriceLevel' is not defined

2026-06-02 19:41:54.586 | ERROR    | main:_on_paper_order_book:689 - Paper trading error: name 'PriceLevel' is not defined
2026-06-02 19:41:54.587 | ERROR    | main:_on_paper_order_book:691 - Traceback (most recent call last):
  File "C:\Users\A\Downloads\New-folder-orderflow-copy\orderflow-copy-DeepSeek\main.py", line 571, in _on_paper_order_book
    bids = [PriceLevel(price=float(p), size=float(s), timestamp=ts)
           ^^^^^^^^^^^^^^^^^^^^^^^^^^^^^^^^^^^^^^^^^^^^^^^^^^^^^^^^
  File "C:\Users\A\Downloads\New-folder-orderflow-copy\orderflow-copy-DeepSeek\main.py", line 571, in <listcomp>
    bids = [PriceLevel(price=float(p), size=float(s), timestamp=ts)
            ^^^^^^^^^^
NameError: name 'PriceLevel' is not defined

2026-06-02 19:41:54.884 | ERROR    | main:_on_paper_order_book:689 - Paper trading error: name 'PriceLevel' is not defined
2026-06-02 19:41:54.885 | ERROR    | main:_on_paper_order_book:691 - Traceback (most recent call last):
  File "C:\Users\A\Downloads\New-folder-orderflow-copy\orderflow-copy-DeepSeek\main.py", line 571, in _on_paper_order_book
    bids = [PriceLevel(price=float(p), size=float(s), timestamp=ts)
           ^^^^^^^^^^^^^^^^^^^^^^^^^^^^^^^^^^^^^^^^^^^^^^^^^^^^^^^^
  File "C:\Users\A\Downloads\New-folder-orderflow-copy\orderflow-copy-DeepSeek\main.py", line 571, in <listcomp>
    bids = [PriceLevel(price=float(p), size=float(s), timestamp=ts)
            ^^^^^^^^^^
NameError: name 'PriceLevel' is not defined

2026-06-02 19:41:54.986 | ERROR    | main:_on_paper_order_book:689 - Paper trading error: name 'PriceLevel' is not defined
2026-06-02 19:41:54.987 | ERROR    | main:_on_paper_order_book:691 - Traceback (most recent call last):
  File "C:\Users\A\Downloads\New-folder-orderflow-copy\orderflow-copy-DeepSeek\main.py", line 571, in _on_paper_order_book
    bids = [PriceLevel(price=float(p), size=float(s), timestamp=ts)
           ^^^^^^^^^^^^^^^^^^^^^^^^^^^^^^^^^^^^^^^^^^^^^^^^^^^^^^^^
  File "C:\Users\A\Downloads\New-folder-orderflow-copy\orderflow-copy-DeepSeek\main.py", line 571, in <listcomp>
    bids = [PriceLevel(price=float(p), size=float(s), timestamp=ts)
            ^^^^^^^^^^
NameError: name 'PriceLevel' is not defined

2026-06-02 19:41:55.286 | ERROR    | main:_on_paper_order_book:689 - Paper trading error: name 'PriceLevel' is not defined
2026-06-02 19:41:55.287 | ERROR    | main:_on_paper_order_book:691 - Traceback (most recent call last):
  File "C:\Users\A\Downloads\New-folder-orderflow-copy\orderflow-copy-DeepSeek\main.py", line 571, in _on_paper_order_book
    bids = [PriceLevel(price=float(p), size=float(s), timestamp=ts)
           ^^^^^^^^^^^^^^^^^^^^^^^^^^^^^^^^^^^^^^^^^^^^^^^^^^^^^^^^
  File "C:\Users\A\Downloads\New-folder-orderflow-copy\orderflow-copy-DeepSeek\main.py", line 571, in <listcomp>
    bids = [PriceLevel(price=float(p), size=float(s), timestamp=ts)
            ^^^^^^^^^^
NameError: name 'PriceLevel' is not defined

2026-06-02 19:41:55.384 | ERROR    | main:_on_paper_order_book:689 - Paper trading error: name 'PriceLevel' is not defined
2026-06-02 19:41:55.385 | ERROR    | main:_on_paper_order_book:691 - Traceback (most recent call last):
  File "C:\Users\A\Downloads\New-folder-orderflow-copy\orderflow-copy-DeepSeek\main.py", line 571, in _on_paper_order_book
    bids = [PriceLevel(price=float(p), size=float(s), timestamp=ts)
           ^^^^^^^^^^^^^^^^^^^^^^^^^^^^^^^^^^^^^^^^^^^^^^^^^^^^^^^^
  File "C:\Users\A\Downloads\New-folder-orderflow-copy\orderflow-copy-DeepSeek\main.py", line 571, in <listcomp>
    bids = [PriceLevel(price=float(p), size=float(s), timestamp=ts)
            ^^^^^^^^^^
NameError: name 'PriceLevel' is not defined

2026-06-02 19:41:55.490 | ERROR    | main:_on_paper_order_book:689 - Paper trading error: name 'PriceLevel' is not defined
2026-06-02 19:41:55.491 | ERROR    | main:_on_paper_order_book:691 - Traceback (most recent call last):
  File "C:\Users\A\Downloads\New-folder-orderflow-copy\orderflow-copy-DeepSeek\main.py", line 571, in _on_paper_order_book
    bids = [PriceLevel(price=float(p), size=float(s), timestamp=ts)
           ^^^^^^^^^^^^^^^^^^^^^^^^^^^^^^^^^^^^^^^^^^^^^^^^^^^^^^^^
  File "C:\Users\A\Downloads\New-folder-orderflow-copy\orderflow-copy-DeepSeek\main.py", line 571, in <listcomp>
    bids = [PriceLevel(price=float(p), size=float(s), timestamp=ts)
            ^^^^^^^^^^
NameError: name 'PriceLevel' is not defined

2026-06-02 19:41:55.590 | ERROR    | main:_on_paper_order_book:689 - Paper trading error: name 'PriceLevel' is not defined
2026-06-02 19:41:55.592 | ERROR    | main:_on_paper_order_book:691 - Traceback (most recent call last):
  File "C:\Users\A\Downloads\New-folder-orderflow-copy\orderflow-copy-DeepSeek\main.py", line 571, in _on_paper_order_book
    bids = [PriceLevel(price=float(p), size=float(s), timestamp=ts)
           ^^^^^^^^^^^^^^^^^^^^^^^^^^^^^^^^^^^^^^^^^^^^^^^^^^^^^^^^
  File "C:\Users\A\Downloads\New-folder-orderflow-copy\orderflow-copy-DeepSeek\main.py", line 571, in <listcomp>
    bids = [PriceLevel(price=float(p), size=float(s), timestamp=ts)
            ^^^^^^^^^^
NameError: name 'PriceLevel' is not defined

2026-06-02 19:41:55.694 | ERROR    | main:_on_paper_order_book:689 - Paper trading error: name 'PriceLevel' is not defined
2026-06-02 19:41:55.696 | ERROR    | main:_on_paper_order_book:691 - Traceback (most recent call last):
  File "C:\Users\A\Downloads\New-folder-orderflow-copy\orderflow-copy-DeepSeek\main.py", line 571, in _on_paper_order_book
    bids = [PriceLevel(price=float(p), size=float(s), timestamp=ts)
           ^^^^^^^^^^^^^^^^^^^^^^^^^^^^^^^^^^^^^^^^^^^^^^^^^^^^^^^^
  File "C:\Users\A\Downloads\New-folder-orderflow-copy\orderflow-copy-DeepSeek\main.py", line 571, in <listcomp>
    bids = [PriceLevel(price=float(p), size=float(s), timestamp=ts)
            ^^^^^^^^^^
NameError: name 'PriceLevel' is not defined

2026-06-02 19:41:55.787 | ERROR    | main:_on_paper_order_book:689 - Paper trading error: name 'PriceLevel' is not defined
2026-06-02 19:41:55.789 | ERROR    | main:_on_paper_order_book:691 - Traceback (most recent call last):
  File "C:\Users\A\Downloads\New-folder-orderflow-copy\orderflow-copy-DeepSeek\main.py", line 571, in _on_paper_order_book
    bids = [PriceLevel(price=float(p), size=float(s), timestamp=ts)
           ^^^^^^^^^^^^^^^^^^^^^^^^^^^^^^^^^^^^^^^^^^^^^^^^^^^^^^^^
  File "C:\Users\A\Downloads\New-folder-orderflow-copy\orderflow-copy-DeepSeek\main.py", line 571, in <listcomp>
    bids = [PriceLevel(price=float(p), size=float(s), timestamp=ts)
            ^^^^^^^^^^
NameError: name 'PriceLevel' is not defined

2026-06-02 19:41:56.002 | ERROR    | main:_on_paper_order_book:689 - Paper trading error: name 'PriceLevel' is not defined
2026-06-02 19:41:56.003 | ERROR    | main:_on_paper_order_book:691 - Traceback (most recent call last):
  File "C:\Users\A\Downloads\New-folder-orderflow-copy\orderflow-copy-DeepSeek\main.py", line 571, in _on_paper_order_book
    bids = [PriceLevel(price=float(p), size=float(s), timestamp=ts)
           ^^^^^^^^^^^^^^^^^^^^^^^^^^^^^^^^^^^^^^^^^^^^^^^^^^^^^^^^
  File "C:\Users\A\Downloads\New-folder-orderflow-copy\orderflow-copy-DeepSeek\main.py", line 571, in <listcomp>
    bids = [PriceLevel(price=float(p), size=float(s), timestamp=ts)
            ^^^^^^^^^^
NameError: name 'PriceLevel' is not defined

2026-06-02 19:41:56.186 | ERROR    | main:_on_paper_order_book:689 - Paper trading error: name 'PriceLevel' is not defined
2026-06-02 19:41:56.189 | ERROR    | main:_on_paper_order_book:691 - Traceback (most recent call last):
  File "C:\Users\A\Downloads\New-folder-orderflow-copy\orderflow-copy-DeepSeek\main.py", line 571, in _on_paper_order_book
    bids = [PriceLevel(price=float(p), size=float(s), timestamp=ts)
           ^^^^^^^^^^^^^^^^^^^^^^^^^^^^^^^^^^^^^^^^^^^^^^^^^^^^^^^^
  File "C:\Users\A\Downloads\New-folder-orderflow-copy\orderflow-copy-DeepSeek\main.py", line 571, in <listcomp>
    bids = [PriceLevel(price=float(p), size=float(s), timestamp=ts)
            ^^^^^^^^^^
NameError: name 'PriceLevel' is not defined

2026-06-02 19:41:56.286 | ERROR    | main:_on_paper_order_book:689 - Paper trading error: name 'PriceLevel' is not defined
2026-06-02 19:41:56.287 | ERROR    | main:_on_paper_order_book:691 - Traceback (most recent call last):
  File "C:\Users\A\Downloads\New-folder-orderflow-copy\orderflow-copy-DeepSeek\main.py", line 571, in _on_paper_order_book
    bids = [PriceLevel(price=float(p), size=float(s), timestamp=ts)
           ^^^^^^^^^^^^^^^^^^^^^^^^^^^^^^^^^^^^^^^^^^^^^^^^^^^^^^^^
  File "C:\Users\A\Downloads\New-folder-orderflow-copy\orderflow-copy-DeepSeek\main.py", line 571, in <listcomp>
    bids = [PriceLevel(price=float(p), size=float(s), timestamp=ts)
            ^^^^^^^^^^
NameError: name 'PriceLevel' is not defined

2026-06-02 19:41:56.385 | ERROR    | main:_on_paper_order_book:689 - Paper trading error: name 'PriceLevel' is not defined
2026-06-02 19:41:56.386 | ERROR    | main:_on_paper_order_book:691 - Traceback (most recent call last):
  File "C:\Users\A\Downloads\New-folder-orderflow-copy\orderflow-copy-DeepSeek\main.py", line 571, in _on_paper_order_book
    bids = [PriceLevel(price=float(p), size=float(s), timestamp=ts)
           ^^^^^^^^^^^^^^^^^^^^^^^^^^^^^^^^^^^^^^^^^^^^^^^^^^^^^^^^
  File "C:\Users\A\Downloads\New-folder-orderflow-copy\orderflow-copy-DeepSeek\main.py", line 571, in <listcomp>
    bids = [PriceLevel(price=float(p), size=float(s), timestamp=ts)
            ^^^^^^^^^^
NameError: name 'PriceLevel' is not defined

2026-06-02 19:41:56.512 | ERROR    | main:_on_paper_order_book:689 - Paper trading error: name 'PriceLevel' is not defined
2026-06-02 19:41:56.513 | ERROR    | main:_on_paper_order_book:691 - Traceback (most recent call last):
  File "C:\Users\A\Downloads\New-folder-orderflow-copy\orderflow-copy-DeepSeek\main.py", line 571, in _on_paper_order_book
    bids = [PriceLevel(price=float(p), size=float(s), timestamp=ts)
           ^^^^^^^^^^^^^^^^^^^^^^^^^^^^^^^^^^^^^^^^^^^^^^^^^^^^^^^^
  File "C:\Users\A\Downloads\New-folder-orderflow-copy\orderflow-copy-DeepSeek\main.py", line 571, in <listcomp>
    bids = [PriceLevel(price=float(p), size=float(s), timestamp=ts)
            ^^^^^^^^^^
NameError: name 'PriceLevel' is not defined

2026-06-02 19:41:56.585 | ERROR    | main:_on_paper_order_book:689 - Paper trading error: name 'PriceLevel' is not defined
2026-06-02 19:41:56.585 | ERROR    | main:_on_paper_order_book:691 - Traceback (most recent call last):
  File "C:\Users\A\Downloads\New-folder-orderflow-copy\orderflow-copy-DeepSeek\main.py", line 571, in _on_paper_order_book
    bids = [PriceLevel(price=float(p), size=float(s), timestamp=ts)
           ^^^^^^^^^^^^^^^^^^^^^^^^^^^^^^^^^^^^^^^^^^^^^^^^^^^^^^^^
  File "C:\Users\A\Downloads\New-folder-orderflow-copy\orderflow-copy-DeepSeek\main.py", line 571, in <listcomp>
    bids = [PriceLevel(price=float(p), size=float(s), timestamp=ts)
            ^^^^^^^^^^
NameError: name 'PriceLevel' is not defined

2026-06-02 19:41:56.687 | ERROR    | main:_on_paper_order_book:689 - Paper trading error: name 'PriceLevel' is not defined
2026-06-02 19:41:56.689 | ERROR    | main:_on_paper_order_book:691 - Traceback (most recent call last):
  File "C:\Users\A\Downloads\New-folder-orderflow-copy\orderflow-copy-DeepSeek\main.py", line 571, in _on_paper_order_book
    bids = [PriceLevel(price=float(p), size=float(s), timestamp=ts)
           ^^^^^^^^^^^^^^^^^^^^^^^^^^^^^^^^^^^^^^^^^^^^^^^^^^^^^^^^
  File "C:\Users\A\Downloads\New-folder-orderflow-copy\orderflow-copy-DeepSeek\main.py", line 571, in <listcomp>
    bids = [PriceLevel(price=float(p), size=float(s), timestamp=ts)
            ^^^^^^^^^^
NameError: name 'PriceLevel' is not defined

2026-06-02 19:41:56.787 | ERROR    | main:_on_paper_order_book:689 - Paper trading error: name 'PriceLevel' is not defined
2026-06-02 19:41:56.789 | ERROR    | main:_on_paper_order_book:691 - Traceback (most recent call last):
  File "C:\Users\A\Downloads\New-folder-orderflow-copy\orderflow-copy-DeepSeek\main.py", line 571, in _on_paper_order_book
    bids = [PriceLevel(price=float(p), size=float(s), timestamp=ts)
           ^^^^^^^^^^^^^^^^^^^^^^^^^^^^^^^^^^^^^^^^^^^^^^^^^^^^^^^^
  File "C:\Users\A\Downloads\New-folder-orderflow-copy\orderflow-copy-DeepSeek\main.py", line 571, in <listcomp>
    bids = [PriceLevel(price=float(p), size=float(s), timestamp=ts)
            ^^^^^^^^^^
NameError: name 'PriceLevel' is not defined

2026-06-02 19:41:56.905 | ERROR    | main:_on_paper_order_book:689 - Paper trading error: name 'PriceLevel' is not defined
2026-06-02 19:41:56.907 | ERROR    | main:_on_paper_order_book:691 - Traceback (most recent call last):
  File "C:\Users\A\Downloads\New-folder-orderflow-copy\orderflow-copy-DeepSeek\main.py", line 571, in _on_paper_order_book
    bids = [PriceLevel(price=float(p), size=float(s), timestamp=ts)
           ^^^^^^^^^^^^^^^^^^^^^^^^^^^^^^^^^^^^^^^^^^^^^^^^^^^^^^^^
  File "C:\Users\A\Downloads\New-folder-orderflow-copy\orderflow-copy-DeepSeek\main.py", line 571, in <listcomp>
    bids = [PriceLevel(price=float(p), size=float(s), timestamp=ts)
            ^^^^^^^^^^
NameError: name 'PriceLevel' is not defined

2026-06-02 19:41:56.989 | ERROR    | main:_on_paper_order_book:689 - Paper trading error: name 'PriceLevel' is not defined
2026-06-02 19:41:56.992 | ERROR    | main:_on_paper_order_book:691 - Traceback (most recent call last):
  File "C:\Users\A\Downloads\New-folder-orderflow-copy\orderflow-copy-DeepSeek\main.py", line 571, in _on_paper_order_book
    bids = [PriceLevel(price=float(p), size=float(s), timestamp=ts)
           ^^^^^^^^^^^^^^^^^^^^^^^^^^^^^^^^^^^^^^^^^^^^^^^^^^^^^^^^
  File "C:\Users\A\Downloads\New-folder-orderflow-copy\orderflow-copy-DeepSeek\main.py", line 571, in <listcomp>
    bids = [PriceLevel(price=float(p), size=float(s), timestamp=ts)
            ^^^^^^^^^^
NameError: name 'PriceLevel' is not defined

2026-06-02 19:41:57.131 | ERROR    | main:_on_paper_order_book:689 - Paper trading error: name 'PriceLevel' is not defined
2026-06-02 19:41:57.133 | ERROR    | main:_on_paper_order_book:691 - Traceback (most recent call last):
  File "C:\Users\A\Downloads\New-folder-orderflow-copy\orderflow-copy-DeepSeek\main.py", line 571, in _on_paper_order_book
    bids = [PriceLevel(price=float(p), size=float(s), timestamp=ts)
           ^^^^^^^^^^^^^^^^^^^^^^^^^^^^^^^^^^^^^^^^^^^^^^^^^^^^^^^^
  File "C:\Users\A\Downloads\New-folder-orderflow-copy\orderflow-copy-DeepSeek\main.py", line 571, in <listcomp>
    bids = [PriceLevel(price=float(p), size=float(s), timestamp=ts)
            ^^^^^^^^^^
NameError: name 'PriceLevel' is not defined

2026-06-02 19:41:57.188 | ERROR    | main:_on_paper_order_book:689 - Paper trading error: name 'PriceLevel' is not defined
2026-06-02 19:41:57.190 | ERROR    | main:_on_paper_order_book:691 - Traceback (most recent call last):
  File "C:\Users\A\Downloads\New-folder-orderflow-copy\orderflow-copy-DeepSeek\main.py", line 571, in _on_paper_order_book
    bids = [PriceLevel(price=float(p), size=float(s), timestamp=ts)
           ^^^^^^^^^^^^^^^^^^^^^^^^^^^^^^^^^^^^^^^^^^^^^^^^^^^^^^^^
  File "C:\Users\A\Downloads\New-folder-orderflow-copy\orderflow-copy-DeepSeek\main.py", line 571, in <listcomp>
    bids = [PriceLevel(price=float(p), size=float(s), timestamp=ts)
            ^^^^^^^^^^
NameError: name 'PriceLevel' is not defined

2026-06-02 19:41:57.291 | ERROR    | main:_on_paper_order_book:689 - Paper trading error: name 'PriceLevel' is not defined
2026-06-02 19:41:57.293 | ERROR    | main:_on_paper_order_book:691 - Traceback (most recent call last):
  File "C:\Users\A\Downloads\New-folder-orderflow-copy\orderflow-copy-DeepSeek\main.py", line 571, in _on_paper_order_book
    bids = [PriceLevel(price=float(p), size=float(s), timestamp=ts)
           ^^^^^^^^^^^^^^^^^^^^^^^^^^^^^^^^^^^^^^^^^^^^^^^^^^^^^^^^
  File "C:\Users\A\Downloads\New-folder-orderflow-copy\orderflow-copy-DeepSeek\main.py", line 571, in <listcomp>
    bids = [PriceLevel(price=float(p), size=float(s), timestamp=ts)
            ^^^^^^^^^^
NameError: name 'PriceLevel' is not defined

2026-06-02 19:41:57.385 | ERROR    | main:_on_paper_order_book:689 - Paper trading error: name 'PriceLevel' is not defined
2026-06-02 19:41:57.386 | ERROR    | main:_on_paper_order_book:691 - Traceback (most recent call last):
  File "C:\Users\A\Downloads\New-folder-orderflow-copy\orderflow-copy-DeepSeek\main.py", line 571, in _on_paper_order_book
    bids = [PriceLevel(price=float(p), size=float(s), timestamp=ts)
           ^^^^^^^^^^^^^^^^^^^^^^^^^^^^^^^^^^^^^^^^^^^^^^^^^^^^^^^^
  File "C:\Users\A\Downloads\New-folder-orderflow-copy\orderflow-copy-DeepSeek\main.py", line 571, in <listcomp>
    bids = [PriceLevel(price=float(p), size=float(s), timestamp=ts)
            ^^^^^^^^^^
NameError: name 'PriceLevel' is not defined

2026-06-02 19:41:57.485 | ERROR    | main:_on_paper_order_book:689 - Paper trading error: name 'PriceLevel' is not defined
2026-06-02 19:41:57.486 | ERROR    | main:_on_paper_order_book:691 - Traceback (most recent call last):
  File "C:\Users\A\Downloads\New-folder-orderflow-copy\orderflow-copy-DeepSeek\main.py", line 571, in _on_paper_order_book
    bids = [PriceLevel(price=float(p), size=float(s), timestamp=ts)
           ^^^^^^^^^^^^^^^^^^^^^^^^^^^^^^^^^^^^^^^^^^^^^^^^^^^^^^^^
  File "C:\Users\A\Downloads\New-folder-orderflow-copy\orderflow-copy-DeepSeek\main.py", line 571, in <listcomp>
    bids = [PriceLevel(price=float(p), size=float(s), timestamp=ts)
            ^^^^^^^^^^
NameError: name 'PriceLevel' is not defined

2026-06-02 19:41:57.596 | ERROR    | main:_on_paper_order_book:689 - Paper trading error: name 'PriceLevel' is not defined
2026-06-02 19:41:57.597 | ERROR    | main:_on_paper_order_book:691 - Traceback (most recent call last):
  File "C:\Users\A\Downloads\New-folder-orderflow-copy\orderflow-copy-DeepSeek\main.py", line 571, in _on_paper_order_book
    bids = [PriceLevel(price=float(p), size=float(s), timestamp=ts)
           ^^^^^^^^^^^^^^^^^^^^^^^^^^^^^^^^^^^^^^^^^^^^^^^^^^^^^^^^
  File "C:\Users\A\Downloads\New-folder-orderflow-copy\orderflow-copy-DeepSeek\main.py", line 571, in <listcomp>
    bids = [PriceLevel(price=float(p), size=float(s), timestamp=ts)
            ^^^^^^^^^^
NameError: name 'PriceLevel' is not defined

2026-06-02 19:41:57.686 | ERROR    | main:_on_paper_order_book:689 - Paper trading error: name 'PriceLevel' is not defined
2026-06-02 19:41:57.687 | ERROR    | main:_on_paper_order_book:691 - Traceback (most recent call last):
  File "C:\Users\A\Downloads\New-folder-orderflow-copy\orderflow-copy-DeepSeek\main.py", line 571, in _on_paper_order_book
    bids = [PriceLevel(price=float(p), size=float(s), timestamp=ts)
           ^^^^^^^^^^^^^^^^^^^^^^^^^^^^^^^^^^^^^^^^^^^^^^^^^^^^^^^^
  File "C:\Users\A\Downloads\New-folder-orderflow-copy\orderflow-copy-DeepSeek\main.py", line 571, in <listcomp>
    bids = [PriceLevel(price=float(p), size=float(s), timestamp=ts)
            ^^^^^^^^^^
NameError: name 'PriceLevel' is not defined

2026-06-02 19:41:57.885 | ERROR    | main:_on_paper_order_book:689 - Paper trading error: name 'PriceLevel' is not defined
2026-06-02 19:41:57.887 | ERROR    | main:_on_paper_order_book:691 - Traceback (most recent call last):
  File "C:\Users\A\Downloads\New-folder-orderflow-copy\orderflow-copy-DeepSeek\main.py", line 571, in _on_paper_order_book
    bids = [PriceLevel(price=float(p), size=float(s), timestamp=ts)
           ^^^^^^^^^^^^^^^^^^^^^^^^^^^^^^^^^^^^^^^^^^^^^^^^^^^^^^^^
  File "C:\Users\A\Downloads\New-folder-orderflow-copy\orderflow-copy-DeepSeek\main.py", line 571, in <listcomp>
    bids = [PriceLevel(price=float(p), size=float(s), timestamp=ts)
            ^^^^^^^^^^
NameError: name 'PriceLevel' is not defined

2026-06-02 19:41:57.986 | ERROR    | main:_on_paper_order_book:689 - Paper trading error: name 'PriceLevel' is not defined
2026-06-02 19:41:57.988 | ERROR    | main:_on_paper_order_book:691 - Traceback (most recent call last):
  File "C:\Users\A\Downloads\New-folder-orderflow-copy\orderflow-copy-DeepSeek\main.py", line 571, in _on_paper_order_book
    bids = [PriceLevel(price=float(p), size=float(s), timestamp=ts)
           ^^^^^^^^^^^^^^^^^^^^^^^^^^^^^^^^^^^^^^^^^^^^^^^^^^^^^^^^
  File "C:\Users\A\Downloads\New-folder-orderflow-copy\orderflow-copy-DeepSeek\main.py", line 571, in <listcomp>
    bids = [PriceLevel(price=float(p), size=float(s), timestamp=ts)
            ^^^^^^^^^^
NameError: name 'PriceLevel' is not defined

2026-06-02 19:41:58.087 | ERROR    | main:_on_paper_order_book:689 - Paper trading error: name 'PriceLevel' is not defined
2026-06-02 19:41:58.089 | ERROR    | main:_on_paper_order_book:691 - Traceback (most recent call last):
  File "C:\Users\A\Downloads\New-folder-orderflow-copy\orderflow-copy-DeepSeek\main.py", line 571, in _on_paper_order_book
    bids = [PriceLevel(price=float(p), size=float(s), timestamp=ts)
           ^^^^^^^^^^^^^^^^^^^^^^^^^^^^^^^^^^^^^^^^^^^^^^^^^^^^^^^^
  File "C:\Users\A\Downloads\New-folder-orderflow-copy\orderflow-copy-DeepSeek\main.py", line 571, in <listcomp>
    bids = [PriceLevel(price=float(p), size=float(s), timestamp=ts)
            ^^^^^^^^^^
NameError: name 'PriceLevel' is not defined

2026-06-02 19:41:58.186 | ERROR    | main:_on_paper_order_book:689 - Paper trading error: name 'PriceLevel' is not defined
2026-06-02 19:41:58.187 | ERROR    | main:_on_paper_order_book:691 - Traceback (most recent call last):
  File "C:\Users\A\Downloads\New-folder-orderflow-copy\orderflow-copy-DeepSeek\main.py", line 571, in _on_paper_order_book
    bids = [PriceLevel(price=float(p), size=float(s), timestamp=ts)
           ^^^^^^^^^^^^^^^^^^^^^^^^^^^^^^^^^^^^^^^^^^^^^^^^^^^^^^^^
  File "C:\Users\A\Downloads\New-folder-orderflow-copy\orderflow-copy-DeepSeek\main.py", line 571, in <listcomp>
    bids = [PriceLevel(price=float(p), size=float(s), timestamp=ts)
            ^^^^^^^^^^
NameError: name 'PriceLevel' is not defined

2026-06-02 19:41:58.285 | ERROR    | main:_on_paper_order_book:689 - Paper trading error: name 'PriceLevel' is not defined
2026-06-02 19:41:58.286 | ERROR    | main:_on_paper_order_book:691 - Traceback (most recent call last):
  File "C:\Users\A\Downloads\New-folder-orderflow-copy\orderflow-copy-DeepSeek\main.py", line 571, in _on_paper_order_book
    bids = [PriceLevel(price=float(p), size=float(s), timestamp=ts)
           ^^^^^^^^^^^^^^^^^^^^^^^^^^^^^^^^^^^^^^^^^^^^^^^^^^^^^^^^
  File "C:\Users\A\Downloads\New-folder-orderflow-copy\orderflow-copy-DeepSeek\main.py", line 571, in <listcomp>
    bids = [PriceLevel(price=float(p), size=float(s), timestamp=ts)
            ^^^^^^^^^^
NameError: name 'PriceLevel' is not defined

2026-06-02 19:41:58.664 | ERROR    | main:_on_paper_order_book:689 - Paper trading error: name 'PriceLevel' is not defined
2026-06-02 19:41:58.665 | ERROR    | main:_on_paper_order_book:691 - Traceback (most recent call last):
  File "C:\Users\A\Downloads\New-folder-orderflow-copy\orderflow-copy-DeepSeek\main.py", line 571, in _on_paper_order_book
    bids = [PriceLevel(price=float(p), size=float(s), timestamp=ts)
           ^^^^^^^^^^^^^^^^^^^^^^^^^^^^^^^^^^^^^^^^^^^^^^^^^^^^^^^^
  File "C:\Users\A\Downloads\New-folder-orderflow-copy\orderflow-copy-DeepSeek\main.py", line 571, in <listcomp>
    bids = [PriceLevel(price=float(p), size=float(s), timestamp=ts)
            ^^^^^^^^^^
NameError: name 'PriceLevel' is not defined

2026-06-02 19:41:58.685 | ERROR    | main:_on_paper_order_book:689 - Paper trading error: name 'PriceLevel' is not defined
2026-06-02 19:41:58.685 | ERROR    | main:_on_paper_order_book:691 - Traceback (most recent call last):
  File "C:\Users\A\Downloads\New-folder-orderflow-copy\orderflow-copy-DeepSeek\main.py", line 571, in _on_paper_order_book
    bids = [PriceLevel(price=float(p), size=float(s), timestamp=ts)
           ^^^^^^^^^^^^^^^^^^^^^^^^^^^^^^^^^^^^^^^^^^^^^^^^^^^^^^^^
  File "C:\Users\A\Downloads\New-folder-orderflow-copy\orderflow-copy-DeepSeek\main.py", line 571, in <listcomp>
    bids = [PriceLevel(price=float(p), size=float(s), timestamp=ts)
            ^^^^^^^^^^
NameError: name 'PriceLevel' is not defined

2026-06-02 19:41:59.184 | ERROR    | main:_on_paper_order_book:689 - Paper trading error: name 'PriceLevel' is not defined
2026-06-02 19:41:59.185 | ERROR    | main:_on_paper_order_book:691 - Traceback (most recent call last):
  File "C:\Users\A\Downloads\New-folder-orderflow-copy\orderflow-copy-DeepSeek\main.py", line 571, in _on_paper_order_book
    bids = [PriceLevel(price=float(p), size=float(s), timestamp=ts)
           ^^^^^^^^^^^^^^^^^^^^^^^^^^^^^^^^^^^^^^^^^^^^^^^^^^^^^^^^
  File "C:\Users\A\Downloads\New-folder-orderflow-copy\orderflow-copy-DeepSeek\main.py", line 571, in <listcomp>
    bids = [PriceLevel(price=float(p), size=float(s), timestamp=ts)
            ^^^^^^^^^^
NameError: name 'PriceLevel' is not defined

2026-06-02 19:41:59.284 | ERROR    | main:_on_paper_order_book:689 - Paper trading error: name 'PriceLevel' is not defined
2026-06-02 19:41:59.285 | ERROR    | main:_on_paper_order_book:691 - Traceback (most recent call last):
  File "C:\Users\A\Downloads\New-folder-orderflow-copy\orderflow-copy-DeepSeek\main.py", line 571, in _on_paper_order_book
    bids = [PriceLevel(price=float(p), size=float(s), timestamp=ts)
           ^^^^^^^^^^^^^^^^^^^^^^^^^^^^^^^^^^^^^^^^^^^^^^^^^^^^^^^^
  File "C:\Users\A\Downloads\New-folder-orderflow-copy\orderflow-copy-DeepSeek\main.py", line 571, in <listcomp>
    bids = [PriceLevel(price=float(p), size=float(s), timestamp=ts)
            ^^^^^^^^^^
NameError: name 'PriceLevel' is not defined

2026-06-02 19:41:59.386 | ERROR    | main:_on_paper_order_book:689 - Paper trading error: name 'PriceLevel' is not defined
2026-06-02 19:41:59.387 | ERROR    | main:_on_paper_order_book:691 - Traceback (most recent call last):
  File "C:\Users\A\Downloads\New-folder-orderflow-copy\orderflow-copy-DeepSeek\main.py", line 571, in _on_paper_order_book
    bids = [PriceLevel(price=float(p), size=float(s), timestamp=ts)
           ^^^^^^^^^^^^^^^^^^^^^^^^^^^^^^^^^^^^^^^^^^^^^^^^^^^^^^^^
  File "C:\Users\A\Downloads\New-folder-orderflow-copy\orderflow-copy-DeepSeek\main.py", line 571, in <listcomp>
    bids = [PriceLevel(price=float(p), size=float(s), timestamp=ts)
            ^^^^^^^^^^
NameError: name 'PriceLevel' is not defined

2026-06-02 19:41:59.484 | ERROR    | main:_on_paper_order_book:689 - Paper trading error: name 'PriceLevel' is not defined
2026-06-02 19:41:59.484 | ERROR    | main:_on_paper_order_book:691 - Traceback (most recent call last):
  File "C:\Users\A\Downloads\New-folder-orderflow-copy\orderflow-copy-DeepSeek\main.py", line 571, in _on_paper_order_book
    bids = [PriceLevel(price=float(p), size=float(s), timestamp=ts)
           ^^^^^^^^^^^^^^^^^^^^^^^^^^^^^^^^^^^^^^^^^^^^^^^^^^^^^^^^
  File "C:\Users\A\Downloads\New-folder-orderflow-copy\orderflow-copy-DeepSeek\main.py", line 571, in <listcomp>
    bids = [PriceLevel(price=float(p), size=float(s), timestamp=ts)
            ^^^^^^^^^^
NameError: name 'PriceLevel' is not defined

2026-06-02 19:41:59.887 | ERROR    | main:_on_paper_order_book:689 - Paper trading error: name 'PriceLevel' is not defined
2026-06-02 19:41:59.888 | ERROR    | main:_on_paper_order_book:691 - Traceback (most recent call last):
  File "C:\Users\A\Downloads\New-folder-orderflow-copy\orderflow-copy-DeepSeek\main.py", line 571, in _on_paper_order_book
    bids = [PriceLevel(price=float(p), size=float(s), timestamp=ts)
           ^^^^^^^^^^^^^^^^^^^^^^^^^^^^^^^^^^^^^^^^^^^^^^^^^^^^^^^^
  File "C:\Users\A\Downloads\New-folder-orderflow-copy\orderflow-copy-DeepSeek\main.py", line 571, in <listcomp>
    bids = [PriceLevel(price=float(p), size=float(s), timestamp=ts)
            ^^^^^^^^^^
NameError: name 'PriceLevel' is not defined

2026-06-02 19:41:59.993 | ERROR    | main:_on_paper_order_book:689 - Paper trading error: name 'PriceLevel' is not defined
2026-06-02 19:41:59.994 | ERROR    | main:_on_paper_order_book:691 - Traceback (most recent call last):
  File "C:\Users\A\Downloads\New-folder-orderflow-copy\orderflow-copy-DeepSeek\main.py", line 571, in _on_paper_order_book
    bids = [PriceLevel(price=float(p), size=float(s), timestamp=ts)
           ^^^^^^^^^^^^^^^^^^^^^^^^^^^^^^^^^^^^^^^^^^^^^^^^^^^^^^^^
  File "C:\Users\A\Downloads\New-folder-orderflow-copy\orderflow-copy-DeepSeek\main.py", line 571, in <listcomp>
    bids = [PriceLevel(price=float(p), size=float(s), timestamp=ts)
            ^^^^^^^^^^
NameError: name 'PriceLevel' is not defined

2026-06-02 19:42:00.404 | ERROR    | main:_on_paper_order_book:689 - Paper trading error: name 'PriceLevel' is not defined
2026-06-02 19:42:00.405 | ERROR    | main:_on_paper_order_book:691 - Traceback (most recent call last):
  File "C:\Users\A\Downloads\New-folder-orderflow-copy\orderflow-copy-DeepSeek\main.py", line 571, in _on_paper_order_book
    bids = [PriceLevel(price=float(p), size=float(s), timestamp=ts)
           ^^^^^^^^^^^^^^^^^^^^^^^^^^^^^^^^^^^^^^^^^^^^^^^^^^^^^^^^
  File "C:\Users\A\Downloads\New-folder-orderflow-copy\orderflow-copy-DeepSeek\main.py", line 571, in <listcomp>
    bids = [PriceLevel(price=float(p), size=float(s), timestamp=ts)
            ^^^^^^^^^^
NameError: name 'PriceLevel' is not defined

2026-06-02 19:42:00.483 | ERROR    | main:_on_paper_order_book:689 - Paper trading error: name 'PriceLevel' is not defined
2026-06-02 19:42:00.484 | ERROR    | main:_on_paper_order_book:691 - Traceback (most recent call last):
  File "C:\Users\A\Downloads\New-folder-orderflow-copy\orderflow-copy-DeepSeek\main.py", line 571, in _on_paper_order_book
    bids = [PriceLevel(price=float(p), size=float(s), timestamp=ts)
           ^^^^^^^^^^^^^^^^^^^^^^^^^^^^^^^^^^^^^^^^^^^^^^^^^^^^^^^^
  File "C:\Users\A\Downloads\New-folder-orderflow-copy\orderflow-copy-DeepSeek\main.py", line 571, in <listcomp>
    bids = [PriceLevel(price=float(p), size=float(s), timestamp=ts)
            ^^^^^^^^^^
NameError: name 'PriceLevel' is not defined

2026-06-02 19:42:00.713 | ERROR    | main:_on_paper_order_book:689 - Paper trading error: name 'PriceLevel' is not defined
2026-06-02 19:42:00.714 | ERROR    | main:_on_paper_order_book:691 - Traceback (most recent call last):
  File "C:\Users\A\Downloads\New-folder-orderflow-copy\orderflow-copy-DeepSeek\main.py", line 571, in _on_paper_order_book
    bids = [PriceLevel(price=float(p), size=float(s), timestamp=ts)
           ^^^^^^^^^^^^^^^^^^^^^^^^^^^^^^^^^^^^^^^^^^^^^^^^^^^^^^^^
  File "C:\Users\A\Downloads\New-folder-orderflow-copy\orderflow-copy-DeepSeek\main.py", line 571, in <listcomp>
    bids = [PriceLevel(price=float(p), size=float(s), timestamp=ts)
            ^^^^^^^^^^
NameError: name 'PriceLevel' is not defined

2026-06-02 19:42:00.922 | ERROR    | main:_on_paper_order_book:689 - Paper trading error: name 'PriceLevel' is not defined
2026-06-02 19:42:00.924 | ERROR    | main:_on_paper_order_book:691 - Traceback (most recent call last):
  File "C:\Users\A\Downloads\New-folder-orderflow-copy\orderflow-copy-DeepSeek\main.py", line 571, in _on_paper_order_book
    bids = [PriceLevel(price=float(p), size=float(s), timestamp=ts)
           ^^^^^^^^^^^^^^^^^^^^^^^^^^^^^^^^^^^^^^^^^^^^^^^^^^^^^^^^
  File "C:\Users\A\Downloads\New-folder-orderflow-copy\orderflow-copy-DeepSeek\main.py", line 571, in <listcomp>
    bids = [PriceLevel(price=float(p), size=float(s), timestamp=ts)
            ^^^^^^^^^^
NameError: name 'PriceLevel' is not defined

2026-06-02 19:42:00.983 | ERROR    | main:_on_paper_order_book:689 - Paper trading error: name 'PriceLevel' is not defined
2026-06-02 19:42:00.985 | ERROR    | main:_on_paper_order_book:691 - Traceback (most recent call last):
  File "C:\Users\A\Downloads\New-folder-orderflow-copy\orderflow-copy-DeepSeek\main.py", line 571, in _on_paper_order_book
    bids = [PriceLevel(price=float(p), size=float(s), timestamp=ts)
           ^^^^^^^^^^^^^^^^^^^^^^^^^^^^^^^^^^^^^^^^^^^^^^^^^^^^^^^^
  File "C:\Users\A\Downloads\New-folder-orderflow-copy\orderflow-copy-DeepSeek\main.py", line 571, in <listcomp>
    bids = [PriceLevel(price=float(p), size=float(s), timestamp=ts)
            ^^^^^^^^^^
NameError: name 'PriceLevel' is not defined

2026-06-02 19:42:01.083 | ERROR    | main:_on_paper_order_book:689 - Paper trading error: name 'PriceLevel' is not defined
2026-06-02 19:42:01.084 | ERROR    | main:_on_paper_order_book:691 - Traceback (most recent call last):
  File "C:\Users\A\Downloads\New-folder-orderflow-copy\orderflow-copy-DeepSeek\main.py", line 571, in _on_paper_order_book
    bids = [PriceLevel(price=float(p), size=float(s), timestamp=ts)
           ^^^^^^^^^^^^^^^^^^^^^^^^^^^^^^^^^^^^^^^^^^^^^^^^^^^^^^^^
  File "C:\Users\A\Downloads\New-folder-orderflow-copy\orderflow-copy-DeepSeek\main.py", line 571, in <listcomp>
    bids = [PriceLevel(price=float(p), size=float(s), timestamp=ts)
            ^^^^^^^^^^
NameError: name 'PriceLevel' is not defined

2026-06-02 19:42:01.188 | ERROR    | main:_on_paper_order_book:689 - Paper trading error: name 'PriceLevel' is not defined
2026-06-02 19:42:01.189 | ERROR    | main:_on_paper_order_book:691 - Traceback (most recent call last):
  File "C:\Users\A\Downloads\New-folder-orderflow-copy\orderflow-copy-DeepSeek\main.py", line 571, in _on_paper_order_book
    bids = [PriceLevel(price=float(p), size=float(s), timestamp=ts)
           ^^^^^^^^^^^^^^^^^^^^^^^^^^^^^^^^^^^^^^^^^^^^^^^^^^^^^^^^
  File "C:\Users\A\Downloads\New-folder-orderflow-copy\orderflow-copy-DeepSeek\main.py", line 571, in <listcomp>
    bids = [PriceLevel(price=float(p), size=float(s), timestamp=ts)
            ^^^^^^^^^^
NameError: name 'PriceLevel' is not defined

2026-06-02 19:42:01.438 | ERROR    | main:_on_paper_order_book:689 - Paper trading error: name 'PriceLevel' is not defined
2026-06-02 19:42:01.441 | ERROR    | main:_on_paper_order_book:691 - Traceback (most recent call last):
  File "C:\Users\A\Downloads\New-folder-orderflow-copy\orderflow-copy-DeepSeek\main.py", line 571, in _on_paper_order_book
    bids = [PriceLevel(price=float(p), size=float(s), timestamp=ts)
           ^^^^^^^^^^^^^^^^^^^^^^^^^^^^^^^^^^^^^^^^^^^^^^^^^^^^^^^^
  File "C:\Users\A\Downloads\New-folder-orderflow-copy\orderflow-copy-DeepSeek\main.py", line 571, in <listcomp>
    bids = [PriceLevel(price=float(p), size=float(s), timestamp=ts)
            ^^^^^^^^^^
NameError: name 'PriceLevel' is not defined

2026-06-02 19:42:01.487 | ERROR    | main:_on_paper_order_book:689 - Paper trading error: name 'PriceLevel' is not defined
2026-06-02 19:42:01.487 | ERROR    | main:_on_paper_order_book:691 - Traceback (most recent call last):
  File "C:\Users\A\Downloads\New-folder-orderflow-copy\orderflow-copy-DeepSeek\main.py", line 571, in _on_paper_order_book
    bids = [PriceLevel(price=float(p), size=float(s), timestamp=ts)
           ^^^^^^^^^^^^^^^^^^^^^^^^^^^^^^^^^^^^^^^^^^^^^^^^^^^^^^^^
  File "C:\Users\A\Downloads\New-folder-orderflow-copy\orderflow-copy-DeepSeek\main.py", line 571, in <listcomp>
    bids = [PriceLevel(price=float(p), size=float(s), timestamp=ts)
            ^^^^^^^^^^
NameError: name 'PriceLevel' is not defined

2026-06-02 19:42:01.585 | ERROR    | main:_on_paper_order_book:689 - Paper trading error: name 'PriceLevel' is not defined
2026-06-02 19:42:01.587 | ERROR    | main:_on_paper_order_book:691 - Traceback (most recent call last):
  File "C:\Users\A\Downloads\New-folder-orderflow-copy\orderflow-copy-DeepSeek\main.py", line 571, in _on_paper_order_book
    bids = [PriceLevel(price=float(p), size=float(s), timestamp=ts)
           ^^^^^^^^^^^^^^^^^^^^^^^^^^^^^^^^^^^^^^^^^^^^^^^^^^^^^^^^
  File "C:\Users\A\Downloads\New-folder-orderflow-copy\orderflow-copy-DeepSeek\main.py", line 571, in <listcomp>
    bids = [PriceLevel(price=float(p), size=float(s), timestamp=ts)
            ^^^^^^^^^^
NameError: name 'PriceLevel' is not defined

2026-06-02 19:42:01.686 | ERROR    | main:_on_paper_order_book:689 - Paper trading error: name 'PriceLevel' is not defined
2026-06-02 19:42:01.687 | ERROR    | main:_on_paper_order_book:691 - Traceback (most recent call last):
  File "C:\Users\A\Downloads\New-folder-orderflow-copy\orderflow-copy-DeepSeek\main.py", line 571, in _on_paper_order_book
    bids = [PriceLevel(price=float(p), size=float(s), timestamp=ts)
           ^^^^^^^^^^^^^^^^^^^^^^^^^^^^^^^^^^^^^^^^^^^^^^^^^^^^^^^^
  File "C:\Users\A\Downloads\New-folder-orderflow-copy\orderflow-copy-DeepSeek\main.py", line 571, in <listcomp>
    bids = [PriceLevel(price=float(p), size=float(s), timestamp=ts)
            ^^^^^^^^^^
NameError: name 'PriceLevel' is not defined

2026-06-02 19:42:01.785 | ERROR    | main:_on_paper_order_book:689 - Paper trading error: name 'PriceLevel' is not defined
2026-06-02 19:42:01.787 | ERROR    | main:_on_paper_order_book:691 - Traceback (most recent call last):
  File "C:\Users\A\Downloads\New-folder-orderflow-copy\orderflow-copy-DeepSeek\main.py", line 571, in _on_paper_order_book
    bids = [PriceLevel(price=float(p), size=float(s), timestamp=ts)
           ^^^^^^^^^^^^^^^^^^^^^^^^^^^^^^^^^^^^^^^^^^^^^^^^^^^^^^^^
  File "C:\Users\A\Downloads\New-folder-orderflow-copy\orderflow-copy-DeepSeek\main.py", line 571, in <listcomp>
    bids = [PriceLevel(price=float(p), size=float(s), timestamp=ts)
            ^^^^^^^^^^
NameError: name 'PriceLevel' is not defined

2026-06-02 19:42:01.887 | ERROR    | main:_on_paper_order_book:689 - Paper trading error: name 'PriceLevel' is not defined
2026-06-02 19:42:01.888 | ERROR    | main:_on_paper_order_book:691 - Traceback (most recent call last):
  File "C:\Users\A\Downloads\New-folder-orderflow-copy\orderflow-copy-DeepSeek\main.py", line 571, in _on_paper_order_book
    bids = [PriceLevel(price=float(p), size=float(s), timestamp=ts)
           ^^^^^^^^^^^^^^^^^^^^^^^^^^^^^^^^^^^^^^^^^^^^^^^^^^^^^^^^
  File "C:\Users\A\Downloads\New-folder-orderflow-copy\orderflow-copy-DeepSeek\main.py", line 571, in <listcomp>
    bids = [PriceLevel(price=float(p), size=float(s), timestamp=ts)
            ^^^^^^^^^^
NameError: name 'PriceLevel' is not defined

2026-06-02 19:42:01.985 | ERROR    | main:_on_paper_order_book:689 - Paper trading error: name 'PriceLevel' is not defined
2026-06-02 19:42:01.986 | ERROR    | main:_on_paper_order_book:691 - Traceback (most recent call last):
  File "C:\Users\A\Downloads\New-folder-orderflow-copy\orderflow-copy-DeepSeek\main.py", line 571, in _on_paper_order_book
    bids = [PriceLevel(price=float(p), size=float(s), timestamp=ts)
           ^^^^^^^^^^^^^^^^^^^^^^^^^^^^^^^^^^^^^^^^^^^^^^^^^^^^^^^^
  File "C:\Users\A\Downloads\New-folder-orderflow-copy\orderflow-copy-DeepSeek\main.py", line 571, in <listcomp>
    bids = [PriceLevel(price=float(p), size=float(s), timestamp=ts)
            ^^^^^^^^^^
NameError: name 'PriceLevel' is not defined

2026-06-02 19:42:02.085 | ERROR    | main:_on_paper_order_book:689 - Paper trading error: name 'PriceLevel' is not defined
2026-06-02 19:42:02.087 | ERROR    | main:_on_paper_order_book:691 - Traceback (most recent call last):
  File "C:\Users\A\Downloads\New-folder-orderflow-copy\orderflow-copy-DeepSeek\main.py", line 571, in _on_paper_order_book
    bids = [PriceLevel(price=float(p), size=float(s), timestamp=ts)
           ^^^^^^^^^^^^^^^^^^^^^^^^^^^^^^^^^^^^^^^^^^^^^^^^^^^^^^^^
  File "C:\Users\A\Downloads\New-folder-orderflow-copy\orderflow-copy-DeepSeek\main.py", line 571, in <listcomp>
    bids = [PriceLevel(price=float(p), size=float(s), timestamp=ts)
            ^^^^^^^^^^
NameError: name 'PriceLevel' is not defined

2026-06-02 19:42:02.272 | ERROR    | main:_on_paper_order_book:689 - Paper trading error: name 'PriceLevel' is not defined
2026-06-02 19:42:02.275 | ERROR    | main:_on_paper_order_book:691 - Traceback (most recent call last):
  File "C:\Users\A\Downloads\New-folder-orderflow-copy\orderflow-copy-DeepSeek\main.py", line 571, in _on_paper_order_book
    bids = [PriceLevel(price=float(p), size=float(s), timestamp=ts)
           ^^^^^^^^^^^^^^^^^^^^^^^^^^^^^^^^^^^^^^^^^^^^^^^^^^^^^^^^
  File "C:\Users\A\Downloads\New-folder-orderflow-copy\orderflow-copy-DeepSeek\main.py", line 571, in <listcomp>
    bids = [PriceLevel(price=float(p), size=float(s), timestamp=ts)
            ^^^^^^^^^^
NameError: name 'PriceLevel' is not defined

2026-06-02 19:42:02.287 | ERROR    | main:_on_paper_order_book:689 - Paper trading error: name 'PriceLevel' is not defined
2026-06-02 19:42:02.289 | ERROR    | main:_on_paper_order_book:691 - Traceback (most recent call last):
  File "C:\Users\A\Downloads\New-folder-orderflow-copy\orderflow-copy-DeepSeek\main.py", line 571, in _on_paper_order_book
    bids = [PriceLevel(price=float(p), size=float(s), timestamp=ts)
           ^^^^^^^^^^^^^^^^^^^^^^^^^^^^^^^^^^^^^^^^^^^^^^^^^^^^^^^^
  File "C:\Users\A\Downloads\New-folder-orderflow-copy\orderflow-copy-DeepSeek\main.py", line 571, in <listcomp>
    bids = [PriceLevel(price=float(p), size=float(s), timestamp=ts)
            ^^^^^^^^^^
NameError: name 'PriceLevel' is not defined

2026-06-02 19:42:02.428 | ERROR    | main:_on_paper_order_book:689 - Paper trading error: name 'PriceLevel' is not defined
2026-06-02 19:42:02.430 | ERROR    | main:_on_paper_order_book:691 - Traceback (most recent call last):
  File "C:\Users\A\Downloads\New-folder-orderflow-copy\orderflow-copy-DeepSeek\main.py", line 571, in _on_paper_order_book
    bids = [PriceLevel(price=float(p), size=float(s), timestamp=ts)
           ^^^^^^^^^^^^^^^^^^^^^^^^^^^^^^^^^^^^^^^^^^^^^^^^^^^^^^^^
  File "C:\Users\A\Downloads\New-folder-orderflow-copy\orderflow-copy-DeepSeek\main.py", line 571, in <listcomp>
    bids = [PriceLevel(price=float(p), size=float(s), timestamp=ts)
            ^^^^^^^^^^
NameError: name 'PriceLevel' is not defined

2026-06-02 19:42:02.484 | ERROR    | main:_on_paper_order_book:689 - Paper trading error: name 'PriceLevel' is not defined
2026-06-02 19:42:02.485 | ERROR    | main:_on_paper_order_book:691 - Traceback (most recent call last):
  File "C:\Users\A\Downloads\New-folder-orderflow-copy\orderflow-copy-DeepSeek\main.py", line 571, in _on_paper_order_book
    bids = [PriceLevel(price=float(p), size=float(s), timestamp=ts)
           ^^^^^^^^^^^^^^^^^^^^^^^^^^^^^^^^^^^^^^^^^^^^^^^^^^^^^^^^
  File "C:\Users\A\Downloads\New-folder-orderflow-copy\orderflow-copy-DeepSeek\main.py", line 571, in <listcomp>
    bids = [PriceLevel(price=float(p), size=float(s), timestamp=ts)
            ^^^^^^^^^^
NameError: name 'PriceLevel' is not defined

2026-06-02 19:42:02.590 | ERROR    | main:_on_paper_order_book:689 - Paper trading error: name 'PriceLevel' is not defined
2026-06-02 19:42:02.591 | ERROR    | main:_on_paper_order_book:691 - Traceback (most recent call last):
  File "C:\Users\A\Downloads\New-folder-orderflow-copy\orderflow-copy-DeepSeek\main.py", line 571, in _on_paper_order_book
    bids = [PriceLevel(price=float(p), size=float(s), timestamp=ts)
           ^^^^^^^^^^^^^^^^^^^^^^^^^^^^^^^^^^^^^^^^^^^^^^^^^^^^^^^^
  File "C:\Users\A\Downloads\New-folder-orderflow-copy\orderflow-copy-DeepSeek\main.py", line 571, in <listcomp>
    bids = [PriceLevel(price=float(p), size=float(s), timestamp=ts)
            ^^^^^^^^^^
NameError: name 'PriceLevel' is not defined

2026-06-02 19:42:02.685 | ERROR    | main:_on_paper_order_book:689 - Paper trading error: name 'PriceLevel' is not defined
2026-06-02 19:42:02.686 | ERROR    | main:_on_paper_order_book:691 - Traceback (most recent call last):
  File "C:\Users\A\Downloads\New-folder-orderflow-copy\orderflow-copy-DeepSeek\main.py", line 571, in _on_paper_order_book
    bids = [PriceLevel(price=float(p), size=float(s), timestamp=ts)
           ^^^^^^^^^^^^^^^^^^^^^^^^^^^^^^^^^^^^^^^^^^^^^^^^^^^^^^^^
  File "C:\Users\A\Downloads\New-folder-orderflow-copy\orderflow-copy-DeepSeek\main.py", line 571, in <listcomp>
    bids = [PriceLevel(price=float(p), size=float(s), timestamp=ts)
            ^^^^^^^^^^
NameError: name 'PriceLevel' is not defined

2026-06-02 19:42:02.783 | ERROR    | main:_on_paper_order_book:689 - Paper trading error: name 'PriceLevel' is not defined
2026-06-02 19:42:02.784 | ERROR    | main:_on_paper_order_book:691 - Traceback (most recent call last):
  File "C:\Users\A\Downloads\New-folder-orderflow-copy\orderflow-copy-DeepSeek\main.py", line 571, in _on_paper_order_book
    bids = [PriceLevel(price=float(p), size=float(s), timestamp=ts)
           ^^^^^^^^^^^^^^^^^^^^^^^^^^^^^^^^^^^^^^^^^^^^^^^^^^^^^^^^
  File "C:\Users\A\Downloads\New-folder-orderflow-copy\orderflow-copy-DeepSeek\main.py", line 571, in <listcomp>
    bids = [PriceLevel(price=float(p), size=float(s), timestamp=ts)
            ^^^^^^^^^^
NameError: name 'PriceLevel' is not defined

2026-06-02 19:42:02.885 | ERROR    | main:_on_paper_order_book:689 - Paper trading error: name 'PriceLevel' is not defined
2026-06-02 19:42:02.886 | ERROR    | main:_on_paper_order_book:691 - Traceback (most recent call last):
  File "C:\Users\A\Downloads\New-folder-orderflow-copy\orderflow-copy-DeepSeek\main.py", line 571, in _on_paper_order_book
    bids = [PriceLevel(price=float(p), size=float(s), timestamp=ts)
           ^^^^^^^^^^^^^^^^^^^^^^^^^^^^^^^^^^^^^^^^^^^^^^^^^^^^^^^^
  File "C:\Users\A\Downloads\New-folder-orderflow-copy\orderflow-copy-DeepSeek\main.py", line 571, in <listcomp>
    bids = [PriceLevel(price=float(p), size=float(s), timestamp=ts)
            ^^^^^^^^^^
NameError: name 'PriceLevel' is not defined

2026-06-02 19:42:02.986 | ERROR    | main:_on_paper_order_book:689 - Paper trading error: name 'PriceLevel' is not defined
2026-06-02 19:42:02.987 | ERROR    | main:_on_paper_order_book:691 - Traceback (most recent call last):
  File "C:\Users\A\Downloads\New-folder-orderflow-copy\orderflow-copy-DeepSeek\main.py", line 571, in _on_paper_order_book
    bids = [PriceLevel(price=float(p), size=float(s), timestamp=ts)
           ^^^^^^^^^^^^^^^^^^^^^^^^^^^^^^^^^^^^^^^^^^^^^^^^^^^^^^^^
  File "C:\Users\A\Downloads\New-folder-orderflow-copy\orderflow-copy-DeepSeek\main.py", line 571, in <listcomp>
    bids = [PriceLevel(price=float(p), size=float(s), timestamp=ts)
            ^^^^^^^^^^
NameError: name 'PriceLevel' is not defined

2026-06-02 19:42:03.088 | ERROR    | main:_on_paper_order_book:689 - Paper trading error: name 'PriceLevel' is not defined
2026-06-02 19:42:03.090 | ERROR    | main:_on_paper_order_book:691 - Traceback (most recent call last):
  File "C:\Users\A\Downloads\New-folder-orderflow-copy\orderflow-copy-DeepSeek\main.py", line 571, in _on_paper_order_book
    bids = [PriceLevel(price=float(p), size=float(s), timestamp=ts)
           ^^^^^^^^^^^^^^^^^^^^^^^^^^^^^^^^^^^^^^^^^^^^^^^^^^^^^^^^
  File "C:\Users\A\Downloads\New-folder-orderflow-copy\orderflow-copy-DeepSeek\main.py", line 571, in <listcomp>
    bids = [PriceLevel(price=float(p), size=float(s), timestamp=ts)
            ^^^^^^^^^^
NameError: name 'PriceLevel' is not defined

2026-06-02 19:42:03.185 | ERROR    | main:_on_paper_order_book:689 - Paper trading error: name 'PriceLevel' is not defined
2026-06-02 19:42:03.186 | ERROR    | main:_on_paper_order_book:691 - Traceback (most recent call last):
  File "C:\Users\A\Downloads\New-folder-orderflow-copy\orderflow-copy-DeepSeek\main.py", line 571, in _on_paper_order_book
    bids = [PriceLevel(price=float(p), size=float(s), timestamp=ts)
           ^^^^^^^^^^^^^^^^^^^^^^^^^^^^^^^^^^^^^^^^^^^^^^^^^^^^^^^^
  File "C:\Users\A\Downloads\New-folder-orderflow-copy\orderflow-copy-DeepSeek\main.py", line 571, in <listcomp>
    bids = [PriceLevel(price=float(p), size=float(s), timestamp=ts)
            ^^^^^^^^^^
NameError: name 'PriceLevel' is not defined

2026-06-02 19:42:03.388 | ERROR    | main:_on_paper_order_book:689 - Paper trading error: name 'PriceLevel' is not defined
2026-06-02 19:42:03.388 | ERROR    | main:_on_paper_order_book:691 - Traceback (most recent call last):
  File "C:\Users\A\Downloads\New-folder-orderflow-copy\orderflow-copy-DeepSeek\main.py", line 571, in _on_paper_order_book
    bids = [PriceLevel(price=float(p), size=float(s), timestamp=ts)
           ^^^^^^^^^^^^^^^^^^^^^^^^^^^^^^^^^^^^^^^^^^^^^^^^^^^^^^^^
  File "C:\Users\A\Downloads\New-folder-orderflow-copy\orderflow-copy-DeepSeek\main.py", line 571, in <listcomp>
    bids = [PriceLevel(price=float(p), size=float(s), timestamp=ts)
            ^^^^^^^^^^
NameError: name 'PriceLevel' is not defined

2026-06-02 19:42:03.614 | ERROR    | main:_on_paper_order_book:689 - Paper trading error: name 'PriceLevel' is not defined
2026-06-02 19:42:03.616 | ERROR    | main:_on_paper_order_book:691 - Traceback (most recent call last):
  File "C:\Users\A\Downloads\New-folder-orderflow-copy\orderflow-copy-DeepSeek\main.py", line 571, in _on_paper_order_book
    bids = [PriceLevel(price=float(p), size=float(s), timestamp=ts)
           ^^^^^^^^^^^^^^^^^^^^^^^^^^^^^^^^^^^^^^^^^^^^^^^^^^^^^^^^
  File "C:\Users\A\Downloads\New-folder-orderflow-copy\orderflow-copy-DeepSeek\main.py", line 571, in <listcomp>
    bids = [PriceLevel(price=float(p), size=float(s), timestamp=ts)
            ^^^^^^^^^^
NameError: name 'PriceLevel' is not defined

2026-06-02 19:42:03.786 | ERROR    | main:_on_paper_order_book:689 - Paper trading error: name 'PriceLevel' is not defined
2026-06-02 19:42:03.787 | ERROR    | main:_on_paper_order_book:691 - Traceback (most recent call last):
  File "C:\Users\A\Downloads\New-folder-orderflow-copy\orderflow-copy-DeepSeek\main.py", line 571, in _on_paper_order_book
    bids = [PriceLevel(price=float(p), size=float(s), timestamp=ts)
           ^^^^^^^^^^^^^^^^^^^^^^^^^^^^^^^^^^^^^^^^^^^^^^^^^^^^^^^^
  File "C:\Users\A\Downloads\New-folder-orderflow-copy\orderflow-copy-DeepSeek\main.py", line 571, in <listcomp>
    bids = [PriceLevel(price=float(p), size=float(s), timestamp=ts)
            ^^^^^^^^^^
NameError: name 'PriceLevel' is not defined

2026-06-02 19:42:03.886 | ERROR    | main:_on_paper_order_book:689 - Paper trading error: name 'PriceLevel' is not defined
2026-06-02 19:42:03.887 | ERROR    | main:_on_paper_order_book:691 - Traceback (most recent call last):
  File "C:\Users\A\Downloads\New-folder-orderflow-copy\orderflow-copy-DeepSeek\main.py", line 571, in _on_paper_order_book
    bids = [PriceLevel(price=float(p), size=float(s), timestamp=ts)
           ^^^^^^^^^^^^^^^^^^^^^^^^^^^^^^^^^^^^^^^^^^^^^^^^^^^^^^^^
  File "C:\Users\A\Downloads\New-folder-orderflow-copy\orderflow-copy-DeepSeek\main.py", line 571, in <listcomp>
    bids = [PriceLevel(price=float(p), size=float(s), timestamp=ts)
            ^^^^^^^^^^
NameError: name 'PriceLevel' is not defined

2026-06-02 19:42:03.986 | ERROR    | main:_on_paper_order_book:689 - Paper trading error: name 'PriceLevel' is not defined
2026-06-02 19:42:03.986 | ERROR    | main:_on_paper_order_book:691 - Traceback (most recent call last):
  File "C:\Users\A\Downloads\New-folder-orderflow-copy\orderflow-copy-DeepSeek\main.py", line 571, in _on_paper_order_book
    bids = [PriceLevel(price=float(p), size=float(s), timestamp=ts)
           ^^^^^^^^^^^^^^^^^^^^^^^^^^^^^^^^^^^^^^^^^^^^^^^^^^^^^^^^
  File "C:\Users\A\Downloads\New-folder-orderflow-copy\orderflow-copy-DeepSeek\main.py", line 571, in <listcomp>
    bids = [PriceLevel(price=float(p), size=float(s), timestamp=ts)
            ^^^^^^^^^^
NameError: name 'PriceLevel' is not defined

2026-06-02 19:42:04.087 | ERROR    | main:_on_paper_order_book:689 - Paper trading error: name 'PriceLevel' is not defined
2026-06-02 19:42:04.088 | ERROR    | main:_on_paper_order_book:691 - Traceback (most recent call last):
  File "C:\Users\A\Downloads\New-folder-orderflow-copy\orderflow-copy-DeepSeek\main.py", line 571, in _on_paper_order_book
    bids = [PriceLevel(price=float(p), size=float(s), timestamp=ts)
           ^^^^^^^^^^^^^^^^^^^^^^^^^^^^^^^^^^^^^^^^^^^^^^^^^^^^^^^^
  File "C:\Users\A\Downloads\New-folder-orderflow-copy\orderflow-copy-DeepSeek\main.py", line 571, in <listcomp>
    bids = [PriceLevel(price=float(p), size=float(s), timestamp=ts)
            ^^^^^^^^^^
NameError: name 'PriceLevel' is not defined

2026-06-02 19:42:04.192 | ERROR    | main:_on_paper_order_book:689 - Paper trading error: name 'PriceLevel' is not defined
2026-06-02 19:42:04.193 | ERROR    | main:_on_paper_order_book:691 - Traceback (most recent call last):
  File "C:\Users\A\Downloads\New-folder-orderflow-copy\orderflow-copy-DeepSeek\main.py", line 571, in _on_paper_order_book
    bids = [PriceLevel(price=float(p), size=float(s), timestamp=ts)
           ^^^^^^^^^^^^^^^^^^^^^^^^^^^^^^^^^^^^^^^^^^^^^^^^^^^^^^^^
  File "C:\Users\A\Downloads\New-folder-orderflow-copy\orderflow-copy-DeepSeek\main.py", line 571, in <listcomp>
    bids = [PriceLevel(price=float(p), size=float(s), timestamp=ts)
            ^^^^^^^^^^
NameError: name 'PriceLevel' is not defined

2026-06-02 19:42:04.285 | ERROR    | main:_on_paper_order_book:689 - Paper trading error: name 'PriceLevel' is not defined
2026-06-02 19:42:04.285 | ERROR    | main:_on_paper_order_book:691 - Traceback (most recent call last):
  File "C:\Users\A\Downloads\New-folder-orderflow-copy\orderflow-copy-DeepSeek\main.py", line 571, in _on_paper_order_book
    bids = [PriceLevel(price=float(p), size=float(s), timestamp=ts)
           ^^^^^^^^^^^^^^^^^^^^^^^^^^^^^^^^^^^^^^^^^^^^^^^^^^^^^^^^
  File "C:\Users\A\Downloads\New-folder-orderflow-copy\orderflow-copy-DeepSeek\main.py", line 571, in <listcomp>
    bids = [PriceLevel(price=float(p), size=float(s), timestamp=ts)
            ^^^^^^^^^^
NameError: name 'PriceLevel' is not defined

2026-06-02 19:42:04.385 | ERROR    | main:_on_paper_order_book:689 - Paper trading error: name 'PriceLevel' is not defined
2026-06-02 19:42:04.386 | ERROR    | main:_on_paper_order_book:691 - Traceback (most recent call last):
  File "C:\Users\A\Downloads\New-folder-orderflow-copy\orderflow-copy-DeepSeek\main.py", line 571, in _on_paper_order_book
    bids = [PriceLevel(price=float(p), size=float(s), timestamp=ts)
           ^^^^^^^^^^^^^^^^^^^^^^^^^^^^^^^^^^^^^^^^^^^^^^^^^^^^^^^^
  File "C:\Users\A\Downloads\New-folder-orderflow-copy\orderflow-copy-DeepSeek\main.py", line 571, in <listcomp>
    bids = [PriceLevel(price=float(p), size=float(s), timestamp=ts)
            ^^^^^^^^^^
NameError: name 'PriceLevel' is not defined

2026-06-02 19:42:04.485 | ERROR    | main:_on_paper_order_book:689 - Paper trading error: name 'PriceLevel' is not defined
2026-06-02 19:42:04.486 | ERROR    | main:_on_paper_order_book:691 - Traceback (most recent call last):
  File "C:\Users\A\Downloads\New-folder-orderflow-copy\orderflow-copy-DeepSeek\main.py", line 571, in _on_paper_order_book
    bids = [PriceLevel(price=float(p), size=float(s), timestamp=ts)
           ^^^^^^^^^^^^^^^^^^^^^^^^^^^^^^^^^^^^^^^^^^^^^^^^^^^^^^^^
  File "C:\Users\A\Downloads\New-folder-orderflow-copy\orderflow-copy-DeepSeek\main.py", line 571, in <listcomp>
    bids = [PriceLevel(price=float(p), size=float(s), timestamp=ts)
            ^^^^^^^^^^
NameError: name 'PriceLevel' is not defined

2026-06-02 19:42:04.583 | ERROR    | main:_on_paper_order_book:689 - Paper trading error: name 'PriceLevel' is not defined
2026-06-02 19:42:04.584 | ERROR    | main:_on_paper_order_book:691 - Traceback (most recent call last):
  File "C:\Users\A\Downloads\New-folder-orderflow-copy\orderflow-copy-DeepSeek\main.py", line 571, in _on_paper_order_book
    bids = [PriceLevel(price=float(p), size=float(s), timestamp=ts)
           ^^^^^^^^^^^^^^^^^^^^^^^^^^^^^^^^^^^^^^^^^^^^^^^^^^^^^^^^
  File "C:\Users\A\Downloads\New-folder-orderflow-copy\orderflow-copy-DeepSeek\main.py", line 571, in <listcomp>
    bids = [PriceLevel(price=float(p), size=float(s), timestamp=ts)
            ^^^^^^^^^^
NameError: name 'PriceLevel' is not defined

2026-06-02 19:42:04.853 | ERROR    | main:_on_paper_order_book:689 - Paper trading error: name 'PriceLevel' is not defined
2026-06-02 19:42:04.854 | ERROR    | main:_on_paper_order_book:691 - Traceback (most recent call last):
  File "C:\Users\A\Downloads\New-folder-orderflow-copy\orderflow-copy-DeepSeek\main.py", line 571, in _on_paper_order_book
    bids = [PriceLevel(price=float(p), size=float(s), timestamp=ts)
           ^^^^^^^^^^^^^^^^^^^^^^^^^^^^^^^^^^^^^^^^^^^^^^^^^^^^^^^^
  File "C:\Users\A\Downloads\New-folder-orderflow-copy\orderflow-copy-DeepSeek\main.py", line 571, in <listcomp>
    bids = [PriceLevel(price=float(p), size=float(s), timestamp=ts)
            ^^^^^^^^^^
NameError: name 'PriceLevel' is not defined

2026-06-02 19:42:04.884 | ERROR    | main:_on_paper_order_book:689 - Paper trading error: name 'PriceLevel' is not defined
2026-06-02 19:42:04.885 | ERROR    | main:_on_paper_order_book:691 - Traceback (most recent call last):
  File "C:\Users\A\Downloads\New-folder-orderflow-copy\orderflow-copy-DeepSeek\main.py", line 571, in _on_paper_order_book
    bids = [PriceLevel(price=float(p), size=float(s), timestamp=ts)
           ^^^^^^^^^^^^^^^^^^^^^^^^^^^^^^^^^^^^^^^^^^^^^^^^^^^^^^^^
  File "C:\Users\A\Downloads\New-folder-orderflow-copy\orderflow-copy-DeepSeek\main.py", line 571, in <listcomp>
    bids = [PriceLevel(price=float(p), size=float(s), timestamp=ts)
            ^^^^^^^^^^
NameError: name 'PriceLevel' is not defined

2026-06-02 19:42:04.983 | ERROR    | main:_on_paper_order_book:689 - Paper trading error: name 'PriceLevel' is not defined
2026-06-02 19:42:04.984 | ERROR    | main:_on_paper_order_book:691 - Traceback (most recent call last):
  File "C:\Users\A\Downloads\New-folder-orderflow-copy\orderflow-copy-DeepSeek\main.py", line 571, in _on_paper_order_book
    bids = [PriceLevel(price=float(p), size=float(s), timestamp=ts)
           ^^^^^^^^^^^^^^^^^^^^^^^^^^^^^^^^^^^^^^^^^^^^^^^^^^^^^^^^
  File "C:\Users\A\Downloads\New-folder-orderflow-copy\orderflow-copy-DeepSeek\main.py", line 571, in <listcomp>
    bids = [PriceLevel(price=float(p), size=float(s), timestamp=ts)
            ^^^^^^^^^^
NameError: name 'PriceLevel' is not defined

2026-06-02 19:42:05.087 | ERROR    | main:_on_paper_order_book:689 - Paper trading error: name 'PriceLevel' is not defined
2026-06-02 19:42:05.089 | ERROR    | main:_on_paper_order_book:691 - Traceback (most recent call last):
  File "C:\Users\A\Downloads\New-folder-orderflow-copy\orderflow-copy-DeepSeek\main.py", line 571, in _on_paper_order_book
    bids = [PriceLevel(price=float(p), size=float(s), timestamp=ts)
           ^^^^^^^^^^^^^^^^^^^^^^^^^^^^^^^^^^^^^^^^^^^^^^^^^^^^^^^^
  File "C:\Users\A\Downloads\New-folder-orderflow-copy\orderflow-copy-DeepSeek\main.py", line 571, in <listcomp>
    bids = [PriceLevel(price=float(p), size=float(s), timestamp=ts)
            ^^^^^^^^^^
NameError: name 'PriceLevel' is not defined

2026-06-02 19:42:05.186 | ERROR    | main:_on_paper_order_book:689 - Paper trading error: name 'PriceLevel' is not defined
2026-06-02 19:42:05.188 | ERROR    | main:_on_paper_order_book:691 - Traceback (most recent call last):
  File "C:\Users\A\Downloads\New-folder-orderflow-copy\orderflow-copy-DeepSeek\main.py", line 571, in _on_paper_order_book
    bids = [PriceLevel(price=float(p), size=float(s), timestamp=ts)
           ^^^^^^^^^^^^^^^^^^^^^^^^^^^^^^^^^^^^^^^^^^^^^^^^^^^^^^^^
  File "C:\Users\A\Downloads\New-folder-orderflow-copy\orderflow-copy-DeepSeek\main.py", line 571, in <listcomp>
    bids = [PriceLevel(price=float(p), size=float(s), timestamp=ts)
            ^^^^^^^^^^
NameError: name 'PriceLevel' is not defined

2026-06-02 19:42:05.288 | ERROR    | main:_on_paper_order_book:689 - Paper trading error: name 'PriceLevel' is not defined
2026-06-02 19:42:05.290 | ERROR    | main:_on_paper_order_book:691 - Traceback (most recent call last):
  File "C:\Users\A\Downloads\New-folder-orderflow-copy\orderflow-copy-DeepSeek\main.py", line 571, in _on_paper_order_book
    bids = [PriceLevel(price=float(p), size=float(s), timestamp=ts)
           ^^^^^^^^^^^^^^^^^^^^^^^^^^^^^^^^^^^^^^^^^^^^^^^^^^^^^^^^
  File "C:\Users\A\Downloads\New-folder-orderflow-copy\orderflow-copy-DeepSeek\main.py", line 571, in <listcomp>
    bids = [PriceLevel(price=float(p), size=float(s), timestamp=ts)
            ^^^^^^^^^^
NameError: name 'PriceLevel' is not defined

2026-06-02 19:42:05.384 | ERROR    | main:_on_paper_order_book:689 - Paper trading error: name 'PriceLevel' is not defined
2026-06-02 19:42:05.384 | ERROR    | main:_on_paper_order_book:691 - Traceback (most recent call last):
  File "C:\Users\A\Downloads\New-folder-orderflow-copy\orderflow-copy-DeepSeek\main.py", line 571, in _on_paper_order_book
    bids = [PriceLevel(price=float(p), size=float(s), timestamp=ts)
           ^^^^^^^^^^^^^^^^^^^^^^^^^^^^^^^^^^^^^^^^^^^^^^^^^^^^^^^^
  File "C:\Users\A\Downloads\New-folder-orderflow-copy\orderflow-copy-DeepSeek\main.py", line 571, in <listcomp>
    bids = [PriceLevel(price=float(p), size=float(s), timestamp=ts)
            ^^^^^^^^^^
NameError: name 'PriceLevel' is not defined

2026-06-02 19:42:05.485 | ERROR    | main:_on_paper_order_book:689 - Paper trading error: name 'PriceLevel' is not defined
2026-06-02 19:42:05.487 | ERROR    | main:_on_paper_order_book:691 - Traceback (most recent call last):
  File "C:\Users\A\Downloads\New-folder-orderflow-copy\orderflow-copy-DeepSeek\main.py", line 571, in _on_paper_order_book
    bids = [PriceLevel(price=float(p), size=float(s), timestamp=ts)
           ^^^^^^^^^^^^^^^^^^^^^^^^^^^^^^^^^^^^^^^^^^^^^^^^^^^^^^^^
  File "C:\Users\A\Downloads\New-folder-orderflow-copy\orderflow-copy-DeepSeek\main.py", line 571, in <listcomp>
    bids = [PriceLevel(price=float(p), size=float(s), timestamp=ts)
            ^^^^^^^^^^
NameError: name 'PriceLevel' is not defined

2026-06-02 19:42:05.584 | ERROR    | main:_on_paper_order_book:689 - Paper trading error: name 'PriceLevel' is not defined
2026-06-02 19:42:05.585 | ERROR    | main:_on_paper_order_book:691 - Traceback (most recent call last):
  File "C:\Users\A\Downloads\New-folder-orderflow-copy\orderflow-copy-DeepSeek\main.py", line 571, in _on_paper_order_book
    bids = [PriceLevel(price=float(p), size=float(s), timestamp=ts)
           ^^^^^^^^^^^^^^^^^^^^^^^^^^^^^^^^^^^^^^^^^^^^^^^^^^^^^^^^
  File "C:\Users\A\Downloads\New-folder-orderflow-copy\orderflow-copy-DeepSeek\main.py", line 571, in <listcomp>
    bids = [PriceLevel(price=float(p), size=float(s), timestamp=ts)
            ^^^^^^^^^^
NameError: name 'PriceLevel' is not defined

2026-06-02 19:42:05.685 | ERROR    | main:_on_paper_order_book:689 - Paper trading error: name 'PriceLevel' is not defined
2026-06-02 19:42:05.686 | ERROR    | main:_on_paper_order_book:691 - Traceback (most recent call last):
  File "C:\Users\A\Downloads\New-folder-orderflow-copy\orderflow-copy-DeepSeek\main.py", line 571, in _on_paper_order_book
    bids = [PriceLevel(price=float(p), size=float(s), timestamp=ts)
           ^^^^^^^^^^^^^^^^^^^^^^^^^^^^^^^^^^^^^^^^^^^^^^^^^^^^^^^^
  File "C:\Users\A\Downloads\New-folder-orderflow-copy\orderflow-copy-DeepSeek\main.py", line 571, in <listcomp>
    bids = [PriceLevel(price=float(p), size=float(s), timestamp=ts)
            ^^^^^^^^^^
NameError: name 'PriceLevel' is not defined

2026-06-02 19:42:05.785 | ERROR    | main:_on_paper_order_book:689 - Paper trading error: name 'PriceLevel' is not defined
2026-06-02 19:42:05.787 | ERROR    | main:_on_paper_order_book:691 - Traceback (most recent call last):
  File "C:\Users\A\Downloads\New-folder-orderflow-copy\orderflow-copy-DeepSeek\main.py", line 571, in _on_paper_order_book
    bids = [PriceLevel(price=float(p), size=float(s), timestamp=ts)
           ^^^^^^^^^^^^^^^^^^^^^^^^^^^^^^^^^^^^^^^^^^^^^^^^^^^^^^^^
  File "C:\Users\A\Downloads\New-folder-orderflow-copy\orderflow-copy-DeepSeek\main.py", line 571, in <listcomp>
    bids = [PriceLevel(price=float(p), size=float(s), timestamp=ts)
            ^^^^^^^^^^
NameError: name 'PriceLevel' is not defined

2026-06-02 19:42:06.135 | ERROR    | main:_on_paper_order_book:689 - Paper trading error: name 'PriceLevel' is not defined
2026-06-02 19:42:06.135 | ERROR    | main:_on_paper_order_book:691 - Traceback (most recent call last):
  File "C:\Users\A\Downloads\New-folder-orderflow-copy\orderflow-copy-DeepSeek\main.py", line 571, in _on_paper_order_book
    bids = [PriceLevel(price=float(p), size=float(s), timestamp=ts)
           ^^^^^^^^^^^^^^^^^^^^^^^^^^^^^^^^^^^^^^^^^^^^^^^^^^^^^^^^
  File "C:\Users\A\Downloads\New-folder-orderflow-copy\orderflow-copy-DeepSeek\main.py", line 571, in <listcomp>
    bids = [PriceLevel(price=float(p), size=float(s), timestamp=ts)
            ^^^^^^^^^^
NameError: name 'PriceLevel' is not defined

2026-06-02 19:42:06.183 | ERROR    | main:_on_paper_order_book:689 - Paper trading error: name 'PriceLevel' is not defined
2026-06-02 19:42:06.184 | ERROR    | main:_on_paper_order_book:691 - Traceback (most recent call last):
  File "C:\Users\A\Downloads\New-folder-orderflow-copy\orderflow-copy-DeepSeek\main.py", line 571, in _on_paper_order_book
    bids = [PriceLevel(price=float(p), size=float(s), timestamp=ts)
           ^^^^^^^^^^^^^^^^^^^^^^^^^^^^^^^^^^^^^^^^^^^^^^^^^^^^^^^^
  File "C:\Users\A\Downloads\New-folder-orderflow-copy\orderflow-copy-DeepSeek\main.py", line 571, in <listcomp>
    bids = [PriceLevel(price=float(p), size=float(s), timestamp=ts)
            ^^^^^^^^^^
NameError: name 'PriceLevel' is not defined

2026-06-02 19:42:06.289 | ERROR    | main:_on_paper_order_book:689 - Paper trading error: name 'PriceLevel' is not defined
2026-06-02 19:42:06.291 | ERROR    | main:_on_paper_order_book:691 - Traceback (most recent call last):
  File "C:\Users\A\Downloads\New-folder-orderflow-copy\orderflow-copy-DeepSeek\main.py", line 571, in _on_paper_order_book
    bids = [PriceLevel(price=float(p), size=float(s), timestamp=ts)
           ^^^^^^^^^^^^^^^^^^^^^^^^^^^^^^^^^^^^^^^^^^^^^^^^^^^^^^^^
  File "C:\Users\A\Downloads\New-folder-orderflow-copy\orderflow-copy-DeepSeek\main.py", line 571, in <listcomp>
    bids = [PriceLevel(price=float(p), size=float(s), timestamp=ts)
            ^^^^^^^^^^
NameError: name 'PriceLevel' is not defined

2026-06-02 19:42:06.495 | ERROR    | main:_on_paper_order_book:689 - Paper trading error: name 'PriceLevel' is not defined
2026-06-02 19:42:06.496 | ERROR    | main:_on_paper_order_book:691 - Traceback (most recent call last):
  File "C:\Users\A\Downloads\New-folder-orderflow-copy\orderflow-copy-DeepSeek\main.py", line 571, in _on_paper_order_book
    bids = [PriceLevel(price=float(p), size=float(s), timestamp=ts)
           ^^^^^^^^^^^^^^^^^^^^^^^^^^^^^^^^^^^^^^^^^^^^^^^^^^^^^^^^
  File "C:\Users\A\Downloads\New-folder-orderflow-copy\orderflow-copy-DeepSeek\main.py", line 571, in <listcomp>
    bids = [PriceLevel(price=float(p), size=float(s), timestamp=ts)
            ^^^^^^^^^^
NameError: name 'PriceLevel' is not defined

2026-06-02 19:42:06.498 | ERROR    | main:_on_paper_order_book:689 - Paper trading error: name 'PriceLevel' is not defined
2026-06-02 19:42:06.498 | ERROR    | main:_on_paper_order_book:691 - Traceback (most recent call last):
  File "C:\Users\A\Downloads\New-folder-orderflow-copy\orderflow-copy-DeepSeek\main.py", line 571, in _on_paper_order_book
    bids = [PriceLevel(price=float(p), size=float(s), timestamp=ts)
           ^^^^^^^^^^^^^^^^^^^^^^^^^^^^^^^^^^^^^^^^^^^^^^^^^^^^^^^^
  File "C:\Users\A\Downloads\New-folder-orderflow-copy\orderflow-copy-DeepSeek\main.py", line 571, in <listcomp>
    bids = [PriceLevel(price=float(p), size=float(s), timestamp=ts)
            ^^^^^^^^^^
NameError: name 'PriceLevel' is not defined

2026-06-02 19:42:06.586 | ERROR    | main:_on_paper_order_book:689 - Paper trading error: name 'PriceLevel' is not defined
2026-06-02 19:42:06.586 | ERROR    | main:_on_paper_order_book:691 - Traceback (most recent call last):
  File "C:\Users\A\Downloads\New-folder-orderflow-copy\orderflow-copy-DeepSeek\main.py", line 571, in _on_paper_order_book
    bids = [PriceLevel(price=float(p), size=float(s), timestamp=ts)
           ^^^^^^^^^^^^^^^^^^^^^^^^^^^^^^^^^^^^^^^^^^^^^^^^^^^^^^^^
  File "C:\Users\A\Downloads\New-folder-orderflow-copy\orderflow-copy-DeepSeek\main.py", line 571, in <listcomp>
    bids = [PriceLevel(price=float(p), size=float(s), timestamp=ts)
            ^^^^^^^^^^
NameError: name 'PriceLevel' is not defined

2026-06-02 19:42:06.695 | ERROR    | main:_on_paper_order_book:689 - Paper trading error: name 'PriceLevel' is not defined
2026-06-02 19:42:06.696 | ERROR    | main:_on_paper_order_book:691 - Traceback (most recent call last):
  File "C:\Users\A\Downloads\New-folder-orderflow-copy\orderflow-copy-DeepSeek\main.py", line 571, in _on_paper_order_book
    bids = [PriceLevel(price=float(p), size=float(s), timestamp=ts)
           ^^^^^^^^^^^^^^^^^^^^^^^^^^^^^^^^^^^^^^^^^^^^^^^^^^^^^^^^
  File "C:\Users\A\Downloads\New-folder-orderflow-copy\orderflow-copy-DeepSeek\main.py", line 571, in <listcomp>
    bids = [PriceLevel(price=float(p), size=float(s), timestamp=ts)
            ^^^^^^^^^^
NameError: name 'PriceLevel' is not defined

2026-06-02 19:42:06.843 | ERROR    | main:_on_paper_order_book:689 - Paper trading error: name 'PriceLevel' is not defined
2026-06-02 19:42:06.844 | ERROR    | main:_on_paper_order_book:691 - Traceback (most recent call last):
  File "C:\Users\A\Downloads\New-folder-orderflow-copy\orderflow-copy-DeepSeek\main.py", line 571, in _on_paper_order_book
    bids = [PriceLevel(price=float(p), size=float(s), timestamp=ts)
           ^^^^^^^^^^^^^^^^^^^^^^^^^^^^^^^^^^^^^^^^^^^^^^^^^^^^^^^^
  File "C:\Users\A\Downloads\New-folder-orderflow-copy\orderflow-copy-DeepSeek\main.py", line 571, in <listcomp>
    bids = [PriceLevel(price=float(p), size=float(s), timestamp=ts)
            ^^^^^^^^^^
NameError: name 'PriceLevel' is not defined

2026-06-02 19:42:06.964 | ERROR    | main:_on_paper_order_book:689 - Paper trading error: name 'PriceLevel' is not defined
2026-06-02 19:42:06.966 | ERROR    | main:_on_paper_order_book:691 - Traceback (most recent call last):
  File "C:\Users\A\Downloads\New-folder-orderflow-copy\orderflow-copy-DeepSeek\main.py", line 571, in _on_paper_order_book
    bids = [PriceLevel(price=float(p), size=float(s), timestamp=ts)
           ^^^^^^^^^^^^^^^^^^^^^^^^^^^^^^^^^^^^^^^^^^^^^^^^^^^^^^^^
  File "C:\Users\A\Downloads\New-folder-orderflow-copy\orderflow-copy-DeepSeek\main.py", line 571, in <listcomp>
    bids = [PriceLevel(price=float(p), size=float(s), timestamp=ts)
            ^^^^^^^^^^
NameError: name 'PriceLevel' is not defined

2026-06-02 19:42:07.018 | ERROR    | main:_on_paper_order_book:689 - Paper trading error: name 'PriceLevel' is not defined
2026-06-02 19:42:07.019 | ERROR    | main:_on_paper_order_book:691 - Traceback (most recent call last):
  File "C:\Users\A\Downloads\New-folder-orderflow-copy\orderflow-copy-DeepSeek\main.py", line 571, in _on_paper_order_book
    bids = [PriceLevel(price=float(p), size=float(s), timestamp=ts)
           ^^^^^^^^^^^^^^^^^^^^^^^^^^^^^^^^^^^^^^^^^^^^^^^^^^^^^^^^
  File "C:\Users\A\Downloads\New-folder-orderflow-copy\orderflow-copy-DeepSeek\main.py", line 571, in <listcomp>
    bids = [PriceLevel(price=float(p), size=float(s), timestamp=ts)
            ^^^^^^^^^^
NameError: name 'PriceLevel' is not defined

2026-06-02 19:42:07.083 | ERROR    | main:_on_paper_order_book:689 - Paper trading error: name 'PriceLevel' is not defined
2026-06-02 19:42:07.084 | ERROR    | main:_on_paper_order_book:691 - Traceback (most recent call last):
  File "C:\Users\A\Downloads\New-folder-orderflow-copy\orderflow-copy-DeepSeek\main.py", line 571, in _on_paper_order_book
    bids = [PriceLevel(price=float(p), size=float(s), timestamp=ts)
           ^^^^^^^^^^^^^^^^^^^^^^^^^^^^^^^^^^^^^^^^^^^^^^^^^^^^^^^^
  File "C:\Users\A\Downloads\New-folder-orderflow-copy\orderflow-copy-DeepSeek\main.py", line 571, in <listcomp>
    bids = [PriceLevel(price=float(p), size=float(s), timestamp=ts)
            ^^^^^^^^^^
NameError: name 'PriceLevel' is not defined

2026-06-02 19:42:07.187 | ERROR    | main:_on_paper_order_book:689 - Paper trading error: name 'PriceLevel' is not defined
2026-06-02 19:42:07.189 | ERROR    | main:_on_paper_order_book:691 - Traceback (most recent call last):
  File "C:\Users\A\Downloads\New-folder-orderflow-copy\orderflow-copy-DeepSeek\main.py", line 571, in _on_paper_order_book
    bids = [PriceLevel(price=float(p), size=float(s), timestamp=ts)
           ^^^^^^^^^^^^^^^^^^^^^^^^^^^^^^^^^^^^^^^^^^^^^^^^^^^^^^^^
  File "C:\Users\A\Downloads\New-folder-orderflow-copy\orderflow-copy-DeepSeek\main.py", line 571, in <listcomp>
    bids = [PriceLevel(price=float(p), size=float(s), timestamp=ts)
            ^^^^^^^^^^
NameError: name 'PriceLevel' is not defined

2026-06-02 19:42:07.322 | ERROR    | main:_on_paper_order_book:689 - Paper trading error: name 'PriceLevel' is not defined
2026-06-02 19:42:07.324 | ERROR    | main:_on_paper_order_book:691 - Traceback (most recent call last):
  File "C:\Users\A\Downloads\New-folder-orderflow-copy\orderflow-copy-DeepSeek\main.py", line 571, in _on_paper_order_book
    bids = [PriceLevel(price=float(p), size=float(s), timestamp=ts)
           ^^^^^^^^^^^^^^^^^^^^^^^^^^^^^^^^^^^^^^^^^^^^^^^^^^^^^^^^
  File "C:\Users\A\Downloads\New-folder-orderflow-copy\orderflow-copy-DeepSeek\main.py", line 571, in <listcomp>
    bids = [PriceLevel(price=float(p), size=float(s), timestamp=ts)
            ^^^^^^^^^^
NameError: name 'PriceLevel' is not defined

2026-06-02 19:42:07.388 | ERROR    | main:_on_paper_order_book:689 - Paper trading error: name 'PriceLevel' is not defined
2026-06-02 19:42:07.390 | ERROR    | main:_on_paper_order_book:691 - Traceback (most recent call last):
  File "C:\Users\A\Downloads\New-folder-orderflow-copy\orderflow-copy-DeepSeek\main.py", line 571, in _on_paper_order_book
    bids = [PriceLevel(price=float(p), size=float(s), timestamp=ts)
           ^^^^^^^^^^^^^^^^^^^^^^^^^^^^^^^^^^^^^^^^^^^^^^^^^^^^^^^^
  File "C:\Users\A\Downloads\New-folder-orderflow-copy\orderflow-copy-DeepSeek\main.py", line 571, in <listcomp>
    bids = [PriceLevel(price=float(p), size=float(s), timestamp=ts)
            ^^^^^^^^^^
NameError: name 'PriceLevel' is not defined

2026-06-02 19:42:13.303 | INFO     | data.exchange_connector:disconnect:170 - Disconnected from exchange
