2026-06-06 03:29:16.989 | INFO     | main:run_paper:534 - Starting paper trading: ['absorption', 'stacked_imbalance']
2026-06-06 03:29:16.989 | INFO     | main:run_paper:545 -   Loaded strategy: absorption
2026-06-06 03:29:16.989 | INFO     | main:run_paper:545 -   Loaded strategy: stacked_imbalance
2026-06-06 03:29:16.989 | INFO     | data.exchange_connector:connect:95 - Connecting to binance (attempt 1/5)...
2026-06-06 03:29:26.382 | INFO     | data.exchange_connector:connect:97 - Connected to binance
2026-06-06 03:29:26.389 | INFO     | data.exchange_connector:start_websocket:293 - Connecting to WebSocket: wss://stream.binance.com:443/stream?streams=icpusdt@depth@100ms/icpusdt@aggTrade
2026-06-06 03:29:26.885 | INFO     | data.exchange_connector:start_websocket:302 - WebSocket connected: wss://stream.binance.com:443/stream?streams=icpusdt@depth@100ms/icpusdt@aggTrade
2026-06-06 03:29:26.885 | INFO     | data.exchange_connector:start_websocket:305 - Fetching fresh order book snapshot...
2026-06-06 03:29:27.289 | INFO     | data.exchange_connector:_fetch_rest_snapshot:223 - Snapshot loaded: 704b/1000a, lastUpdateId=6360333373 [Resync #1]
2026-06-06 03:29:27.289 | INFO     | data.exchange_connector:_fetch_rest_snapshot:234 - Book synchronized. Total resyncs: 1
2026-06-06 03:29:27.289 | INFO     | data.exchange_connector:start_websocket:312 - Subscribed to market data streams
2026-06-06 03:29:28.357 | INFO     | data.exchange_connector:_handle_trade:480 - [TRACE TRADE #1] keys=['e', 'E', 's', 'a', 'p', 'q', 'f', 'l', 'T', 'm', 'M'] p=2.33000000 q=89.79000000 m=False
2026-06-06 03:29:37.143 | INFO     | data.exchange_connector:_handle_trade:480 - [TRACE TRADE #2] keys=['e', 'E', 's', 'a', 'p', 'q', 'f', 'l', 'T', 'm', 'M'] p=2.33100000 q=94.38000000 m=False
2026-06-06 03:29:45.669 | INFO     | data.exchange_connector:_handle_trade:480 - [TRACE TRADE #3] keys=['e', 'E', 's', 'a', 'p', 'q', 'f', 'l', 'T', 'm', 'M'] p=2.33100000 q=3.22000000 m=False
2026-06-06 03:30:46.981 | INFO     | knowledge.strategy_library:evaluate:302 - [Stacked Imbalance] SIGNAL: STRONG_BUY @ 2.3315 | SL=2.3105 TP=2.6315 | Regime=UNKNOWN | Score=4.79
2026-06-06 03:30:46.984 | INFO     | main:_on_paper_order_book:691 - [stacked_imbalance] PAPER ENTRY @ 2.3332 | SL: 2.3105 | TP: 2.6315 | Size: 0.9993
2026-06-06 03:32:17.400 | INFO     | data.exchange_connector:_process_message:423 - [WS MSGS] total=500 depth=455 aggTrade=45 other=0
2026-06-06 03:33:58.770 | INFO     | data.exchange_connector:_process_message:423 - [WS MSGS] total=1000 depth=896 aggTrade=104 other=0
2026-06-06 03:36:12.140 | INFO     | data.exchange_connector:_process_message:423 - [WS MSGS] total=1500 depth=1357 aggTrade=143 other=0
2026-06-06 03:37:48.457 | INFO     | data.exchange_connector:_process_message:423 - [WS MSGS] total=2000 depth=1712 aggTrade=288 other=0
2026-06-06 03:40:49.472 | INFO     | data.exchange_connector:_process_message:423 - [WS MSGS] total=2500 depth=2186 aggTrade=314 other=0
2026-06-06 03:43:54.069 | INFO     | data.exchange_connector:_process_message:423 - [WS MSGS] total=3000 depth=2662 aggTrade=338 other=0
2026-06-06 03:46:18.312 | INFO     | data.exchange_connector:_process_message:423 - [WS MSGS] total=3500 depth=3127 aggTrade=373 other=0
2026-06-06 03:47:48.245 | INFO     | data.exchange_connector:_process_message:423 - [WS MSGS] total=4000 depth=3511 aggTrade=489 other=0
2026-06-06 03:48:12.709 | INFO     | data.exchange_connector:_handle_trade:480 - [TRACE TRADE #500] keys=['e', 'E', 's', 'a', 'p', 'q', 'f', 'l', 'T', 'm', 'M'] p=2.34200000 q=2.36000000 m=False
2026-06-06 03:50:55.261 | INFO     | data.exchange_connector:_process_message:423 - [WS MSGS] total=4500 depth=3951 aggTrade=549 other=0
2026-06-06 03:53:23.460 | INFO     | data.exchange_connector:_process_message:423 - [WS MSGS] total=5000 depth=4391 aggTrade=609 other=0
2026-06-06 03:56:16.950 | INFO     | data.exchange_connector:_process_message:423 - [WS MSGS] total=5500 depth=4857 aggTrade=643 other=0
2026-06-06 03:59:39.458 | INFO     | data.exchange_connector:_process_message:423 - [WS MSGS] total=6000 depth=5321 aggTrade=679 other=0
2026-06-06 04:02:03.161 | INFO     | data.exchange_connector:_process_message:423 - [WS MSGS] total=6500 depth=5782 aggTrade=718 other=0
2026-06-06 04:04:59.359 | INFO     | data.exchange_connector:_process_message:423 - [WS MSGS] total=7000 depth=6252 aggTrade=748 other=0
2026-06-06 04:07:54.456 | INFO     | data.exchange_connector:_process_message:423 - [WS MSGS] total=7500 depth=6713 aggTrade=787 other=0
2026-06-06 04:10:19.965 | INFO     | data.exchange_connector:_process_message:423 - [WS MSGS] total=8000 depth=7172 aggTrade=828 other=0
2026-06-06 04:12:44.674 | INFO     | main:_close_paper_trade:856 - [stacked_imbalance] PAPER EXIT: stop_loss | PnL: -0.0261$ (-1.122%) | Eq: 99.97$ | Dur: 2518s
2026-06-06 04:12:46.507 | INFO     | data.exchange_connector:_process_message:423 - [WS MSGS] total=8500 depth=7635 aggTrade=865 other=0
2026-06-06 04:13:14.753 | INFO     | knowledge.strategy_library:evaluate:302 - [Absorption] SIGNAL: STRONG_BUY @ 2.3105 | SL=2.2755 TP=2.8105 | Regime=ACCUMULATION | Score=7.50
2026-06-06 04:13:14.757 | INFO     | main:_on_paper_order_book:691 - [absorption] PAPER ENTRY @ 2.3122 | SL: 2.2755 | TP: 2.8105 | Size: 0.9990
2026-06-06 04:14:53.960 | INFO     | data.exchange_connector:_process_message:423 - [WS MSGS] total=9000 depth=8115 aggTrade=885 other=0
2026-06-06 04:17:05.635 | INFO     | data.exchange_connector:_process_message:423 - [WS MSGS] total=9500 depth=8562 aggTrade=938 other=0
2026-06-06 04:19:37.071 | INFO     | data.exchange_connector:_process_message:423 - [WS MSGS] total=10000 depth=9026 aggTrade=974 other=0
2026-06-06 04:20:32.934 | INFO     | data.exchange_connector:_handle_trade:480 - [TRACE TRADE #1000] keys=['e', 'E', 's', 'a', 'p', 'q', 'f', 'l', 'T', 'm', 'M'] p=2.29600000 q=53.03000000 m=True
2026-06-06 04:21:24.666 | INFO     | data.exchange_connector:_process_message:423 - [WS MSGS] total=10500 depth=9480 aggTrade=1020 other=0
2026-06-06 04:24:01.461 | INFO     | data.exchange_connector:_process_message:423 - [WS MSGS] total=11000 depth=9944 aggTrade=1056 other=0
2026-06-06 04:26:46.782 | INFO     | data.exchange_connector:_process_message:423 - [WS MSGS] total=11500 depth=10409 aggTrade=1091 other=0
2026-06-06 04:28:01.934 | WARNING  | data.exchange_connector:start_websocket:328 - WebSocket closed (code=1006) on wss://stream.binance.com:443/stream?streams=icpusdt@depth@100ms/icpusdt@aggTrade, failure #1
2026-06-06 04:28:01.971 | INFO     | data.exchange_connector:start_websocket:342 - Reconnecting in 1.0s...
2026-06-06 04:28:02.988 | INFO     | data.exchange_connector:start_websocket:293 - Connecting to WebSocket: wss://stream.binance.com:443/stream?streams=icpusdt@depth@100ms/icpusdt@aggTrade
2026-06-06 04:28:04.799 | INFO     | data.exchange_connector:start_websocket:302 - WebSocket connected: wss://stream.binance.com:443/stream?streams=icpusdt@depth@100ms/icpusdt@aggTrade
2026-06-06 04:28:04.799 | INFO     | data.exchange_connector:start_websocket:305 - Fetching fresh order book snapshot...
2026-06-06 04:28:06.083 | INFO     | data.exchange_connector:_fetch_rest_snapshot:223 - Snapshot loaded: 694b/1000a, lastUpdateId=6360412163 [Resync #2]
2026-06-06 04:28:06.083 | INFO     | data.exchange_connector:_fetch_rest_snapshot:234 - Book synchronized. Total resyncs: 2
2026-06-06 04:28:06.083 | INFO     | data.exchange_connector:start_websocket:312 - Subscribed to market data streams
2026-06-06 04:29:19.296 | INFO     | data.exchange_connector:_process_message:423 - [WS MSGS] total=12000 depth=10882 aggTrade=1118 other=0
2026-06-06 04:31:52.867 | INFO     | data.exchange_connector:_process_message:423 - [WS MSGS] total=12500 depth=11351 aggTrade=1149 other=0
2026-06-06 04:34:01.573 | INFO     | data.exchange_connector:_process_message:423 - [WS MSGS] total=13000 depth=11796 aggTrade=1204 other=0
2026-06-06 04:36:34.780 | INFO     | data.exchange_connector:_process_message:423 - [WS MSGS] total=13500 depth=12278 aggTrade=1222 other=0
2026-06-06 04:39:11.672 | INFO     | data.exchange_connector:_process_message:423 - [WS MSGS] total=14000 depth=12757 aggTrade=1243 other=0
2026-06-06 04:42:16.989 | INFO     | data.exchange_connector:_process_message:423 - [WS MSGS] total=14500 depth=13236 aggTrade=1264 other=0
2026-06-06 04:45:14.473 | INFO     | data.exchange_connector:_process_message:423 - [WS MSGS] total=15000 depth=13706 aggTrade=1294 other=0
2026-06-06 04:47:31.475 | INFO     | data.exchange_connector:_process_message:423 - [WS MSGS] total=15500 depth=14145 aggTrade=1355 other=0
2026-06-06 04:50:03.071 | INFO     | data.exchange_connector:_process_message:423 - [WS MSGS] total=16000 depth=14618 aggTrade=1382 other=0
2026-06-06 04:52:03.910 | INFO     | data.exchange_connector:_process_message:423 - [WS MSGS] total=16500 depth=15072 aggTrade=1428 other=0
2026-06-06 04:53:40.640 | INFO     | data.exchange_connector:_handle_trade:480 - [TRACE TRADE #1500] keys=['e', 'E', 's', 'a', 'p', 'q', 'f', 'l', 'T', 'm', 'M'] p=2.28600000 q=19.69000000 m=False
2026-06-06 04:53:57.426 | INFO     | data.exchange_connector:_process_message:423 - [WS MSGS] total=17000 depth=15495 aggTrade=1505 other=0
2026-06-06 04:55:56.877 | INFO     | data.exchange_connector:_process_message:423 - [WS MSGS] total=17500 depth=15948 aggTrade=1552 other=0
2026-06-06 04:58:29.592 | INFO     | data.exchange_connector:_process_message:423 - [WS MSGS] total=18000 depth=16426 aggTrade=1574 other=0
2026-06-06 05:00:55.962 | INFO     | data.exchange_connector:_process_message:423 - [WS MSGS] total=18500 depth=16890 aggTrade=1610 other=0
2026-06-06 05:02:59.902 | INFO     | data.exchange_connector:_process_message:423 - [WS MSGS] total=19000 depth=17342 aggTrade=1658 other=0
2026-06-06 05:04:50.668 | INFO     | data.exchange_connector:_process_message:423 - [WS MSGS] total=19500 depth=17806 aggTrade=1694 other=0
2026-06-06 05:06:43.879 | INFO     | main:_close_paper_trade:856 - [absorption] PAPER EXIT: stop_loss | PnL: -0.0401$ (-1.735%) | Eq: 99.93$ | Dur: 3209s
2026-06-06 05:07:06.199 | INFO     | data.exchange_connector:_process_message:423 - [WS MSGS] total=20000 depth=18264 aggTrade=1736 other=0
2026-06-06 05:08:40.978 | INFO     | data.exchange_connector:_process_message:423 - [WS MSGS] total=20500 depth=18684 aggTrade=1816 other=0
2026-06-06 05:10:38.370 | INFO     | data.exchange_connector:_process_message:423 - [WS MSGS] total=21000 depth=19136 aggTrade=1864 other=0
2026-06-06 05:12:56.874 | INFO     | data.exchange_connector:_process_message:423 - [WS MSGS] total=21500 depth=19607 aggTrade=1893 other=0
2026-06-06 05:15:08.375 | INFO     | data.exchange_connector:_process_message:423 - [WS MSGS] total=22000 depth=20048 aggTrade=1952 other=0
2026-06-06 05:17:03.738 | INFO     | data.exchange_connector:_process_message:423 - [WS MSGS] total=22500 depth=20518 aggTrade=1982 other=0
2026-06-06 05:18:36.886 | INFO     | data.exchange_connector:_handle_trade:480 - [TRACE TRADE #2000] keys=['e', 'E', 's', 'a', 'p', 'q', 'f', 'l', 'T', 'm', 'M'] p=2.27300000 q=9.02000000 m=True
2026-06-06 05:19:18.128 | INFO     | data.exchange_connector:_process_message:423 - [WS MSGS] total=23000 depth=20991 aggTrade=2009 other=0
2026-06-06 05:21:14.462 | INFO     | data.exchange_connector:_process_message:423 - [WS MSGS] total=23500 depth=21443 aggTrade=2057 other=0
2026-06-06 05:23:01.169 | INFO     | data.exchange_connector:_process_message:423 - [WS MSGS] total=24000 depth=21899 aggTrade=2101 other=0
2026-06-06 05:24:42.593 | INFO     | data.exchange_connector:_process_message:423 - [WS MSGS] total=24500 depth=22367 aggTrade=2133 other=0
2026-06-06 05:26:54.988 | INFO     | data.exchange_connector:_process_message:423 - [WS MSGS] total=25000 depth=22839 aggTrade=2161 other=0
2026-06-06 05:29:19.965 | INFO     | data.exchange_connector:_process_message:423 - [WS MSGS] total=25500 depth=23295 aggTrade=2205 other=0
2026-06-06 05:31:15.780 | INFO     | data.exchange_connector:_process_message:423 - [WS MSGS] total=26000 depth=23742 aggTrade=2258 other=0
2026-06-06 05:33:37.366 | INFO     | data.exchange_connector:_process_message:423 - [WS MSGS] total=26500 depth=24217 aggTrade=2283 other=0
2026-06-06 05:35:29.066 | INFO     | data.exchange_connector:_process_message:423 - [WS MSGS] total=27000 depth=24669 aggTrade=2331 other=0
2026-06-06 05:37:50.567 | INFO     | data.exchange_connector:_process_message:423 - [WS MSGS] total=27500 depth=25127 aggTrade=2373 other=0
2026-06-06 05:40:10.531 | INFO     | data.exchange_connector:_process_message:423 - [WS MSGS] total=28000 depth=25594 aggTrade=2406 other=0
2026-06-06 05:42:34.163 | INFO     | data.exchange_connector:_process_message:423 - [WS MSGS] total=28500 depth=26063 aggTrade=2437 other=0
2026-06-06 05:44:45.593 | INFO     | data.exchange_connector:_process_message:423 - [WS MSGS] total=29000 depth=26524 aggTrade=2476 other=0
2026-06-06 05:45:12.490 | INFO     | data.exchange_connector:_handle_trade:480 - [TRACE TRADE #2500] keys=['e', 'E', 's', 'a', 'p', 'q', 'f', 'l', 'T', 'm', 'M'] p=2.26400000 q=100.00000000 m=False
2026-06-06 05:46:40.983 | INFO     | data.exchange_connector:_process_message:423 - [WS MSGS] total=29500 depth=26960 aggTrade=2540 other=0
2026-06-06 05:48:53.780 | INFO     | data.exchange_connector:_process_message:423 - [WS MSGS] total=30000 depth=27434 aggTrade=2566 other=0
2026-06-06 05:51:00.484 | INFO     | data.exchange_connector:_process_message:423 - [WS MSGS] total=30500 depth=27903 aggTrade=2597 other=0
2026-06-06 05:52:50.967 | INFO     | data.exchange_connector:_process_message:423 - [WS MSGS] total=31000 depth=28346 aggTrade=2654 other=0
2026-06-06 05:54:49.861 | INFO     | data.exchange_connector:_process_message:423 - [WS MSGS] total=31500 depth=28749 aggTrade=2751 other=0
2026-06-06 05:57:22.477 | INFO     | data.exchange_connector:_process_message:423 - [WS MSGS] total=32000 depth=29219 aggTrade=2781 other=0
2026-06-06 05:59:38.460 | INFO     | data.exchange_connector:_process_message:423 - [WS MSGS] total=32500 depth=29690 aggTrade=2810 other=0
2026-06-06 06:01:13.076 | INFO     | data.exchange_connector:_process_message:423 - [WS MSGS] total=33000 depth=30128 aggTrade=2872 other=0
2026-06-06 06:03:14.759 | INFO     | data.exchange_connector:_process_message:423 - [WS MSGS] total=33500 depth=30574 aggTrade=2926 other=0
2026-06-06 06:04:36.284 | INFO     | data.exchange_connector:_process_message:423 - [WS MSGS] total=34000 depth=31021 aggTrade=2979 other=0
2026-06-06 06:05:18.109 | INFO     | data.exchange_connector:_handle_trade:480 - [TRACE TRADE #3000] keys=['e', 'E', 's', 'a', 'p', 'q', 'f', 'l', 'T', 'm', 'M'] p=2.25200000 q=1031.58000000 m=False
2026-06-06 06:06:24.167 | INFO     | data.exchange_connector:_process_message:423 - [WS MSGS] total=34500 depth=31485 aggTrade=3015 other=0
2026-06-06 06:08:11.164 | INFO     | data.exchange_connector:_process_message:423 - [WS MSGS] total=35000 depth=31960 aggTrade=3040 other=0
2026-06-06 06:10:31.970 | INFO     | data.exchange_connector:_process_message:423 - [WS MSGS] total=35500 depth=32417 aggTrade=3083 other=0
2026-06-06 06:12:44.562 | INFO     | data.exchange_connector:_process_message:423 - [WS MSGS] total=36000 depth=32865 aggTrade=3135 other=0
2026-06-06 06:14:45.186 | INFO     | data.exchange_connector:_process_message:423 - [WS MSGS] total=36500 depth=33317 aggTrade=3183 other=0
2026-06-06 06:16:55.882 | INFO     | data.exchange_connector:_process_message:423 - [WS MSGS] total=37000 depth=33783 aggTrade=3217 other=0
2026-06-06 06:19:00.759 | INFO     | data.exchange_connector:_process_message:423 - [WS MSGS] total=37500 depth=34260 aggTrade=3240 other=0
2026-06-06 06:21:13.884 | INFO     | data.exchange_connector:_process_message:423 - [WS MSGS] total=38000 depth=34728 aggTrade=3272 other=0
2026-06-06 06:23:04.866 | INFO     | data.exchange_connector:_process_message:423 - [WS MSGS] total=38500 depth=35203 aggTrade=3297 other=0
2026-06-06 06:24:44.937 | INFO     | data.exchange_connector:_process_message:423 - [WS MSGS] total=39000 depth=35660 aggTrade=3340 other=0
2026-06-06 06:26:49.954 | INFO     | data.exchange_connector:_process_message:423 - [WS MSGS] total=39500 depth=36117 aggTrade=3383 other=0
2026-06-06 06:28:56.368 | INFO     | data.exchange_connector:_process_message:423 - [WS MSGS] total=40000 depth=36594 aggTrade=3406 other=0
2026-06-06 06:31:17.224 | INFO     | data.exchange_connector:_process_message:423 - [WS MSGS] total=40500 depth=37062 aggTrade=3438 other=0
2026-06-06 06:32:46.662 | INFO     | data.exchange_connector:_process_message:423 - [WS MSGS] total=41000 depth=37510 aggTrade=3490 other=0
2026-06-06 06:32:58.836 | INFO     | data.exchange_connector:_handle_trade:480 - [TRACE TRADE #3500] keys=['e', 'E', 's', 'a', 'p', 'q', 'f', 'l', 'T', 'm', 'M'] p=2.23900000 q=464.66000000 m=False
2026-06-06 06:34:25.570 | INFO     | data.exchange_connector:_process_message:423 - [WS MSGS] total=41500 depth=37967 aggTrade=3533 other=0
2026-06-06 06:35:57.992 | INFO     | data.exchange_connector:_process_message:423 - [WS MSGS] total=42000 depth=38396 aggTrade=3604 other=0
2026-06-06 06:37:28.360 | INFO     | data.exchange_connector:_process_message:423 - [WS MSGS] total=42500 depth=38833 aggTrade=3667 other=0
2026-06-06 06:39:28.588 | INFO     | data.exchange_connector:_process_message:423 - [WS MSGS] total=43000 depth=39298 aggTrade=3702 other=0
2026-06-06 06:41:43.072 | INFO     | data.exchange_connector:_process_message:423 - [WS MSGS] total=43500 depth=39762 aggTrade=3738 other=0
2026-06-06 06:43:37.960 | INFO     | data.exchange_connector:_process_message:423 - [WS MSGS] total=44000 depth=40189 aggTrade=3811 other=0
2026-06-06 06:46:01.925 | INFO     | data.exchange_connector:_process_message:423 - [WS MSGS] total=44500 depth=40656 aggTrade=3844 other=0
2026-06-06 06:48:13.163 | INFO     | data.exchange_connector:_process_message:423 - [WS MSGS] total=45000 depth=41123 aggTrade=3877 other=0
2026-06-06 06:50:39.089 | INFO     | data.exchange_connector:_process_message:423 - [WS MSGS] total=45500 depth=41592 aggTrade=3908 other=0
2026-06-06 06:52:24.964 | INFO     | data.exchange_connector:_process_message:423 - [WS MSGS] total=46000 depth=42065 aggTrade=3935 other=0
2026-06-06 06:55:02.072 | INFO     | data.exchange_connector:_process_message:423 - [WS MSGS] total=46500 depth=42529 aggTrade=3971 other=0
2026-06-06 06:57:44.159 | INFO     | data.exchange_connector:_process_message:423 - [WS MSGS] total=47000 depth=43004 aggTrade=3996 other=0
2026-06-06 06:58:02.710 | INFO     | data.exchange_connector:_handle_trade:480 - [TRACE TRADE #4000] keys=['e', 'E', 's', 'a', 'p', 'q', 'f', 'l', 'T', 'm', 'M'] p=2.24400000 q=53.76000000 m=True
2026-06-06 07:00:16.667 | INFO     | data.exchange_connector:_process_message:423 - [WS MSGS] total=47500 depth=43462 aggTrade=4038 other=0
2026-06-06 07:02:09.265 | INFO     | data.exchange_connector:_process_message:423 - [WS MSGS] total=48000 depth=43918 aggTrade=4082 other=0
2026-06-06 07:03:44.069 | INFO     | data.exchange_connector:_process_message:423 - [WS MSGS] total=48500 depth=44365 aggTrade=4135 other=0
2026-06-06 07:05:08.681 | INFO     | data.exchange_connector:_process_message:423 - [WS MSGS] total=49000 depth=44824 aggTrade=4176 other=0
2026-06-06 07:06:08.474 | INFO     | data.exchange_connector:_process_message:423 - [WS MSGS] total=49500 depth=45216 aggTrade=4284 other=0
2026-06-06 07:07:11.574 | INFO     | data.exchange_connector:_process_message:423 - [WS MSGS] total=50000 depth=45641 aggTrade=4359 other=0
2026-06-06 07:08:18.263 | INFO     | data.exchange_connector:_process_message:423 - [WS MSGS] total=50500 depth=46060 aggTrade=4440 other=0
2026-06-06 07:09:23.398 | INFO     | data.exchange_connector:_handle_trade:480 - [TRACE TRADE #4500] keys=['e', 'E', 's', 'a', 'p', 'q', 'f', 'l', 'T', 'm', 'M'] p=2.20300000 q=5.77000000 m=False
2026-06-06 07:09:33.481 | INFO     | data.exchange_connector:_process_message:423 - [WS MSGS] total=51000 depth=46495 aggTrade=4505 other=0
2026-06-06 07:11:17.770 | INFO     | data.exchange_connector:_process_message:423 - [WS MSGS] total=51500 depth=46950 aggTrade=4550 other=0
2026-06-06 07:12:41.469 | INFO     | data.exchange_connector:_process_message:423 - [WS MSGS] total=52000 depth=47368 aggTrade=4632 other=0
2026-06-06 07:14:02.242 | INFO     | data.exchange_connector:_process_message:423 - [WS MSGS] total=52500 depth=47803 aggTrade=4697 other=0
2026-06-06 07:15:12.405 | INFO     | data.exchange_connector:_process_message:423 - [WS MSGS] total=53000 depth=48235 aggTrade=4765 other=0
2026-06-06 07:16:12.309 | INFO     | data.exchange_connector:_process_message:423 - [WS MSGS] total=53500 depth=48658 aggTrade=4842 other=0
2026-06-06 07:17:23.571 | INFO     | data.exchange_connector:_process_message:423 - [WS MSGS] total=54000 depth=49101 aggTrade=4899 other=0
2026-06-06 07:19:05.169 | INFO     | data.exchange_connector:_process_message:423 - [WS MSGS] total=54500 depth=49557 aggTrade=4943 other=0
2026-06-06 07:20:13.235 | INFO     | data.exchange_connector:_handle_trade:480 - [TRACE TRADE #5000] keys=['e', 'E', 's', 'a', 'p', 'q', 'f', 'l', 'T', 'm', 'M'] p=2.18700000 q=148.94000000 m=False
2026-06-06 07:20:15.470 | INFO     | data.exchange_connector:_process_message:423 - [WS MSGS] total=55000 depth=50000 aggTrade=5000 other=0
2026-06-06 07:21:33.182 | INFO     | data.exchange_connector:_process_message:423 - [WS MSGS] total=55500 depth=50460 aggTrade=5040 other=0
2026-06-06 07:23:04.172 | INFO     | data.exchange_connector:_process_message:423 - [WS MSGS] total=56000 depth=50905 aggTrade=5095 other=0
2026-06-06 07:24:30.386 | INFO     | data.exchange_connector:_process_message:423 - [WS MSGS] total=56500 depth=51333 aggTrade=5167 other=0
2026-06-06 07:25:50.208 | INFO     | data.exchange_connector:_process_message:423 - [WS MSGS] total=57000 depth=51768 aggTrade=5232 other=0
2026-06-06 07:27:29.496 | INFO     | data.exchange_connector:_process_message:423 - [WS MSGS] total=57500 depth=52232 aggTrade=5268 other=0
2026-06-06 07:28:20.207 | INFO     | data.exchange_connector:_process_message:423 - [WS MSGS] total=58000 depth=52666 aggTrade=5334 other=0
2026-06-06 07:29:36.237 | INFO     | data.exchange_connector:_process_message:423 - [WS MSGS] total=58500 depth=53132 aggTrade=5368 other=0
2026-06-06 07:30:49.904 | INFO     | data.exchange_connector:_process_message:423 - [WS MSGS] total=59000 depth=53602 aggTrade=5398 other=0
2026-06-06 07:31:26.105 | INFO     | data.exchange_connector:_handle_trade:480 - [TRACE TRADE #5500] keys=['e', 'E', 's', 'a', 'p', 'q', 'f', 'l', 'T', 'm', 'M'] p=2.17600000 q=107.99000000 m=False
2026-06-06 07:31:32.640 | INFO     | data.exchange_connector:_process_message:423 - [WS MSGS] total=59500 depth=53982 aggTrade=5518 other=0
2026-06-06 07:32:30.960 | INFO     | data.exchange_connector:_process_message:423 - [WS MSGS] total=60000 depth=54425 aggTrade=5575 other=0
2026-06-06 07:33:09.516 | WARNING  | data.exchange_connector:start_websocket:328 - WebSocket closed (code=1006) on wss://stream.binance.com:443/stream?streams=icpusdt@depth@100ms/icpusdt@aggTrade, failure #1
2026-06-06 07:33:09.517 | INFO     | data.exchange_connector:start_websocket:342 - Reconnecting in 1.0s...
2026-06-06 07:33:10.533 | INFO     | data.exchange_connector:start_websocket:293 - Connecting to WebSocket: wss://stream.binance.com:443/stream?streams=icpusdt@depth@100ms/icpusdt@aggTrade
2026-06-06 07:33:10.545 | ERROR    | data.exchange_connector:start_websocket:334 - WebSocket error on wss://stream.binance.com:443/stream?streams=icpusdt@depth@100ms/icpusdt@aggTrade: [Errno 11001] getaddrinfo failed, failure #2
2026-06-06 07:33:11.557 | INFO     | data.exchange_connector:start_websocket:293 - Connecting to WebSocket: wss://stream.binance.com:9443/stream?streams=icpusdt@depth@100ms/icpusdt@aggTrade
2026-06-06 07:33:11.564 | ERROR    | data.exchange_connector:start_websocket:334 - WebSocket error on wss://stream.binance.com:9443/stream?streams=icpusdt@depth@100ms/icpusdt@aggTrade: [Errno 11001] getaddrinfo failed, failure #1
2026-06-06 07:33:11.565 | INFO     | data.exchange_connector:start_websocket:342 - Reconnecting in 2.0s...
2026-06-06 07:33:13.566 | INFO     | data.exchange_connector:start_websocket:293 - Connecting to WebSocket: wss://stream.binance.com:9443/stream?streams=icpusdt@depth@100ms/icpusdt@aggTrade
2026-06-06 07:33:13.566 | ERROR    | data.exchange_connector:start_websocket:334 - WebSocket error on wss://stream.binance.com:9443/stream?streams=icpusdt@depth@100ms/icpusdt@aggTrade: [Errno 11001] getaddrinfo failed, failure #2
2026-06-06 07:33:14.583 | INFO     | data.exchange_connector:start_websocket:293 - Connecting to WebSocket: wss://data-stream.binance.vision/stream?streams=icpusdt@depth@100ms/icpusdt@aggTrade
2026-06-06 07:33:14.590 | ERROR    | data.exchange_connector:start_websocket:334 - WebSocket error on wss://data-stream.binance.vision/stream?streams=icpusdt@depth@100ms/icpusdt@aggTrade: [Errno 11001] getaddrinfo failed, failure #1
2026-06-06 07:33:14.591 | INFO     | data.exchange_connector:start_websocket:342 - Reconnecting in 4.0s...
2026-06-06 07:33:18.603 | INFO     | data.exchange_connector:start_websocket:293 - Connecting to WebSocket: wss://data-stream.binance.vision/stream?streams=icpusdt@depth@100ms/icpusdt@aggTrade
2026-06-06 07:33:18.613 | ERROR    | data.exchange_connector:start_websocket:334 - WebSocket error on wss://data-stream.binance.vision/stream?streams=icpusdt@depth@100ms/icpusdt@aggTrade: [Errno 11001] getaddrinfo failed, failure #2
2026-06-06 07:33:19.616 | INFO     | data.exchange_connector:start_websocket:293 - Connecting to WebSocket: wss://stream.binance.com:443/stream?streams=icpusdt@depth@100ms/icpusdt@aggTrade
2026-06-06 07:33:19.620 | ERROR    | data.exchange_connector:start_websocket:334 - WebSocket error on wss://stream.binance.com:443/stream?streams=icpusdt@depth@100ms/icpusdt@aggTrade: [Errno 11001] getaddrinfo failed, failure #1
2026-06-06 07:33:19.621 | INFO     | data.exchange_connector:start_websocket:342 - Reconnecting in 8.0s...
2026-06-06 07:33:27.639 | INFO     | data.exchange_connector:start_websocket:293 - Connecting to WebSocket: wss://stream.binance.com:443/stream?streams=icpusdt@depth@100ms/icpusdt@aggTrade
2026-06-06 07:33:27.639 | ERROR    | data.exchange_connector:start_websocket:334 - WebSocket error on wss://stream.binance.com:443/stream?streams=icpusdt@depth@100ms/icpusdt@aggTrade: [Errno 11001] getaddrinfo failed, failure #2
2026-06-06 07:33:28.646 | INFO     | data.exchange_connector:start_websocket:293 - Connecting to WebSocket: wss://stream.binance.com:9443/stream?streams=icpusdt@depth@100ms/icpusdt@aggTrade
2026-06-06 07:33:28.646 | ERROR    | data.exchange_connector:start_websocket:334 - WebSocket error on wss://stream.binance.com:9443/stream?streams=icpusdt@depth@100ms/icpusdt@aggTrade: [Errno 11001] getaddrinfo failed, failure #1
2026-06-06 07:33:28.652 | INFO     | data.exchange_connector:start_websocket:342 - Reconnecting in 16.0s...
2026-06-06 07:33:44.662 | INFO     | data.exchange_connector:start_websocket:293 - Connecting to WebSocket: wss://stream.binance.com:9443/stream?streams=icpusdt@depth@100ms/icpusdt@aggTrade
2026-06-06 07:33:44.662 | ERROR    | data.exchange_connector:start_websocket:334 - WebSocket error on wss://stream.binance.com:9443/stream?streams=icpusdt@depth@100ms/icpusdt@aggTrade: [Errno 11001] getaddrinfo failed, failure #2
2026-06-06 07:33:45.678 | INFO     | data.exchange_connector:start_websocket:293 - Connecting to WebSocket: wss://data-stream.binance.vision/stream?streams=icpusdt@depth@100ms/icpusdt@aggTrade
2026-06-06 07:33:45.680 | ERROR    | data.exchange_connector:start_websocket:334 - WebSocket error on wss://data-stream.binance.vision/stream?streams=icpusdt@depth@100ms/icpusdt@aggTrade: [Errno 11001] getaddrinfo failed, failure #1
2026-06-06 07:33:45.680 | INFO     | data.exchange_connector:start_websocket:342 - Reconnecting in 30.0s...
2026-06-06 07:34:15.676 | INFO     | data.exchange_connector:start_websocket:293 - Connecting to WebSocket: wss://data-stream.binance.vision/stream?streams=icpusdt@depth@100ms/icpusdt@aggTrade
2026-06-06 07:34:15.678 | ERROR    | data.exchange_connector:start_websocket:334 - WebSocket error on wss://data-stream.binance.vision/stream?streams=icpusdt@depth@100ms/icpusdt@aggTrade: [Errno 11001] getaddrinfo failed, failure #2
2026-06-06 07:34:16.685 | INFO     | data.exchange_connector:start_websocket:293 - Connecting to WebSocket: wss://stream.binance.com:443/stream?streams=icpusdt@depth@100ms/icpusdt@aggTrade
2026-06-06 07:34:16.690 | ERROR    | data.exchange_connector:start_websocket:334 - WebSocket error on wss://stream.binance.com:443/stream?streams=icpusdt@depth@100ms/icpusdt@aggTrade: [Errno 11001] getaddrinfo failed, failure #1
2026-06-06 07:34:16.690 | INFO     | data.exchange_connector:start_websocket:342 - Reconnecting in 30.0s...
2026-06-06 07:34:46.683 | INFO     | data.exchange_connector:start_websocket:293 - Connecting to WebSocket: wss://stream.binance.com:443/stream?streams=icpusdt@depth@100ms/icpusdt@aggTrade
2026-06-06 07:34:46.685 | ERROR    | data.exchange_connector:start_websocket:334 - WebSocket error on wss://stream.binance.com:443/stream?streams=icpusdt@depth@100ms/icpusdt@aggTrade: [Errno 11001] getaddrinfo failed, failure #2
2026-06-06 07:34:47.691 | INFO     | data.exchange_connector:start_websocket:293 - Connecting to WebSocket: wss://stream.binance.com:9443/stream?streams=icpusdt@depth@100ms/icpusdt@aggTrade
2026-06-06 07:34:47.691 | ERROR    | data.exchange_connector:start_websocket:334 - WebSocket error on wss://stream.binance.com:9443/stream?streams=icpusdt@depth@100ms/icpusdt@aggTrade: [Errno 11001] getaddrinfo failed, failure #1
2026-06-06 07:34:47.691 | INFO     | data.exchange_connector:start_websocket:342 - Reconnecting in 30.0s...
2026-06-06 07:35:17.698 | INFO     | data.exchange_connector:start_websocket:293 - Connecting to WebSocket: wss://stream.binance.com:9443/stream?streams=icpusdt@depth@100ms/icpusdt@aggTrade
2026-06-06 07:35:17.700 | ERROR    | data.exchange_connector:start_websocket:334 - WebSocket error on wss://stream.binance.com:9443/stream?streams=icpusdt@depth@100ms/icpusdt@aggTrade: [Errno 11001] getaddrinfo failed, failure #2
2026-06-06 07:35:18.705 | INFO     | data.exchange_connector:start_websocket:293 - Connecting to WebSocket: wss://data-stream.binance.vision/stream?streams=icpusdt@depth@100ms/icpusdt@aggTrade
2026-06-06 07:35:18.705 | ERROR    | data.exchange_connector:start_websocket:334 - WebSocket error on wss://data-stream.binance.vision/stream?streams=icpusdt@depth@100ms/icpusdt@aggTrade: [Errno 11001] getaddrinfo failed, failure #1
2026-06-06 07:35:18.705 | INFO     | data.exchange_connector:start_websocket:342 - Reconnecting in 30.0s...
2026-06-06 07:35:48.725 | INFO     | data.exchange_connector:start_websocket:293 - Connecting to WebSocket: wss://data-stream.binance.vision/stream?streams=icpusdt@depth@100ms/icpusdt@aggTrade
2026-06-06 07:35:48.727 | ERROR    | data.exchange_connector:start_websocket:334 - WebSocket error on wss://data-stream.binance.vision/stream?streams=icpusdt@depth@100ms/icpusdt@aggTrade: [Errno 11001] getaddrinfo failed, failure #2
2026-06-06 07:35:49.738 | INFO     | data.exchange_connector:start_websocket:293 - Connecting to WebSocket: wss://stream.binance.com:443/stream?streams=icpusdt@depth@100ms/icpusdt@aggTrade
2026-06-06 07:35:49.738 | ERROR    | data.exchange_connector:start_websocket:334 - WebSocket error on wss://stream.binance.com:443/stream?streams=icpusdt@depth@100ms/icpusdt@aggTrade: [Errno 11001] getaddrinfo failed, failure #1
2026-06-06 07:35:49.738 | INFO     | data.exchange_connector:start_websocket:342 - Reconnecting in 30.0s...
2026-06-06 07:36:19.743 | INFO     | data.exchange_connector:start_websocket:293 - Connecting to WebSocket: wss://stream.binance.com:443/stream?streams=icpusdt@depth@100ms/icpusdt@aggTrade
2026-06-06 07:36:19.748 | ERROR    | data.exchange_connector:start_websocket:334 - WebSocket error on wss://stream.binance.com:443/stream?streams=icpusdt@depth@100ms/icpusdt@aggTrade: [Errno 11001] getaddrinfo failed, failure #2
2026-06-06 07:36:20.747 | INFO     | data.exchange_connector:start_websocket:293 - Connecting to WebSocket: wss://stream.binance.com:9443/stream?streams=icpusdt@depth@100ms/icpusdt@aggTrade
2026-06-06 07:36:20.749 | ERROR    | data.exchange_connector:start_websocket:334 - WebSocket error on wss://stream.binance.com:9443/stream?streams=icpusdt@depth@100ms/icpusdt@aggTrade: [Errno 11001] getaddrinfo failed, failure #1
2026-06-06 07:36:20.749 | INFO     | data.exchange_connector:start_websocket:342 - Reconnecting in 30.0s...
2026-06-06 07:36:50.772 | INFO     | data.exchange_connector:start_websocket:293 - Connecting to WebSocket: wss://stream.binance.com:9443/stream?streams=icpusdt@depth@100ms/icpusdt@aggTrade
2026-06-06 07:36:50.775 | ERROR    | data.exchange_connector:start_websocket:334 - WebSocket error on wss://stream.binance.com:9443/stream?streams=icpusdt@depth@100ms/icpusdt@aggTrade: [Errno 11001] getaddrinfo failed, failure #2
2026-06-06 07:36:51.787 | INFO     | data.exchange_connector:start_websocket:293 - Connecting to WebSocket: wss://data-stream.binance.vision/stream?streams=icpusdt@depth@100ms/icpusdt@aggTrade
2026-06-06 07:36:51.787 | ERROR    | data.exchange_connector:start_websocket:334 - WebSocket error on wss://data-stream.binance.vision/stream?streams=icpusdt@depth@100ms/icpusdt@aggTrade: [Errno 11001] getaddrinfo failed, failure #1
2026-06-06 07:36:51.787 | INFO     | data.exchange_connector:start_websocket:342 - Reconnecting in 30.0s...
2026-06-06 07:37:21.799 | INFO     | data.exchange_connector:start_websocket:293 - Connecting to WebSocket: wss://data-stream.binance.vision/stream?streams=icpusdt@depth@100ms/icpusdt@aggTrade
2026-06-06 07:37:21.803 | ERROR    | data.exchange_connector:start_websocket:334 - WebSocket error on wss://data-stream.binance.vision/stream?streams=icpusdt@depth@100ms/icpusdt@aggTrade: [Errno 11001] getaddrinfo failed, failure #2
2026-06-06 07:37:22.815 | INFO     | data.exchange_connector:start_websocket:293 - Connecting to WebSocket: wss://stream.binance.com:443/stream?streams=icpusdt@depth@100ms/icpusdt@aggTrade
2026-06-06 07:37:22.815 | ERROR    | data.exchange_connector:start_websocket:334 - WebSocket error on wss://stream.binance.com:443/stream?streams=icpusdt@depth@100ms/icpusdt@aggTrade: [Errno 11001] getaddrinfo failed, failure #1
2026-06-06 07:37:22.821 | INFO     | data.exchange_connector:start_websocket:342 - Reconnecting in 30.0s...
2026-06-06 07:37:52.822 | INFO     | data.exchange_connector:start_websocket:293 - Connecting to WebSocket: wss://stream.binance.com:443/stream?streams=icpusdt@depth@100ms/icpusdt@aggTrade
2026-06-06 07:37:52.824 | ERROR    | data.exchange_connector:start_websocket:334 - WebSocket error on wss://stream.binance.com:443/stream?streams=icpusdt@depth@100ms/icpusdt@aggTrade: [Errno 11001] getaddrinfo failed, failure #2
2026-06-06 07:37:53.835 | INFO     | data.exchange_connector:start_websocket:293 - Connecting to WebSocket: wss://stream.binance.com:9443/stream?streams=icpusdt@depth@100ms/icpusdt@aggTrade
2026-06-06 07:37:53.835 | ERROR    | data.exchange_connector:start_websocket:334 - WebSocket error on wss://stream.binance.com:9443/stream?streams=icpusdt@depth@100ms/icpusdt@aggTrade: [Errno 11001] getaddrinfo failed, failure #1
2026-06-06 07:37:53.835 | INFO     | data.exchange_connector:start_websocket:342 - Reconnecting in 30.0s...
2026-06-06 07:38:23.836 | INFO     | data.exchange_connector:start_websocket:293 - Connecting to WebSocket: wss://stream.binance.com:9443/stream?streams=icpusdt@depth@100ms/icpusdt@aggTrade
2026-06-06 07:38:23.839 | ERROR    | data.exchange_connector:start_websocket:334 - WebSocket error on wss://stream.binance.com:9443/stream?streams=icpusdt@depth@100ms/icpusdt@aggTrade: [Errno 11001] getaddrinfo failed, failure #2
2026-06-06 07:38:24.850 | INFO     | data.exchange_connector:start_websocket:293 - Connecting to WebSocket: wss://data-stream.binance.vision/stream?streams=icpusdt@depth@100ms/icpusdt@aggTrade
2026-06-06 07:38:24.850 | ERROR    | data.exchange_connector:start_websocket:334 - WebSocket error on wss://data-stream.binance.vision/stream?streams=icpusdt@depth@100ms/icpusdt@aggTrade: [Errno 11001] getaddrinfo failed, failure #1
2026-06-06 07:38:24.855 | INFO     | data.exchange_connector:start_websocket:342 - Reconnecting in 30.0s...
2026-06-06 07:38:54.873 | INFO     | data.exchange_connector:start_websocket:293 - Connecting to WebSocket: wss://data-stream.binance.vision/stream?streams=icpusdt@depth@100ms/icpusdt@aggTrade
2026-06-06 07:38:54.876 | ERROR    | data.exchange_connector:start_websocket:334 - WebSocket error on wss://data-stream.binance.vision/stream?streams=icpusdt@depth@100ms/icpusdt@aggTrade: [Errno 11001] getaddrinfo failed, failure #2
2026-06-06 07:38:55.873 | INFO     | data.exchange_connector:start_websocket:293 - Connecting to WebSocket: wss://stream.binance.com:443/stream?streams=icpusdt@depth@100ms/icpusdt@aggTrade
2026-06-06 07:38:55.873 | ERROR    | data.exchange_connector:start_websocket:334 - WebSocket error on wss://stream.binance.com:443/stream?streams=icpusdt@depth@100ms/icpusdt@aggTrade: [Errno 11001] getaddrinfo failed, failure #1
2026-06-06 07:38:55.878 | INFO     | data.exchange_connector:start_websocket:342 - Reconnecting in 30.0s...
2026-06-06 07:39:25.885 | INFO     | data.exchange_connector:start_websocket:293 - Connecting to WebSocket: wss://stream.binance.com:443/stream?streams=icpusdt@depth@100ms/icpusdt@aggTrade
2026-06-06 07:39:25.888 | ERROR    | data.exchange_connector:start_websocket:334 - WebSocket error on wss://stream.binance.com:443/stream?streams=icpusdt@depth@100ms/icpusdt@aggTrade: [Errno 11001] getaddrinfo failed, failure #2
2026-06-06 07:39:26.892 | INFO     | data.exchange_connector:start_websocket:293 - Connecting to WebSocket: wss://stream.binance.com:9443/stream?streams=icpusdt@depth@100ms/icpusdt@aggTrade
2026-06-06 07:39:26.894 | ERROR    | data.exchange_connector:start_websocket:334 - WebSocket error on wss://stream.binance.com:9443/stream?streams=icpusdt@depth@100ms/icpusdt@aggTrade: [Errno 11001] getaddrinfo failed, failure #1
2026-06-06 07:39:26.898 | INFO     | data.exchange_connector:start_websocket:342 - Reconnecting in 30.0s...
2026-06-06 07:39:56.901 | INFO     | data.exchange_connector:start_websocket:293 - Connecting to WebSocket: wss://stream.binance.com:9443/stream?streams=icpusdt@depth@100ms/icpusdt@aggTrade
2026-06-06 07:39:56.905 | ERROR    | data.exchange_connector:start_websocket:334 - WebSocket error on wss://stream.binance.com:9443/stream?streams=icpusdt@depth@100ms/icpusdt@aggTrade: [Errno 11001] getaddrinfo failed, failure #2
2026-06-06 07:39:57.915 | INFO     | data.exchange_connector:start_websocket:293 - Connecting to WebSocket: wss://data-stream.binance.vision/stream?streams=icpusdt@depth@100ms/icpusdt@aggTrade
2026-06-06 07:39:57.915 | ERROR    | data.exchange_connector:start_websocket:334 - WebSocket error on wss://data-stream.binance.vision/stream?streams=icpusdt@depth@100ms/icpusdt@aggTrade: [Errno 11001] getaddrinfo failed, failure #1
2026-06-06 07:39:57.920 | INFO     | data.exchange_connector:start_websocket:342 - Reconnecting in 30.0s...
2026-06-06 07:40:27.928 | INFO     | data.exchange_connector:start_websocket:293 - Connecting to WebSocket: wss://data-stream.binance.vision/stream?streams=icpusdt@depth@100ms/icpusdt@aggTrade
2026-06-06 07:40:27.932 | ERROR    | data.exchange_connector:start_websocket:334 - WebSocket error on wss://data-stream.binance.vision/stream?streams=icpusdt@depth@100ms/icpusdt@aggTrade: [Errno 11001] getaddrinfo failed, failure #2
2026-06-06 07:40:28.941 | INFO     | data.exchange_connector:start_websocket:293 - Connecting to WebSocket: wss://stream.binance.com:443/stream?streams=icpusdt@depth@100ms/icpusdt@aggTrade
2026-06-06 07:40:28.974 | ERROR    | data.exchange_connector:start_websocket:334 - WebSocket error on wss://stream.binance.com:443/stream?streams=icpusdt@depth@100ms/icpusdt@aggTrade: [Errno 11001] getaddrinfo failed, failure #1
2026-06-06 07:40:28.974 | INFO     | data.exchange_connector:start_websocket:342 - Reconnecting in 30.0s...
2026-06-06 07:40:58.977 | INFO     | data.exchange_connector:start_websocket:293 - Connecting to WebSocket: wss://stream.binance.com:443/stream?streams=icpusdt@depth@100ms/icpusdt@aggTrade
2026-06-06 07:40:59.002 | ERROR    | data.exchange_connector:start_websocket:334 - WebSocket error on wss://stream.binance.com:443/stream?streams=icpusdt@depth@100ms/icpusdt@aggTrade: [Errno 11001] getaddrinfo failed, failure #2
2026-06-06 07:41:00.003 | INFO     | data.exchange_connector:start_websocket:293 - Connecting to WebSocket: wss://stream.binance.com:9443/stream?streams=icpusdt@depth@100ms/icpusdt@aggTrade
2026-06-06 07:41:00.003 | ERROR    | data.exchange_connector:start_websocket:334 - WebSocket error on wss://stream.binance.com:9443/stream?streams=icpusdt@depth@100ms/icpusdt@aggTrade: [Errno 11001] getaddrinfo failed, failure #1
2026-06-06 07:41:00.003 | INFO     | data.exchange_connector:start_websocket:342 - Reconnecting in 30.0s...
2026-06-06 07:41:30.003 | INFO     | data.exchange_connector:start_websocket:293 - Connecting to WebSocket: wss://stream.binance.com:9443/stream?streams=icpusdt@depth@100ms/icpusdt@aggTrade
2026-06-06 07:41:30.005 | ERROR    | data.exchange_connector:start_websocket:334 - WebSocket error on wss://stream.binance.com:9443/stream?streams=icpusdt@depth@100ms/icpusdt@aggTrade: [Errno 11001] getaddrinfo failed, failure #2
2026-06-06 07:41:31.019 | INFO     | data.exchange_connector:start_websocket:293 - Connecting to WebSocket: wss://data-stream.binance.vision/stream?streams=icpusdt@depth@100ms/icpusdt@aggTrade
2026-06-06 07:41:31.021 | ERROR    | data.exchange_connector:start_websocket:334 - WebSocket error on wss://data-stream.binance.vision/stream?streams=icpusdt@depth@100ms/icpusdt@aggTrade: [Errno 11001] getaddrinfo failed, failure #1
2026-06-06 07:41:31.021 | INFO     | data.exchange_connector:start_websocket:342 - Reconnecting in 30.0s...
2026-06-06 07:42:01.041 | INFO     | data.exchange_connector:start_websocket:293 - Connecting to WebSocket: wss://data-stream.binance.vision/stream?streams=icpusdt@depth@100ms/icpusdt@aggTrade
2026-06-06 07:42:01.066 | ERROR    | data.exchange_connector:start_websocket:334 - WebSocket error on wss://data-stream.binance.vision/stream?streams=icpusdt@depth@100ms/icpusdt@aggTrade: [Errno 11001] getaddrinfo failed, failure #2
2026-06-06 07:42:02.120 | INFO     | data.exchange_connector:start_websocket:293 - Connecting to WebSocket: wss://stream.binance.com:443/stream?streams=icpusdt@depth@100ms/icpusdt@aggTrade
2026-06-06 07:42:02.120 | ERROR    | data.exchange_connector:start_websocket:334 - WebSocket error on wss://stream.binance.com:443/stream?streams=icpusdt@depth@100ms/icpusdt@aggTrade: [Errno 11001] getaddrinfo failed, failure #1
2026-06-06 07:42:02.120 | INFO     | data.exchange_connector:start_websocket:342 - Reconnecting in 30.0s...
2026-06-06 07:42:32.131 | INFO     | data.exchange_connector:start_websocket:293 - Connecting to WebSocket: wss://stream.binance.com:443/stream?streams=icpusdt@depth@100ms/icpusdt@aggTrade
2026-06-06 07:42:32.131 | ERROR    | data.exchange_connector:start_websocket:334 - WebSocket error on wss://stream.binance.com:443/stream?streams=icpusdt@depth@100ms/icpusdt@aggTrade: [Errno 11001] getaddrinfo failed, failure #2
2026-06-06 07:42:33.149 | INFO     | data.exchange_connector:start_websocket:293 - Connecting to WebSocket: wss://stream.binance.com:9443/stream?streams=icpusdt@depth@100ms/icpusdt@aggTrade
2026-06-06 07:42:33.149 | ERROR    | data.exchange_connector:start_websocket:334 - WebSocket error on wss://stream.binance.com:9443/stream?streams=icpusdt@depth@100ms/icpusdt@aggTrade: [Errno 11001] getaddrinfo failed, failure #1
2026-06-06 07:42:33.149 | INFO     | data.exchange_connector:start_websocket:342 - Reconnecting in 30.0s...
2026-06-06 07:43:03.154 | INFO     | data.exchange_connector:start_websocket:293 - Connecting to WebSocket: wss://stream.binance.com:9443/stream?streams=icpusdt@depth@100ms/icpusdt@aggTrade
2026-06-06 07:43:03.155 | ERROR    | data.exchange_connector:start_websocket:334 - WebSocket error on wss://stream.binance.com:9443/stream?streams=icpusdt@depth@100ms/icpusdt@aggTrade: [Errno 11001] getaddrinfo failed, failure #2
2026-06-06 07:43:04.170 | INFO     | data.exchange_connector:start_websocket:293 - Connecting to WebSocket: wss://data-stream.binance.vision/stream?streams=icpusdt@depth@100ms/icpusdt@aggTrade
2026-06-06 07:43:04.170 | ERROR    | data.exchange_connector:start_websocket:334 - WebSocket error on wss://data-stream.binance.vision/stream?streams=icpusdt@depth@100ms/icpusdt@aggTrade: [Errno 11001] getaddrinfo failed, failure #1
2026-06-06 07:43:04.170 | INFO     | data.exchange_connector:start_websocket:342 - Reconnecting in 30.0s...
2026-06-06 07:43:34.193 | INFO     | data.exchange_connector:start_websocket:293 - Connecting to WebSocket: wss://data-stream.binance.vision/stream?streams=icpusdt@depth@100ms/icpusdt@aggTrade
2026-06-06 07:43:34.194 | ERROR    | data.exchange_connector:start_websocket:334 - WebSocket error on wss://data-stream.binance.vision/stream?streams=icpusdt@depth@100ms/icpusdt@aggTrade: [Errno 11001] getaddrinfo failed, failure #2
2026-06-06 07:43:35.209 | INFO     | data.exchange_connector:start_websocket:293 - Connecting to WebSocket: wss://stream.binance.com:443/stream?streams=icpusdt@depth@100ms/icpusdt@aggTrade
2026-06-06 07:43:35.209 | ERROR    | data.exchange_connector:start_websocket:334 - WebSocket error on wss://stream.binance.com:443/stream?streams=icpusdt@depth@100ms/icpusdt@aggTrade: [Errno 11001] getaddrinfo failed, failure #1
2026-06-06 07:43:35.209 | INFO     | data.exchange_connector:start_websocket:342 - Reconnecting in 30.0s...
2026-06-06 07:44:05.220 | INFO     | data.exchange_connector:start_websocket:293 - Connecting to WebSocket: wss://stream.binance.com:443/stream?streams=icpusdt@depth@100ms/icpusdt@aggTrade
2026-06-06 07:44:05.222 | ERROR    | data.exchange_connector:start_websocket:334 - WebSocket error on wss://stream.binance.com:443/stream?streams=icpusdt@depth@100ms/icpusdt@aggTrade: [Errno 11001] getaddrinfo failed, failure #2
2026-06-06 07:44:06.216 | INFO     | data.exchange_connector:start_websocket:293 - Connecting to WebSocket: wss://stream.binance.com:9443/stream?streams=icpusdt@depth@100ms/icpusdt@aggTrade
2026-06-06 07:44:06.216 | ERROR    | data.exchange_connector:start_websocket:334 - WebSocket error on wss://stream.binance.com:9443/stream?streams=icpusdt@depth@100ms/icpusdt@aggTrade: [Errno 11001] getaddrinfo failed, failure #1
2026-06-06 07:44:06.216 | INFO     | data.exchange_connector:start_websocket:342 - Reconnecting in 30.0s...
2026-06-06 07:44:36.232 | INFO     | data.exchange_connector:start_websocket:293 - Connecting to WebSocket: wss://stream.binance.com:9443/stream?streams=icpusdt@depth@100ms/icpusdt@aggTrade
2026-06-06 07:44:36.232 | ERROR    | data.exchange_connector:start_websocket:334 - WebSocket error on wss://stream.binance.com:9443/stream?streams=icpusdt@depth@100ms/icpusdt@aggTrade: [Errno 11001] getaddrinfo failed, failure #2
2026-06-06 07:44:37.241 | INFO     | data.exchange_connector:start_websocket:293 - Connecting to WebSocket: wss://data-stream.binance.vision/stream?streams=icpusdt@depth@100ms/icpusdt@aggTrade
2026-06-06 07:44:37.245 | ERROR    | data.exchange_connector:start_websocket:334 - WebSocket error on wss://data-stream.binance.vision/stream?streams=icpusdt@depth@100ms/icpusdt@aggTrade: [Errno 11001] getaddrinfo failed, failure #1
2026-06-06 07:44:37.247 | INFO     | data.exchange_connector:start_websocket:342 - Reconnecting in 30.0s...
2026-06-06 07:45:07.271 | INFO     | data.exchange_connector:start_websocket:293 - Connecting to WebSocket: wss://data-stream.binance.vision/stream?streams=icpusdt@depth@100ms/icpusdt@aggTrade
2026-06-06 07:45:09.076 | INFO     | data.exchange_connector:start_websocket:302 - WebSocket connected: wss://data-stream.binance.vision/stream?streams=icpusdt@depth@100ms/icpusdt@aggTrade
2026-06-06 07:45:09.076 | INFO     | data.exchange_connector:start_websocket:305 - Fetching fresh order book snapshot...
2026-06-06 07:45:10.573 | INFO     | data.exchange_connector:_fetch_rest_snapshot:223 - Snapshot loaded: 600b/1000a, lastUpdateId=6360818944 [Resync #3]
2026-06-06 07:45:10.574 | INFO     | data.exchange_connector:_fetch_rest_snapshot:234 - Book synchronized. Total resyncs: 3
2026-06-06 07:45:10.576 | INFO     | data.exchange_connector:start_websocket:312 - Subscribed to market data streams
2026-06-06 07:45:50.075 | INFO     | data.exchange_connector:_process_message:423 - [WS MSGS] total=60500 depth=54819 aggTrade=5681 other=0
2026-06-06 07:46:53.051 | INFO     | data.exchange_connector:_process_message:423 - [WS MSGS] total=61000 depth=55266 aggTrade=5734 other=0
2026-06-06 07:48:02.092 | INFO     | data.exchange_connector:_process_message:423 - [WS MSGS] total=61500 depth=55706 aggTrade=5794 other=0
2026-06-06 07:49:12.555 | INFO     | data.exchange_connector:_process_message:423 - [WS MSGS] total=62000 depth=56153 aggTrade=5847 other=0
2026-06-06 07:50:32.341 | INFO     | data.exchange_connector:_process_message:423 - [WS MSGS] total=62500 depth=56599 aggTrade=5901 other=0
2026-06-06 07:50:58.300 | WARNING  | data.exchange_connector:start_websocket:328 - WebSocket closed (code=1006) on wss://data-stream.binance.vision/stream?streams=icpusdt@depth@100ms/icpusdt@aggTrade, failure #1
2026-06-06 07:50:58.301 | INFO     | data.exchange_connector:start_websocket:342 - Reconnecting in 1.0s...
2026-06-06 07:50:59.312 | INFO     | data.exchange_connector:start_websocket:293 - Connecting to WebSocket: wss://data-stream.binance.vision/stream?streams=icpusdt@depth@100ms/icpusdt@aggTrade
2026-06-06 07:51:01.259 | INFO     | data.exchange_connector:start_websocket:302 - WebSocket connected: wss://data-stream.binance.vision/stream?streams=icpusdt@depth@100ms/icpusdt@aggTrade
2026-06-06 07:51:01.260 | INFO     | data.exchange_connector:start_websocket:305 - Fetching fresh order book snapshot...
2026-06-06 07:51:02.806 | INFO     | data.exchange_connector:_fetch_rest_snapshot:223 - Snapshot loaded: 618b/1000a, lastUpdateId=6360839264 [Resync #4]
2026-06-06 07:51:02.807 | INFO     | data.exchange_connector:_fetch_rest_snapshot:234 - Book synchronized. Total resyncs: 4
2026-06-06 07:51:02.808 | INFO     | data.exchange_connector:start_websocket:312 - Subscribed to market data streams
2026-06-06 07:52:01.466 | INFO     | data.exchange_connector:_process_message:423 - [WS MSGS] total=63000 depth=57051 aggTrade=5949 other=0
2026-06-06 07:52:52.403 | INFO     | data.exchange_connector:_handle_trade:480 - [TRACE TRADE #6000] keys=['e', 'E', 's', 'a', 'p', 'q', 'f', 'l', 'T', 'm', 'M'] p=2.18200000 q=61.39000000 m=True
2026-06-06 07:53:14.100 | INFO     | data.exchange_connector:_process_message:423 - [WS MSGS] total=63500 depth=57483 aggTrade=6017 other=0
2026-06-06 07:53:21.057 | WARNING  | data.exchange_connector:start_websocket:328 - WebSocket closed (code=1006) on wss://data-stream.binance.vision/stream?streams=icpusdt@depth@100ms/icpusdt@aggTrade, failure #1
2026-06-06 07:53:21.058 | INFO     | data.exchange_connector:start_websocket:342 - Reconnecting in 1.0s...
2026-06-06 07:53:22.076 | INFO     | data.exchange_connector:start_websocket:293 - Connecting to WebSocket: wss://data-stream.binance.vision/stream?streams=icpusdt@depth@100ms/icpusdt@aggTrade
2026-06-06 07:53:24.116 | INFO     | data.exchange_connector:start_websocket:302 - WebSocket connected: wss://data-stream.binance.vision/stream?streams=icpusdt@depth@100ms/icpusdt@aggTrade
2026-06-06 07:53:24.117 | INFO     | data.exchange_connector:start_websocket:305 - Fetching fresh order book snapshot...
2026-06-06 07:53:25.575 | INFO     | data.exchange_connector:_fetch_rest_snapshot:223 - Snapshot loaded: 631b/1000a, lastUpdateId=6360848359 [Resync #5]
2026-06-06 07:53:25.575 | INFO     | data.exchange_connector:_fetch_rest_snapshot:234 - Book synchronized. Total resyncs: 5
2026-06-06 07:53:25.576 | INFO     | data.exchange_connector:start_websocket:312 - Subscribed to market data streams
2026-06-06 07:54:43.931 | WARNING  | data.exchange_connector:start_websocket:328 - WebSocket closed (code=1006) on wss://data-stream.binance.vision/stream?streams=icpusdt@depth@100ms/icpusdt@aggTrade, failure #1
2026-06-06 07:54:44.023 | INFO     | data.exchange_connector:start_websocket:342 - Reconnecting in 1.0s...
2026-06-06 07:54:45.073 | INFO     | data.exchange_connector:start_websocket:293 - Connecting to WebSocket: wss://data-stream.binance.vision/stream?streams=icpusdt@depth@100ms/icpusdt@aggTrade
2026-06-06 07:54:57.147 | ERROR    | data.exchange_connector:start_websocket:334 - WebSocket error on wss://data-stream.binance.vision/stream?streams=icpusdt@depth@100ms/icpusdt@aggTrade: [Errno 11001] getaddrinfo failed, failure #2
2026-06-06 07:54:58.145 | INFO     | data.exchange_connector:start_websocket:293 - Connecting to WebSocket: wss://stream.binance.com:443/stream?streams=icpusdt@depth@100ms/icpusdt@aggTrade
2026-06-06 07:54:58.149 | ERROR    | data.exchange_connector:start_websocket:334 - WebSocket error on wss://stream.binance.com:443/stream?streams=icpusdt@depth@100ms/icpusdt@aggTrade: [Errno 11001] getaddrinfo failed, failure #1
2026-06-06 07:54:58.149 | INFO     | data.exchange_connector:start_websocket:342 - Reconnecting in 2.0s...
2026-06-06 07:55:00.143 | INFO     | data.exchange_connector:start_websocket:293 - Connecting to WebSocket: wss://stream.binance.com:443/stream?streams=icpusdt@depth@100ms/icpusdt@aggTrade
2026-06-06 07:55:00.143 | ERROR    | data.exchange_connector:start_websocket:334 - WebSocket error on wss://stream.binance.com:443/stream?streams=icpusdt@depth@100ms/icpusdt@aggTrade: [Errno 11001] getaddrinfo failed, failure #2
2026-06-06 07:55:01.146 | INFO     | data.exchange_connector:start_websocket:293 - Connecting to WebSocket: wss://stream.binance.com:9443/stream?streams=icpusdt@depth@100ms/icpusdt@aggTrade
2026-06-06 07:55:01.146 | ERROR    | data.exchange_connector:start_websocket:334 - WebSocket error on wss://stream.binance.com:9443/stream?streams=icpusdt@depth@100ms/icpusdt@aggTrade: [Errno 11001] getaddrinfo failed, failure #1
2026-06-06 07:55:01.146 | INFO     | data.exchange_connector:start_websocket:342 - Reconnecting in 4.0s...
2026-06-06 07:55:05.148 | INFO     | data.exchange_connector:start_websocket:293 - Connecting to WebSocket: wss://stream.binance.com:9443/stream?streams=icpusdt@depth@100ms/icpusdt@aggTrade
2026-06-06 07:55:05.175 | ERROR    | data.exchange_connector:start_websocket:334 - WebSocket error on wss://stream.binance.com:9443/stream?streams=icpusdt@depth@100ms/icpusdt@aggTrade: [Errno 11001] getaddrinfo failed, failure #2
2026-06-06 07:55:06.188 | INFO     | data.exchange_connector:start_websocket:293 - Connecting to WebSocket: wss://data-stream.binance.vision/stream?streams=icpusdt@depth@100ms/icpusdt@aggTrade
2026-06-06 07:55:06.188 | ERROR    | data.exchange_connector:start_websocket:334 - WebSocket error on wss://data-stream.binance.vision/stream?streams=icpusdt@depth@100ms/icpusdt@aggTrade: [Errno 11001] getaddrinfo failed, failure #1
2026-06-06 07:55:06.188 | INFO     | data.exchange_connector:start_websocket:342 - Reconnecting in 8.0s...
2026-06-06 07:55:14.195 | INFO     | data.exchange_connector:start_websocket:293 - Connecting to WebSocket: wss://data-stream.binance.vision/stream?streams=icpusdt@depth@100ms/icpusdt@aggTrade
2026-06-06 07:55:14.195 | ERROR    | data.exchange_connector:start_websocket:334 - WebSocket error on wss://data-stream.binance.vision/stream?streams=icpusdt@depth@100ms/icpusdt@aggTrade: [Errno 11001] getaddrinfo failed, failure #2
2026-06-06 07:55:15.195 | INFO     | data.exchange_connector:start_websocket:293 - Connecting to WebSocket: wss://stream.binance.com:443/stream?streams=icpusdt@depth@100ms/icpusdt@aggTrade
2026-06-06 07:55:15.195 | ERROR    | data.exchange_connector:start_websocket:334 - WebSocket error on wss://stream.binance.com:443/stream?streams=icpusdt@depth@100ms/icpusdt@aggTrade: [Errno 11001] getaddrinfo failed, failure #1
2026-06-06 07:55:15.195 | INFO     | data.exchange_connector:start_websocket:342 - Reconnecting in 16.0s...
2026-06-06 07:55:31.197 | INFO     | data.exchange_connector:start_websocket:293 - Connecting to WebSocket: wss://stream.binance.com:443/stream?streams=icpusdt@depth@100ms/icpusdt@aggTrade
2026-06-06 07:55:31.197 | ERROR    | data.exchange_connector:start_websocket:334 - WebSocket error on wss://stream.binance.com:443/stream?streams=icpusdt@depth@100ms/icpusdt@aggTrade: [Errno 11001] getaddrinfo failed, failure #2
2026-06-06 07:55:32.199 | INFO     | data.exchange_connector:start_websocket:293 - Connecting to WebSocket: wss://stream.binance.com:9443/stream?streams=icpusdt@depth@100ms/icpusdt@aggTrade
2026-06-06 07:55:32.199 | ERROR    | data.exchange_connector:start_websocket:334 - WebSocket error on wss://stream.binance.com:9443/stream?streams=icpusdt@depth@100ms/icpusdt@aggTrade: [Errno 11001] getaddrinfo failed, failure #1
2026-06-06 07:55:32.199 | INFO     | data.exchange_connector:start_websocket:342 - Reconnecting in 30.0s...
2026-06-06 07:56:02.216 | INFO     | data.exchange_connector:start_websocket:293 - Connecting to WebSocket: wss://stream.binance.com:9443/stream?streams=icpusdt@depth@100ms/icpusdt@aggTrade
2026-06-06 07:56:02.216 | ERROR    | data.exchange_connector:start_websocket:334 - WebSocket error on wss://stream.binance.com:9443/stream?streams=icpusdt@depth@100ms/icpusdt@aggTrade: [Errno 11001] getaddrinfo failed, failure #2
2026-06-06 07:56:03.226 | INFO     | data.exchange_connector:start_websocket:293 - Connecting to WebSocket: wss://data-stream.binance.vision/stream?streams=icpusdt@depth@100ms/icpusdt@aggTrade
2026-06-06 07:56:03.227 | ERROR    | data.exchange_connector:start_websocket:334 - WebSocket error on wss://data-stream.binance.vision/stream?streams=icpusdt@depth@100ms/icpusdt@aggTrade: [Errno 11001] getaddrinfo failed, failure #1
2026-06-06 07:56:03.227 | INFO     | data.exchange_connector:start_websocket:342 - Reconnecting in 30.0s...
2026-06-06 07:56:33.245 | INFO     | data.exchange_connector:start_websocket:293 - Connecting to WebSocket: wss://data-stream.binance.vision/stream?streams=icpusdt@depth@100ms/icpusdt@aggTrade
2026-06-06 07:56:33.984 | INFO     | data.exchange_connector:start_websocket:302 - WebSocket connected: wss://data-stream.binance.vision/stream?streams=icpusdt@depth@100ms/icpusdt@aggTrade
2026-06-06 07:56:33.984 | INFO     | data.exchange_connector:start_websocket:305 - Fetching fresh order book snapshot...
2026-06-06 07:56:35.571 | INFO     | data.exchange_connector:_fetch_rest_snapshot:223 - Snapshot loaded: 620b/1000a, lastUpdateId=6360855049 [Resync #6]
2026-06-06 07:56:35.571 | INFO     | data.exchange_connector:_fetch_rest_snapshot:234 - Book synchronized. Total resyncs: 6
2026-06-06 07:56:35.571 | INFO     | data.exchange_connector:start_websocket:312 - Subscribed to market data streams
2026-06-06 07:56:45.567 | INFO     | data.exchange_connector:_process_message:423 - [WS MSGS] total=64000 depth=57936 aggTrade=6064 other=0
2026-06-06 07:58:06.817 | INFO     | data.exchange_connector:_process_message:423 - [WS MSGS] total=64500 depth=58372 aggTrade=6128 other=0
2026-06-06 07:59:02.953 | INFO     | data.exchange_connector:_process_message:423 - [WS MSGS] total=65000 depth=58649 aggTrade=6351 other=0
2026-06-06 07:59:11.653 | INFO     | data.exchange_connector:_handle_trade:480 - [TRACE TRADE #6500] keys=['e', 'E', 's', 'a', 'p', 'q', 'f', 'l', 'T', 'm', 'M'] p=2.19600000 q=281.05000000 m=True
2026-06-06 07:59:42.257 | INFO     | data.exchange_connector:_process_message:423 - [WS MSGS] total=65500 depth=58918 aggTrade=6582 other=0
2026-06-06 08:00:03.824 | WARNING  | data.exchange_connector:start_websocket:328 - WebSocket closed (code=1006) on wss://data-stream.binance.vision/stream?streams=icpusdt@depth@100ms/icpusdt@aggTrade, failure #1
2026-06-06 08:00:03.824 | INFO     | data.exchange_connector:start_websocket:342 - Reconnecting in 1.0s...
2026-06-06 08:00:04.837 | INFO     | data.exchange_connector:start_websocket:293 - Connecting to WebSocket: wss://data-stream.binance.vision/stream?streams=icpusdt@depth@100ms/icpusdt@aggTrade
2026-06-06 08:00:06.690 | INFO     | data.exchange_connector:start_websocket:302 - WebSocket connected: wss://data-stream.binance.vision/stream?streams=icpusdt@depth@100ms/icpusdt@aggTrade
2026-06-06 08:00:06.690 | INFO     | data.exchange_connector:start_websocket:305 - Fetching fresh order book snapshot...
2026-06-06 08:00:08.322 | INFO     | data.exchange_connector:_fetch_rest_snapshot:223 - Snapshot loaded: 629b/1000a, lastUpdateId=6360868748 [Resync #7]
2026-06-06 08:00:08.322 | INFO     | data.exchange_connector:_fetch_rest_snapshot:234 - Book synchronized. Total resyncs: 7
2026-06-06 08:00:08.322 | INFO     | data.exchange_connector:start_websocket:312 - Subscribed to market data streams
2026-06-06 08:01:11.759 | INFO     | data.exchange_connector:_process_message:423 - [WS MSGS] total=66000 depth=59338 aggTrade=6662 other=0
2026-06-06 08:02:11.070 | INFO     | data.exchange_connector:_process_message:423 - [WS MSGS] total=66500 depth=59750 aggTrade=6750 other=0
2026-06-06 08:03:06.259 | INFO     | data.exchange_connector:_process_message:423 - [WS MSGS] total=67000 depth=60173 aggTrade=6827 other=0
2026-06-06 08:04:19.856 | INFO     | data.exchange_connector:_process_message:423 - [WS MSGS] total=67500 depth=60616 aggTrade=6884 other=0
2026-06-06 08:05:39.684 | INFO     | data.exchange_connector:_process_message:423 - [WS MSGS] total=68000 depth=61042 aggTrade=6958 other=0
2026-06-06 08:06:19.180 | INFO     | data.exchange_connector:_handle_trade:480 - [TRACE TRADE #7000] keys=['e', 'E', 's', 'a', 'p', 'q', 'f', 'l', 'T', 'm', 'M'] p=2.18100000 q=537.14000000 m=True
2026-06-06 08:06:53.353 | INFO     | data.exchange_connector:_process_message:423 - [WS MSGS] total=68500 depth=61448 aggTrade=7052 other=0
2026-06-06 08:08:05.656 | INFO     | data.exchange_connector:_process_message:423 - [WS MSGS] total=69000 depth=61868 aggTrade=7132 other=0
2026-06-06 08:09:30.151 | INFO     | data.exchange_connector:_process_message:423 - [WS MSGS] total=69500 depth=62308 aggTrade=7192 other=0
2026-06-06 08:10:47.160 | INFO     | data.exchange_connector:_process_message:423 - [WS MSGS] total=70000 depth=62711 aggTrade=7289 other=0
2026-06-06 08:12:09.474 | INFO     | data.exchange_connector:_process_message:423 - [WS MSGS] total=70500 depth=63156 aggTrade=7344 other=0
2026-06-06 08:13:41.681 | INFO     | data.exchange_connector:_process_message:423 - [WS MSGS] total=71000 depth=63597 aggTrade=7403 other=0
2026-06-06 08:15:26.854 | INFO     | data.exchange_connector:_process_message:423 - [WS MSGS] total=71500 depth=64029 aggTrade=7471 other=0
2026-06-06 08:15:35.748 | WARNING  | data.exchange_connector:start_websocket:328 - WebSocket closed (code=1006) on wss://data-stream.binance.vision/stream?streams=icpusdt@depth@100ms/icpusdt@aggTrade, failure #1
2026-06-06 08:15:35.779 | INFO     | data.exchange_connector:start_websocket:342 - Reconnecting in 1.0s...
2026-06-06 08:15:36.783 | INFO     | data.exchange_connector:start_websocket:293 - Connecting to WebSocket: wss://data-stream.binance.vision/stream?streams=icpusdt@depth@100ms/icpusdt@aggTrade
2026-06-06 08:15:38.180 | INFO     | data.exchange_connector:start_websocket:302 - WebSocket connected: wss://data-stream.binance.vision/stream?streams=icpusdt@depth@100ms/icpusdt@aggTrade
2026-06-06 08:15:38.180 | INFO     | data.exchange_connector:start_websocket:305 - Fetching fresh order book snapshot...
2026-06-06 08:15:39.352 | INFO     | data.exchange_connector:_fetch_rest_snapshot:223 - Snapshot loaded: 648b/1000a, lastUpdateId=6360913237 [Resync #8]
2026-06-06 08:15:39.367 | INFO     | data.exchange_connector:_fetch_rest_snapshot:234 - Book synchronized. Total resyncs: 8
2026-06-06 08:15:39.367 | INFO     | data.exchange_connector:start_websocket:312 - Subscribed to market data streams
2026-06-06 08:16:01.013 | INFO     | data.exchange_connector:_handle_trade:480 - [TRACE TRADE #7500] keys=['e', 'E', 's', 'a', 'p', 'q', 'f', 'l', 'T', 'm', 'M'] p=2.18800000 q=8.00000000 m=True
2026-06-06 08:17:02.478 | INFO     | data.exchange_connector:_process_message:423 - [WS MSGS] total=72000 depth=64449 aggTrade=7551 other=0
2026-06-06 08:18:44.039 | WARNING  | data.exchange_connector:start_websocket:328 - WebSocket closed (code=1006) on wss://data-stream.binance.vision/stream?streams=icpusdt@depth@100ms/icpusdt@aggTrade, failure #1
2026-06-06 08:18:44.040 | INFO     | data.exchange_connector:start_websocket:342 - Reconnecting in 1.0s...
2026-06-06 08:18:45.045 | INFO     | data.exchange_connector:start_websocket:293 - Connecting to WebSocket: wss://data-stream.binance.vision/stream?streams=icpusdt@depth@100ms/icpusdt@aggTrade
2026-06-06 08:18:50.263 | INFO     | data.exchange_connector:start_websocket:302 - WebSocket connected: wss://data-stream.binance.vision/stream?streams=icpusdt@depth@100ms/icpusdt@aggTrade
2026-06-06 08:18:50.263 | INFO     | data.exchange_connector:start_websocket:305 - Fetching fresh order book snapshot...
2026-06-06 08:18:52.970 | INFO     | data.exchange_connector:_fetch_rest_snapshot:223 - Snapshot loaded: 648b/1000a, lastUpdateId=6360921195 [Resync #9]
2026-06-06 08:18:52.970 | INFO     | data.exchange_connector:_fetch_rest_snapshot:234 - Book synchronized. Total resyncs: 9
2026-06-06 08:18:52.970 | INFO     | data.exchange_connector:start_websocket:312 - Subscribed to market data streams
2026-06-06 08:18:53.948 | INFO     | data.exchange_connector:_process_message:423 - [WS MSGS] total=72500 depth=64882 aggTrade=7618 other=0
2026-06-06 08:19:35.541 | WARNING  | data.exchange_connector:start_websocket:328 - WebSocket closed (code=1006) on wss://data-stream.binance.vision/stream?streams=icpusdt@depth@100ms/icpusdt@aggTrade, failure #1
2026-06-06 08:19:35.544 | INFO     | data.exchange_connector:start_websocket:342 - Reconnecting in 1.0s...
2026-06-06 08:19:36.569 | INFO     | data.exchange_connector:start_websocket:293 - Connecting to WebSocket: wss://data-stream.binance.vision/stream?streams=icpusdt@depth@100ms/icpusdt@aggTrade
2026-06-06 08:19:36.920 | INFO     | data.exchange_connector:start_websocket:302 - WebSocket connected: wss://data-stream.binance.vision/stream?streams=icpusdt@depth@100ms/icpusdt@aggTrade
2026-06-06 08:19:36.920 | INFO     | data.exchange_connector:start_websocket:305 - Fetching fresh order book snapshot...
2026-06-06 08:19:38.100 | INFO     | data.exchange_connector:_fetch_rest_snapshot:223 - Snapshot loaded: 653b/1000a, lastUpdateId=6360923493 [Resync #10]
2026-06-06 08:19:38.100 | INFO     | data.exchange_connector:_fetch_rest_snapshot:234 - Book synchronized. Total resyncs: 10
2026-06-06 08:19:38.100 | INFO     | data.exchange_connector:start_websocket:312 - Subscribed to market data streams
2026-06-06 08:20:36.808 | INFO     | data.exchange_connector:_process_message:423 - [WS MSGS] total=73000 depth=65333 aggTrade=7667 other=0
2026-06-06 08:21:34.726 | INFO     | data.exchange_connector:_process_message:423 - [WS MSGS] total=73500 depth=65736 aggTrade=7764 other=0
2026-06-06 08:22:17.841 | INFO     | data.exchange_connector:_process_message:423 - [WS MSGS] total=74000 depth=66100 aggTrade=7900 other=0
2026-06-06 08:22:46.905 | INFO     | data.exchange_connector:_handle_trade:480 - [TRACE TRADE #8000] keys=['e', 'E', 's', 'a', 'p', 'q', 'f', 'l', 'T', 'm', 'M'] p=2.24600000 q=11.47000000 m=False
2026-06-06 08:22:56.804 | INFO     | data.exchange_connector:_process_message:423 - [WS MSGS] total=74500 depth=66476 aggTrade=8024 other=0
2026-06-06 08:23:18.709 | WARNING  | data.exchange_connector:start_websocket:328 - WebSocket closed (code=1006) on wss://data-stream.binance.vision/stream?streams=icpusdt@depth@100ms/icpusdt@aggTrade, failure #1
2026-06-06 08:23:18.709 | INFO     | data.exchange_connector:start_websocket:342 - Reconnecting in 1.0s...
2026-06-06 08:23:19.705 | INFO     | data.exchange_connector:start_websocket:293 - Connecting to WebSocket: wss://data-stream.binance.vision/stream?streams=icpusdt@depth@100ms/icpusdt@aggTrade
2026-06-06 08:23:20.227 | INFO     | data.exchange_connector:start_websocket:302 - WebSocket connected: wss://data-stream.binance.vision/stream?streams=icpusdt@depth@100ms/icpusdt@aggTrade
2026-06-06 08:23:20.227 | INFO     | data.exchange_connector:start_websocket:305 - Fetching fresh order book snapshot...
2026-06-06 08:23:21.430 | INFO     | data.exchange_connector:_fetch_rest_snapshot:223 - Snapshot loaded: 682b/1000a, lastUpdateId=6360949251 [Resync #11]
2026-06-06 08:23:21.430 | INFO     | data.exchange_connector:_fetch_rest_snapshot:234 - Book synchronized. Total resyncs: 11
2026-06-06 08:23:21.430 | INFO     | data.exchange_connector:start_websocket:312 - Subscribed to market data streams
2026-06-06 08:24:05.691 | INFO     | data.exchange_connector:_process_message:423 - [WS MSGS] total=75000 depth=66884 aggTrade=8116 other=0
2026-06-06 08:25:09.477 | INFO     | data.exchange_connector:_process_message:423 - [WS MSGS] total=75500 depth=67334 aggTrade=8166 other=0
2026-06-06 08:26:17.299 | INFO     | data.exchange_connector:_process_message:423 - [WS MSGS] total=76000 depth=67763 aggTrade=8237 other=0
2026-06-06 08:26:57.060 | WARNING  | data.exchange_connector:start_websocket:328 - WebSocket closed (code=1006) on wss://data-stream.binance.vision/stream?streams=icpusdt@depth@100ms/icpusdt@aggTrade, failure #1
2026-06-06 08:26:57.060 | INFO     | data.exchange_connector:start_websocket:342 - Reconnecting in 1.0s...
2026-06-06 08:26:58.076 | INFO     | data.exchange_connector:start_websocket:293 - Connecting to WebSocket: wss://data-stream.binance.vision/stream?streams=icpusdt@depth@100ms/icpusdt@aggTrade
2026-06-06 08:26:58.640 | INFO     | data.exchange_connector:start_websocket:302 - WebSocket connected: wss://data-stream.binance.vision/stream?streams=icpusdt@depth@100ms/icpusdt@aggTrade
2026-06-06 08:26:58.640 | INFO     | data.exchange_connector:start_websocket:305 - Fetching fresh order book snapshot...
2026-06-06 08:27:00.898 | INFO     | data.exchange_connector:_fetch_rest_snapshot:223 - Snapshot loaded: 678b/1000a, lastUpdateId=6360965436 [Resync #12]
2026-06-06 08:27:00.898 | INFO     | data.exchange_connector:_fetch_rest_snapshot:234 - Book synchronized. Total resyncs: 12
2026-06-06 08:27:00.910 | INFO     | data.exchange_connector:start_websocket:312 - Subscribed to market data streams
2026-06-06 08:27:55.600 | INFO     | data.exchange_connector:_process_message:423 - [WS MSGS] total=76500 depth=68215 aggTrade=8285 other=0
2026-06-06 08:29:23.604 | INFO     | data.exchange_connector:_process_message:423 - [WS MSGS] total=77000 depth=68638 aggTrade=8362 other=0
2026-06-06 08:30:35.375 | WARNING  | data.exchange_connector:start_websocket:328 - WebSocket closed (code=1006) on wss://data-stream.binance.vision/stream?streams=icpusdt@depth@100ms/icpusdt@aggTrade, failure #1
2026-06-06 08:30:35.375 | INFO     | data.exchange_connector:start_websocket:342 - Reconnecting in 1.0s...
2026-06-06 08:30:36.383 | INFO     | data.exchange_connector:start_websocket:293 - Connecting to WebSocket: wss://data-stream.binance.vision/stream?streams=icpusdt@depth@100ms/icpusdt@aggTrade
2026-06-06 08:30:36.872 | INFO     | data.exchange_connector:start_websocket:302 - WebSocket connected: wss://data-stream.binance.vision/stream?streams=icpusdt@depth@100ms/icpusdt@aggTrade
2026-06-06 08:30:36.872 | INFO     | data.exchange_connector:start_websocket:305 - Fetching fresh order book snapshot...
2026-06-06 08:30:38.034 | INFO     | data.exchange_connector:_fetch_rest_snapshot:223 - Snapshot loaded: 671b/1000a, lastUpdateId=6360974766 [Resync #13]
2026-06-06 08:30:38.034 | INFO     | data.exchange_connector:_fetch_rest_snapshot:234 - Book synchronized. Total resyncs: 13
2026-06-06 08:30:38.034 | INFO     | data.exchange_connector:start_websocket:312 - Subscribed to market data streams
2026-06-06 08:31:19.808 | INFO     | data.exchange_connector:_process_message:423 - [WS MSGS] total=77500 depth=69114 aggTrade=8386 other=0
2026-06-06 08:32:57.793 | INFO     | data.exchange_connector:_process_message:423 - [WS MSGS] total=78000 depth=69586 aggTrade=8414 other=0
2026-06-06 08:34:15.999 | WARNING  | data.exchange_connector:start_websocket:328 - WebSocket closed (code=1006) on wss://data-stream.binance.vision/stream?streams=icpusdt@depth@100ms/icpusdt@aggTrade, failure #1
2026-06-06 08:34:16.003 | INFO     | data.exchange_connector:start_websocket:342 - Reconnecting in 1.0s...
2026-06-06 08:34:17.015 | INFO     | data.exchange_connector:start_websocket:293 - Connecting to WebSocket: wss://data-stream.binance.vision/stream?streams=icpusdt@depth@100ms/icpusdt@aggTrade
2026-06-06 08:34:17.378 | INFO     | data.exchange_connector:start_websocket:302 - WebSocket connected: wss://data-stream.binance.vision/stream?streams=icpusdt@depth@100ms/icpusdt@aggTrade
2026-06-06 08:34:17.378 | INFO     | data.exchange_connector:start_websocket:305 - Fetching fresh order book snapshot...
2026-06-06 08:34:18.481 | INFO     | data.exchange_connector:_fetch_rest_snapshot:223 - Snapshot loaded: 658b/1000a, lastUpdateId=6360983410 [Resync #14]
2026-06-06 08:34:18.481 | INFO     | data.exchange_connector:_fetch_rest_snapshot:234 - Book synchronized. Total resyncs: 14
2026-06-06 08:34:18.481 | INFO     | data.exchange_connector:start_websocket:312 - Subscribed to market data streams
2026-06-06 08:35:00.991 | INFO     | data.exchange_connector:_process_message:423 - [WS MSGS] total=78500 depth=70051 aggTrade=8449 other=0
2026-06-06 08:36:09.018 | INFO     | data.exchange_connector:_handle_trade:480 - [TRACE TRADE #8500] keys=['e', 'E', 's', 'a', 'p', 'q', 'f', 'l', 'T', 'm', 'M'] p=2.23200000 q=152.37000000 m=False
2026-06-06 08:36:15.397 | INFO     | data.exchange_connector:_process_message:423 - [WS MSGS] total=79000 depth=70493 aggTrade=8507 other=0
2026-06-06 08:37:29.498 | INFO     | data.exchange_connector:_process_message:423 - [WS MSGS] total=79500 depth=70930 aggTrade=8570 other=0
2026-06-06 08:37:53.212 | WARNING  | data.exchange_connector:start_websocket:328 - WebSocket closed (code=1006) on wss://data-stream.binance.vision/stream?streams=icpusdt@depth@100ms/icpusdt@aggTrade, failure #1
2026-06-06 08:37:53.215 | INFO     | data.exchange_connector:start_websocket:342 - Reconnecting in 1.0s...
2026-06-06 08:37:54.226 | INFO     | data.exchange_connector:start_websocket:293 - Connecting to WebSocket: wss://data-stream.binance.vision/stream?streams=icpusdt@depth@100ms/icpusdt@aggTrade
2026-06-06 08:37:54.592 | INFO     | data.exchange_connector:start_websocket:302 - WebSocket connected: wss://data-stream.binance.vision/stream?streams=icpusdt@depth@100ms/icpusdt@aggTrade
2026-06-06 08:37:54.592 | INFO     | data.exchange_connector:start_websocket:305 - Fetching fresh order book snapshot...
2026-06-06 08:37:56.166 | INFO     | data.exchange_connector:_fetch_rest_snapshot:223 - Snapshot loaded: 671b/1000a, lastUpdateId=6360995369 [Resync #15]
2026-06-06 08:37:56.166 | INFO     | data.exchange_connector:_fetch_rest_snapshot:234 - Book synchronized. Total resyncs: 15
2026-06-06 08:37:56.166 | INFO     | data.exchange_connector:start_websocket:312 - Subscribed to market data streams
2026-06-06 08:39:27.601 | INFO     | data.exchange_connector:_process_message:423 - [WS MSGS] total=80000 depth=71392 aggTrade=8608 other=0
2026-06-06 08:41:12.421 | INFO     | data.exchange_connector:_process_message:423 - [WS MSGS] total=80500 depth=71854 aggTrade=8646 other=0
2026-06-06 08:41:30.360 | WARNING  | data.exchange_connector:start_websocket:328 - WebSocket closed (code=1006) on wss://data-stream.binance.vision/stream?streams=icpusdt@depth@100ms/icpusdt@aggTrade, failure #1
2026-06-06 08:41:30.360 | INFO     | data.exchange_connector:start_websocket:342 - Reconnecting in 1.0s...
2026-06-06 08:41:31.361 | INFO     | data.exchange_connector:start_websocket:293 - Connecting to WebSocket: wss://data-stream.binance.vision/stream?streams=icpusdt@depth@100ms/icpusdt@aggTrade
2026-06-06 08:41:32.289 | INFO     | data.exchange_connector:start_websocket:302 - WebSocket connected: wss://data-stream.binance.vision/stream?streams=icpusdt@depth@100ms/icpusdt@aggTrade
2026-06-06 08:41:32.289 | INFO     | data.exchange_connector:start_websocket:305 - Fetching fresh order book snapshot...
2026-06-06 08:41:33.440 | INFO     | data.exchange_connector:_fetch_rest_snapshot:223 - Snapshot loaded: 672b/1000a, lastUpdateId=6361003295 [Resync #16]
2026-06-06 08:41:33.440 | INFO     | data.exchange_connector:_fetch_rest_snapshot:234 - Book synchronized. Total resyncs: 16
2026-06-06 08:41:33.440 | INFO     | data.exchange_connector:start_websocket:312 - Subscribed to market data streams
2026-06-06 08:43:34.098 | INFO     | data.exchange_connector:_process_message:423 - [WS MSGS] total=81000 depth=72316 aggTrade=8684 other=0
2026-06-06 08:45:06.441 | WARNING  | data.exchange_connector:start_websocket:328 - WebSocket closed (code=1006) on wss://data-stream.binance.vision/stream?streams=icpusdt@depth@100ms/icpusdt@aggTrade, failure #1
2026-06-06 08:45:06.441 | INFO     | data.exchange_connector:start_websocket:342 - Reconnecting in 1.0s...
2026-06-06 08:45:07.457 | INFO     | data.exchange_connector:start_websocket:293 - Connecting to WebSocket: wss://data-stream.binance.vision/stream?streams=icpusdt@depth@100ms/icpusdt@aggTrade
2026-06-06 08:45:07.993 | INFO     | data.exchange_connector:start_websocket:302 - WebSocket connected: wss://data-stream.binance.vision/stream?streams=icpusdt@depth@100ms/icpusdt@aggTrade
2026-06-06 08:45:07.993 | INFO     | data.exchange_connector:start_websocket:305 - Fetching fresh order book snapshot...
2026-06-06 08:45:09.206 | INFO     | data.exchange_connector:_fetch_rest_snapshot:223 - Snapshot loaded: 671b/1000a, lastUpdateId=6361009853 [Resync #17]
2026-06-06 08:45:09.206 | INFO     | data.exchange_connector:_fetch_rest_snapshot:234 - Book synchronized. Total resyncs: 17
2026-06-06 08:45:09.211 | INFO     | data.exchange_connector:start_websocket:312 - Subscribed to market data streams
2026-06-06 08:45:35.992 | INFO     | data.exchange_connector:_process_message:423 - [WS MSGS] total=81500 depth=72759 aggTrade=8741 other=0
2026-06-06 08:47:21.727 | INFO     | data.exchange_connector:_process_message:423 - [WS MSGS] total=82000 depth=73228 aggTrade=8772 other=0
2026-06-06 08:48:48.525 | WARNING  | data.exchange_connector:start_websocket:328 - WebSocket closed (code=1006) on wss://data-stream.binance.vision/stream?streams=icpusdt@depth@100ms/icpusdt@aggTrade, failure #1
2026-06-06 08:48:48.525 | INFO     | data.exchange_connector:start_websocket:342 - Reconnecting in 1.0s...
2026-06-06 08:48:49.544 | INFO     | data.exchange_connector:start_websocket:293 - Connecting to WebSocket: wss://data-stream.binance.vision/stream?streams=icpusdt@depth@100ms/icpusdt@aggTrade
2026-06-06 08:48:50.240 | INFO     | data.exchange_connector:start_websocket:302 - WebSocket connected: wss://data-stream.binance.vision/stream?streams=icpusdt@depth@100ms/icpusdt@aggTrade
2026-06-06 08:48:50.240 | INFO     | data.exchange_connector:start_websocket:305 - Fetching fresh order book snapshot...
2026-06-06 08:48:51.456 | INFO     | data.exchange_connector:_fetch_rest_snapshot:223 - Snapshot loaded: 676b/1000a, lastUpdateId=6361019100 [Resync #18]
2026-06-06 08:48:51.456 | INFO     | data.exchange_connector:_fetch_rest_snapshot:234 - Book synchronized. Total resyncs: 18
2026-06-06 08:48:51.458 | INFO     | data.exchange_connector:start_websocket:312 - Subscribed to market data streams
2026-06-06 08:49:02.249 | INFO     | data.exchange_connector:_process_message:423 - [WS MSGS] total=82500 depth=73553 aggTrade=8947 other=0
2026-06-06 08:50:07.106 | INFO     | data.exchange_connector:_handle_trade:480 - [TRACE TRADE #9000] keys=['e', 'E', 's', 'a', 'p', 'q', 'f', 'l', 'T', 'm', 'M'] p=2.24700000 q=11.44000000 m=True
2026-06-06 08:50:17.289 | INFO     | data.exchange_connector:_process_message:423 - [WS MSGS] total=83000 depth=73995 aggTrade=9005 other=0
2026-06-06 08:51:47.093 | INFO     | data.exchange_connector:_process_message:423 - [WS MSGS] total=83500 depth=74433 aggTrade=9067 other=0
2026-06-06 08:52:26.885 | WARNING  | data.exchange_connector:start_websocket:328 - WebSocket closed (code=1006) on wss://data-stream.binance.vision/stream?streams=icpusdt@depth@100ms/icpusdt@aggTrade, failure #1
2026-06-06 08:52:26.885 | INFO     | data.exchange_connector:start_websocket:342 - Reconnecting in 1.0s...
2026-06-06 08:52:27.899 | INFO     | data.exchange_connector:start_websocket:293 - Connecting to WebSocket: wss://data-stream.binance.vision/stream?streams=icpusdt@depth@100ms/icpusdt@aggTrade
2026-06-06 08:52:28.390 | INFO     | data.exchange_connector:start_websocket:302 - WebSocket connected: wss://data-stream.binance.vision/stream?streams=icpusdt@depth@100ms/icpusdt@aggTrade
2026-06-06 08:52:28.390 | INFO     | data.exchange_connector:start_websocket:305 - Fetching fresh order book snapshot...
2026-06-06 08:52:29.583 | INFO     | data.exchange_connector:_fetch_rest_snapshot:223 - Snapshot loaded: 679b/1000a, lastUpdateId=6361033762 [Resync #19]
2026-06-06 08:52:29.583 | INFO     | data.exchange_connector:_fetch_rest_snapshot:234 - Book synchronized. Total resyncs: 19
2026-06-06 08:52:29.583 | INFO     | data.exchange_connector:start_websocket:312 - Subscribed to market data streams
2026-06-06 08:54:12.535 | INFO     | data.exchange_connector:_process_message:423 - [WS MSGS] total=84000 depth=74877 aggTrade=9123 other=0
2026-06-06 08:56:06.192 | WARNING  | data.exchange_connector:start_websocket:328 - WebSocket closed (code=1006) on wss://data-stream.binance.vision/stream?streams=icpusdt@depth@100ms/icpusdt@aggTrade, failure #1
2026-06-06 08:56:06.195 | INFO     | data.exchange_connector:start_websocket:342 - Reconnecting in 1.0s...
2026-06-06 08:56:07.195 | INFO     | data.exchange_connector:start_websocket:293 - Connecting to WebSocket: wss://data-stream.binance.vision/stream?streams=icpusdt@depth@100ms/icpusdt@aggTrade
2026-06-06 08:56:07.780 | INFO     | data.exchange_connector:start_websocket:302 - WebSocket connected: wss://data-stream.binance.vision/stream?streams=icpusdt@depth@100ms/icpusdt@aggTrade
2026-06-06 08:56:07.780 | INFO     | data.exchange_connector:start_websocket:305 - Fetching fresh order book snapshot...
2026-06-06 08:56:09.048 | INFO     | data.exchange_connector:_fetch_rest_snapshot:223 - Snapshot loaded: 682b/1000a, lastUpdateId=6361039520 [Resync #20]
2026-06-06 08:56:09.048 | INFO     | data.exchange_connector:_fetch_rest_snapshot:234 - Book synchronized. Total resyncs: 20
2026-06-06 08:56:09.064 | INFO     | data.exchange_connector:start_websocket:312 - Subscribed to market data streams
2026-06-06 08:56:45.150 | INFO     | data.exchange_connector:_process_message:423 - [WS MSGS] total=84500 depth=75340 aggTrade=9160 other=0
2026-06-06 08:59:08.353 | INFO     | data.exchange_connector:_process_message:423 - [WS MSGS] total=85000 depth=75811 aggTrade=9189 other=0
2026-06-06 08:59:44.561 | WARNING  | data.exchange_connector:start_websocket:328 - WebSocket closed (code=1006) on wss://data-stream.binance.vision/stream?streams=icpusdt@depth@100ms/icpusdt@aggTrade, failure #1
2026-06-06 08:59:44.561 | INFO     | data.exchange_connector:start_websocket:342 - Reconnecting in 1.0s...
2026-06-06 08:59:45.568 | INFO     | data.exchange_connector:start_websocket:293 - Connecting to WebSocket: wss://data-stream.binance.vision/stream?streams=icpusdt@depth@100ms/icpusdt@aggTrade
2026-06-06 08:59:46.090 | INFO     | data.exchange_connector:start_websocket:302 - WebSocket connected: wss://data-stream.binance.vision/stream?streams=icpusdt@depth@100ms/icpusdt@aggTrade
2026-06-06 08:59:46.090 | INFO     | data.exchange_connector:start_websocket:305 - Fetching fresh order book snapshot...
2026-06-06 08:59:47.255 | INFO     | data.exchange_connector:_fetch_rest_snapshot:223 - Snapshot loaded: 688b/1000a, lastUpdateId=6361043990 [Resync #21]
2026-06-06 08:59:47.255 | INFO     | data.exchange_connector:_fetch_rest_snapshot:234 - Book synchronized. Total resyncs: 21
2026-06-06 08:59:47.255 | INFO     | data.exchange_connector:start_websocket:312 - Subscribed to market data streams
2026-06-06 09:00:48.582 | INFO     | data.exchange_connector:_process_message:423 - [WS MSGS] total=85500 depth=76238 aggTrade=9262 other=0
2026-06-06 09:02:28.602 | INFO     | data.exchange_connector:_process_message:423 - [WS MSGS] total=86000 depth=76704 aggTrade=9296 other=0
2026-06-06 09:03:10.789 | WARNING  | data.exchange_connector:start_websocket:328 - WebSocket closed (code=1006) on wss://data-stream.binance.vision/stream?streams=icpusdt@depth@100ms/icpusdt@aggTrade, failure #1
2026-06-06 09:03:10.789 | INFO     | data.exchange_connector:start_websocket:342 - Reconnecting in 1.0s...
2026-06-06 09:03:11.793 | INFO     | data.exchange_connector:start_websocket:293 - Connecting to WebSocket: wss://data-stream.binance.vision/stream?streams=icpusdt@depth@100ms/icpusdt@aggTrade
2026-06-06 09:03:12.415 | INFO     | data.exchange_connector:start_websocket:302 - WebSocket connected: wss://data-stream.binance.vision/stream?streams=icpusdt@depth@100ms/icpusdt@aggTrade
2026-06-06 09:03:12.415 | INFO     | data.exchange_connector:start_websocket:305 - Fetching fresh order book snapshot...
2026-06-06 09:03:13.588 | INFO     | data.exchange_connector:_fetch_rest_snapshot:223 - Snapshot loaded: 689b/1000a, lastUpdateId=6361053575 [Resync #22]
2026-06-06 09:03:13.588 | INFO     | data.exchange_connector:_fetch_rest_snapshot:234 - Book synchronized. Total resyncs: 22
2026-06-06 09:03:13.588 | INFO     | data.exchange_connector:start_websocket:312 - Subscribed to market data streams
2026-06-06 09:04:17.100 | INFO     | data.exchange_connector:_process_message:423 - [WS MSGS] total=86500 depth=77155 aggTrade=9345 other=0
2026-06-06 09:05:45.607 | INFO     | data.exchange_connector:_process_message:423 - [WS MSGS] total=87000 depth=77579 aggTrade=9421 other=0
2026-06-06 09:06:48.202 | WARNING  | data.exchange_connector:start_websocket:328 - WebSocket closed (code=1006) on wss://data-stream.binance.vision/stream?streams=icpusdt@depth@100ms/icpusdt@aggTrade, failure #1
2026-06-06 09:06:48.202 | INFO     | data.exchange_connector:start_websocket:342 - Reconnecting in 1.0s...
2026-06-06 09:06:49.216 | INFO     | data.exchange_connector:start_websocket:293 - Connecting to WebSocket: wss://data-stream.binance.vision/stream?streams=icpusdt@depth@100ms/icpusdt@aggTrade
2026-06-06 09:06:49.784 | INFO     | data.exchange_connector:start_websocket:302 - WebSocket connected: wss://data-stream.binance.vision/stream?streams=icpusdt@depth@100ms/icpusdt@aggTrade
2026-06-06 09:06:49.784 | INFO     | data.exchange_connector:start_websocket:305 - Fetching fresh order book snapshot...
2026-06-06 09:06:51.097 | INFO     | data.exchange_connector:_fetch_rest_snapshot:223 - Snapshot loaded: 688b/1000a, lastUpdateId=6361062146 [Resync #23]
2026-06-06 09:06:51.097 | INFO     | data.exchange_connector:_fetch_rest_snapshot:234 - Book synchronized. Total resyncs: 23
2026-06-06 09:06:51.097 | INFO     | data.exchange_connector:start_websocket:312 - Subscribed to market data streams
2026-06-06 09:08:12.807 | INFO     | data.exchange_connector:_process_message:423 - [WS MSGS] total=87500 depth=78005 aggTrade=9495 other=0
2026-06-06 09:08:37.933 | INFO     | data.exchange_connector:_handle_trade:480 - [TRACE TRADE #9500] keys=['e', 'E', 's', 'a', 'p', 'q', 'f', 'l', 'T', 'm', 'M'] p=2.27400000 q=41.21000000 m=True
2026-06-06 09:10:05.908 | INFO     | data.exchange_connector:_process_message:423 - [WS MSGS] total=88000 depth=78474 aggTrade=9526 other=0
2026-06-06 09:10:26.262 | WARNING  | data.exchange_connector:start_websocket:328 - WebSocket closed (code=1006) on wss://data-stream.binance.vision/stream?streams=icpusdt@depth@100ms/icpusdt@aggTrade, failure #1
2026-06-06 09:10:26.262 | INFO     | data.exchange_connector:start_websocket:342 - Reconnecting in 1.0s...
2026-06-06 09:10:27.272 | INFO     | data.exchange_connector:start_websocket:293 - Connecting to WebSocket: wss://data-stream.binance.vision/stream?streams=icpusdt@depth@100ms/icpusdt@aggTrade
2026-06-06 09:10:27.756 | INFO     | data.exchange_connector:start_websocket:302 - WebSocket connected: wss://data-stream.binance.vision/stream?streams=icpusdt@depth@100ms/icpusdt@aggTrade
2026-06-06 09:10:27.756 | INFO     | data.exchange_connector:start_websocket:305 - Fetching fresh order book snapshot...
2026-06-06 09:10:28.878 | INFO     | data.exchange_connector:_fetch_rest_snapshot:223 - Snapshot loaded: 685b/1000a, lastUpdateId=6361069574 [Resync #24]
2026-06-06 09:10:28.878 | INFO     | data.exchange_connector:_fetch_rest_snapshot:234 - Book synchronized. Total resyncs: 24
2026-06-06 09:10:28.893 | INFO     | data.exchange_connector:start_websocket:312 - Subscribed to market data streams
2026-06-06 09:12:43.033 | INFO     | data.exchange_connector:_process_message:423 - [WS MSGS] total=88500 depth=78957 aggTrade=9543 other=0
2026-06-06 09:14:03.404 | WARNING  | data.exchange_connector:start_websocket:328 - WebSocket closed (code=1006) on wss://data-stream.binance.vision/stream?streams=icpusdt@depth@100ms/icpusdt@aggTrade, failure #1
2026-06-06 09:14:03.408 | INFO     | data.exchange_connector:start_websocket:342 - Reconnecting in 1.0s...
2026-06-06 09:14:04.415 | INFO     | data.exchange_connector:start_websocket:293 - Connecting to WebSocket: wss://data-stream.binance.vision/stream?streams=icpusdt@depth@100ms/icpusdt@aggTrade
2026-06-06 09:14:04.956 | INFO     | data.exchange_connector:start_websocket:302 - WebSocket connected: wss://data-stream.binance.vision/stream?streams=icpusdt@depth@100ms/icpusdt@aggTrade
2026-06-06 09:14:04.956 | INFO     | data.exchange_connector:start_websocket:305 - Fetching fresh order book snapshot...
2026-06-06 09:14:06.165 | INFO     | data.exchange_connector:_fetch_rest_snapshot:223 - Snapshot loaded: 693b/1000a, lastUpdateId=6361074670 [Resync #25]
2026-06-06 09:14:06.165 | INFO     | data.exchange_connector:_fetch_rest_snapshot:234 - Book synchronized. Total resyncs: 25
2026-06-06 09:14:06.165 | INFO     | data.exchange_connector:start_websocket:312 - Subscribed to market data streams
2026-06-06 09:14:58.782 | INFO     | data.exchange_connector:_process_message:423 - [WS MSGS] total=89000 depth=79435 aggTrade=9565 other=0
2026-06-06 09:16:23.792 | INFO     | data.exchange_connector:_process_message:423 - [WS MSGS] total=89500 depth=79860 aggTrade=9640 other=0
2026-06-06 09:17:40.709 | WARNING  | data.exchange_connector:start_websocket:328 - WebSocket closed (code=1006) on wss://data-stream.binance.vision/stream?streams=icpusdt@depth@100ms/icpusdt@aggTrade, failure #1
2026-06-06 09:17:40.709 | INFO     | data.exchange_connector:start_websocket:342 - Reconnecting in 1.0s...
2026-06-06 09:17:41.720 | INFO     | data.exchange_connector:start_websocket:293 - Connecting to WebSocket: wss://data-stream.binance.vision/stream?streams=icpusdt@depth@100ms/icpusdt@aggTrade
2026-06-06 09:17:42.145 | INFO     | data.exchange_connector:start_websocket:302 - WebSocket connected: wss://data-stream.binance.vision/stream?streams=icpusdt@depth@100ms/icpusdt@aggTrade
2026-06-06 09:17:42.145 | INFO     | data.exchange_connector:start_websocket:305 - Fetching fresh order book snapshot...
2026-06-06 09:17:43.435 | INFO     | data.exchange_connector:_fetch_rest_snapshot:223 - Snapshot loaded: 693b/1000a, lastUpdateId=6361082418 [Resync #26]
2026-06-06 09:17:43.435 | INFO     | data.exchange_connector:_fetch_rest_snapshot:234 - Book synchronized. Total resyncs: 26
2026-06-06 09:17:43.435 | INFO     | data.exchange_connector:start_websocket:312 - Subscribed to market data streams
2026-06-06 09:19:04.231 | INFO     | data.exchange_connector:_process_message:423 - [WS MSGS] total=90000 depth=80319 aggTrade=9681 other=0
2026-06-06 09:19:28.356 | WARNING  | data.exchange_connector:start_websocket:328 - WebSocket closed (code=1006) on wss://data-stream.binance.vision/stream?streams=icpusdt@depth@100ms/icpusdt@aggTrade, failure #1
2026-06-06 09:19:28.356 | INFO     | data.exchange_connector:start_websocket:342 - Reconnecting in 1.0s...
2026-06-06 09:19:29.372 | INFO     | data.exchange_connector:start_websocket:293 - Connecting to WebSocket: wss://data-stream.binance.vision/stream?streams=icpusdt@depth@100ms/icpusdt@aggTrade
2026-06-06 09:19:31.116 | INFO     | data.exchange_connector:start_websocket:302 - WebSocket connected: wss://data-stream.binance.vision/stream?streams=icpusdt@depth@100ms/icpusdt@aggTrade
2026-06-06 09:19:31.116 | INFO     | data.exchange_connector:start_websocket:305 - Fetching fresh order book snapshot...
2026-06-06 09:19:32.500 | INFO     | data.exchange_connector:_fetch_rest_snapshot:223 - Snapshot loaded: 691b/1000a, lastUpdateId=6361085051 [Resync #27]
2026-06-06 09:19:32.500 | INFO     | data.exchange_connector:_fetch_rest_snapshot:234 - Book synchronized. Total resyncs: 27
2026-06-06 09:19:32.500 | INFO     | data.exchange_connector:start_websocket:312 - Subscribed to market data streams
2026-06-06 09:21:04.939 | INFO     | data.exchange_connector:_process_message:423 - [WS MSGS] total=90500 depth=80756 aggTrade=9744 other=0
2026-06-06 09:22:03.587 | WARNING  | data.exchange_connector:start_websocket:328 - WebSocket closed (code=1006) on wss://data-stream.binance.vision/stream?streams=icpusdt@depth@100ms/icpusdt@aggTrade, failure #1
2026-06-06 09:22:03.587 | INFO     | data.exchange_connector:start_websocket:342 - Reconnecting in 1.0s...
2026-06-06 09:22:04.591 | INFO     | data.exchange_connector:start_websocket:293 - Connecting to WebSocket: wss://data-stream.binance.vision/stream?streams=icpusdt@depth@100ms/icpusdt@aggTrade
2026-06-06 09:22:05.556 | INFO     | data.exchange_connector:start_websocket:302 - WebSocket connected: wss://data-stream.binance.vision/stream?streams=icpusdt@depth@100ms/icpusdt@aggTrade
2026-06-06 09:22:05.556 | INFO     | data.exchange_connector:start_websocket:305 - Fetching fresh order book snapshot...
2026-06-06 09:22:06.781 | INFO     | data.exchange_connector:_fetch_rest_snapshot:223 - Snapshot loaded: 699b/1000a, lastUpdateId=6361092859 [Resync #28]
2026-06-06 09:22:06.781 | INFO     | data.exchange_connector:_fetch_rest_snapshot:234 - Book synchronized. Total resyncs: 28
2026-06-06 09:22:06.781 | INFO     | data.exchange_connector:start_websocket:312 - Subscribed to market data streams
2026-06-06 09:22:25.288 | INFO     | data.exchange_connector:_process_message:423 - [WS MSGS] total=91000 depth=81169 aggTrade=9831 other=0
2026-06-06 09:24:00.810 | INFO     | data.exchange_connector:_process_message:423 - [WS MSGS] total=91500 depth=81633 aggTrade=9867 other=0
2026-06-06 09:24:31.136 | INFO     | data.exchange_connector:_handle_trade:480 - [TRACE TRADE #10000] keys=['e', 'E', 's', 'a', 'p', 'q', 'f', 'l', 'T', 'm', 'M'] p=2.27900000 q=22.80000000 m=True
2026-06-06 09:25:15.506 | INFO     | data.exchange_connector:_process_message:423 - [WS MSGS] total=92000 depth=81974 aggTrade=10026 other=0
2026-06-06 09:25:42.132 | WARNING  | data.exchange_connector:start_websocket:328 - WebSocket closed (code=1006) on wss://data-stream.binance.vision/stream?streams=icpusdt@depth@100ms/icpusdt@aggTrade, failure #1
2026-06-06 09:25:42.132 | INFO     | data.exchange_connector:start_websocket:342 - Reconnecting in 1.0s...
2026-06-06 09:25:43.139 | INFO     | data.exchange_connector:start_websocket:293 - Connecting to WebSocket: wss://data-stream.binance.vision/stream?streams=icpusdt@depth@100ms/icpusdt@aggTrade
2026-06-06 09:25:43.675 | INFO     | data.exchange_connector:start_websocket:302 - WebSocket connected: wss://data-stream.binance.vision/stream?streams=icpusdt@depth@100ms/icpusdt@aggTrade
2026-06-06 09:25:43.675 | INFO     | data.exchange_connector:start_websocket:305 - Fetching fresh order book snapshot...
2026-06-06 09:25:44.886 | INFO     | data.exchange_connector:_fetch_rest_snapshot:223 - Snapshot loaded: 692b/1000a, lastUpdateId=6361101479 [Resync #29]
2026-06-06 09:25:44.886 | INFO     | data.exchange_connector:_fetch_rest_snapshot:234 - Book synchronized. Total resyncs: 29
2026-06-06 09:25:44.886 | INFO     | data.exchange_connector:start_websocket:312 - Subscribed to market data streams
2026-06-06 09:27:16.433 | INFO     | data.exchange_connector:_process_message:423 - [WS MSGS] total=92500 depth=82420 aggTrade=10080 other=0
2026-06-06 09:29:20.287 | WARNING  | data.exchange_connector:start_websocket:328 - WebSocket closed (code=1006) on wss://data-stream.binance.vision/stream?streams=icpusdt@depth@100ms/icpusdt@aggTrade, failure #1
2026-06-06 09:29:20.287 | INFO     | data.exchange_connector:start_websocket:342 - Reconnecting in 1.0s...
2026-06-06 09:29:21.289 | INFO     | data.exchange_connector:start_websocket:293 - Connecting to WebSocket: wss://data-stream.binance.vision/stream?streams=icpusdt@depth@100ms/icpusdt@aggTrade
2026-06-06 09:29:21.941 | INFO     | data.exchange_connector:start_websocket:302 - WebSocket connected: wss://data-stream.binance.vision/stream?streams=icpusdt@depth@100ms/icpusdt@aggTrade
2026-06-06 09:29:21.941 | INFO     | data.exchange_connector:start_websocket:305 - Fetching fresh order book snapshot...
2026-06-06 09:29:23.083 | INFO     | data.exchange_connector:_fetch_rest_snapshot:223 - Snapshot loaded: 697b/1000a, lastUpdateId=6361106855 [Resync #30]
2026-06-06 09:29:23.083 | INFO     | data.exchange_connector:_fetch_rest_snapshot:234 - Book synchronized. Total resyncs: 30
2026-06-06 09:29:23.083 | INFO     | data.exchange_connector:start_websocket:312 - Subscribed to market data streams
2026-06-06 09:30:15.789 | INFO     | data.exchange_connector:_process_message:423 - [WS MSGS] total=93000 depth=82879 aggTrade=10121 other=0
2026-06-06 09:32:11.836 | INFO     | data.exchange_connector:_process_message:423 - [WS MSGS] total=93500 depth=83343 aggTrade=10157 other=0
2026-06-06 09:32:57.708 | WARNING  | data.exchange_connector:start_websocket:328 - WebSocket closed (code=1006) on wss://data-stream.binance.vision/stream?streams=icpusdt@depth@100ms/icpusdt@aggTrade, failure #1
2026-06-06 09:32:57.712 | INFO     | data.exchange_connector:start_websocket:342 - Reconnecting in 1.0s...
2026-06-06 09:32:58.719 | INFO     | data.exchange_connector:start_websocket:293 - Connecting to WebSocket: wss://data-stream.binance.vision/stream?streams=icpusdt@depth@100ms/icpusdt@aggTrade
2026-06-06 09:32:59.179 | INFO     | data.exchange_connector:start_websocket:302 - WebSocket connected: wss://data-stream.binance.vision/stream?streams=icpusdt@depth@100ms/icpusdt@aggTrade
2026-06-06 09:32:59.183 | INFO     | data.exchange_connector:start_websocket:305 - Fetching fresh order book snapshot...
2026-06-06 09:33:00.372 | INFO     | data.exchange_connector:_fetch_rest_snapshot:223 - Snapshot loaded: 706b/1000a, lastUpdateId=6361114195 [Resync #31]
2026-06-06 09:33:00.372 | INFO     | data.exchange_connector:_fetch_rest_snapshot:234 - Book synchronized. Total resyncs: 31
2026-06-06 09:33:00.387 | INFO     | data.exchange_connector:start_websocket:312 - Subscribed to market data streams
2026-06-06 09:34:00.853 | INFO     | data.exchange_connector:_process_message:423 - [WS MSGS] total=94000 depth=83787 aggTrade=10213 other=0
2026-06-06 09:36:02.611 | INFO     | data.exchange_connector:_process_message:423 - [WS MSGS] total=94500 depth=84240 aggTrade=10260 other=0
2026-06-06 09:36:35.743 | WARNING  | data.exchange_connector:start_websocket:328 - WebSocket closed (code=1006) on wss://data-stream.binance.vision/stream?streams=icpusdt@depth@100ms/icpusdt@aggTrade, failure #1
2026-06-06 09:36:35.743 | INFO     | data.exchange_connector:start_websocket:342 - Reconnecting in 1.0s...
2026-06-06 09:36:36.742 | INFO     | data.exchange_connector:start_websocket:293 - Connecting to WebSocket: wss://data-stream.binance.vision/stream?streams=icpusdt@depth@100ms/icpusdt@aggTrade
2026-06-06 09:36:37.262 | INFO     | data.exchange_connector:start_websocket:302 - WebSocket connected: wss://data-stream.binance.vision/stream?streams=icpusdt@depth@100ms/icpusdt@aggTrade
2026-06-06 09:36:37.272 | INFO     | data.exchange_connector:start_websocket:305 - Fetching fresh order book snapshot...
2026-06-06 09:36:38.553 | INFO     | data.exchange_connector:_fetch_rest_snapshot:223 - Snapshot loaded: 712b/1000a, lastUpdateId=6361121820 [Resync #32]
2026-06-06 09:36:38.553 | INFO     | data.exchange_connector:_fetch_rest_snapshot:234 - Book synchronized. Total resyncs: 32
2026-06-06 09:36:38.553 | INFO     | data.exchange_connector:start_websocket:312 - Subscribed to market data streams
2026-06-06 09:38:01.595 | INFO     | data.exchange_connector:_process_message:423 - [WS MSGS] total=95000 depth=84683 aggTrade=10317 other=0
2026-06-06 09:39:24.612 | INFO     | data.exchange_connector:_process_message:423 - [WS MSGS] total=95500 depth=85124 aggTrade=10376 other=0
2026-06-06 09:40:12.051 | WARNING  | data.exchange_connector:start_websocket:328 - WebSocket closed (code=1006) on wss://data-stream.binance.vision/stream?streams=icpusdt@depth@100ms/icpusdt@aggTrade, failure #1
2026-06-06 09:40:12.051 | INFO     | data.exchange_connector:start_websocket:342 - Reconnecting in 1.0s...
2026-06-06 09:40:13.047 | INFO     | data.exchange_connector:start_websocket:293 - Connecting to WebSocket: wss://data-stream.binance.vision/stream?streams=icpusdt@depth@100ms/icpusdt@aggTrade
2026-06-06 09:40:13.601 | INFO     | data.exchange_connector:start_websocket:302 - WebSocket connected: wss://data-stream.binance.vision/stream?streams=icpusdt@depth@100ms/icpusdt@aggTrade
2026-06-06 09:40:13.601 | INFO     | data.exchange_connector:start_websocket:305 - Fetching fresh order book snapshot...
2026-06-06 09:40:14.844 | INFO     | data.exchange_connector:_fetch_rest_snapshot:223 - Snapshot loaded: 711b/1000a, lastUpdateId=6361130714 [Resync #33]
2026-06-06 09:40:14.851 | INFO     | data.exchange_connector:_fetch_rest_snapshot:234 - Book synchronized. Total resyncs: 33
2026-06-06 09:40:14.853 | INFO     | data.exchange_connector:start_websocket:312 - Subscribed to market data streams
2026-06-06 09:42:03.309 | INFO     | data.exchange_connector:_process_message:423 - [WS MSGS] total=96000 depth=85584 aggTrade=10416 other=0
2026-06-06 09:43:53.586 | WARNING  | data.exchange_connector:start_websocket:328 - WebSocket closed (code=1006) on wss://data-stream.binance.vision/stream?streams=icpusdt@depth@100ms/icpusdt@aggTrade, failure #1
2026-06-06 09:43:53.586 | INFO     | data.exchange_connector:start_websocket:342 - Reconnecting in 1.0s...
2026-06-06 09:43:54.586 | INFO     | data.exchange_connector:start_websocket:293 - Connecting to WebSocket: wss://data-stream.binance.vision/stream?streams=icpusdt@depth@100ms/icpusdt@aggTrade
2026-06-06 09:43:55.298 | INFO     | data.exchange_connector:start_websocket:302 - WebSocket connected: wss://data-stream.binance.vision/stream?streams=icpusdt@depth@100ms/icpusdt@aggTrade
2026-06-06 09:43:55.298 | INFO     | data.exchange_connector:start_websocket:305 - Fetching fresh order book snapshot...
2026-06-06 09:43:56.459 | INFO     | data.exchange_connector:_fetch_rest_snapshot:223 - Snapshot loaded: 702b/1000a, lastUpdateId=6361138202 [Resync #34]
2026-06-06 09:43:56.459 | INFO     | data.exchange_connector:_fetch_rest_snapshot:234 - Book synchronized. Total resyncs: 34
2026-06-06 09:43:56.459 | INFO     | data.exchange_connector:start_websocket:312 - Subscribed to market data streams
2026-06-06 09:43:56.459 | INFO     | data.exchange_connector:_process_message:423 - [WS MSGS] total=96500 depth=86017 aggTrade=10483 other=0
2026-06-06 09:44:06.383 | INFO     | data.exchange_connector:_handle_trade:480 - [TRACE TRADE #10500] keys=['e', 'E', 's', 'a', 'p', 'q', 'f', 'l', 'T', 'm', 'M'] p=2.29900000 q=7.35000000 m=True
2026-06-06 09:45:30.409 | INFO     | data.exchange_connector:_process_message:423 - [WS MSGS] total=97000 depth=86445 aggTrade=10555 other=0
2026-06-06 09:47:30.992 | WARNING  | data.exchange_connector:start_websocket:328 - WebSocket closed (code=1006) on wss://data-stream.binance.vision/stream?streams=icpusdt@depth@100ms/icpusdt@aggTrade, failure #1
2026-06-06 09:47:30.992 | INFO     | data.exchange_connector:start_websocket:342 - Reconnecting in 1.0s...
2026-06-06 09:47:31.998 | INFO     | data.exchange_connector:start_websocket:293 - Connecting to WebSocket: wss://data-stream.binance.vision/stream?streams=icpusdt@depth@100ms/icpusdt@aggTrade
2026-06-06 09:47:32.491 | INFO     | data.exchange_connector:start_websocket:302 - WebSocket connected: wss://data-stream.binance.vision/stream?streams=icpusdt@depth@100ms/icpusdt@aggTrade
2026-06-06 09:47:32.491 | INFO     | data.exchange_connector:start_websocket:305 - Fetching fresh order book snapshot...
2026-06-06 09:47:33.728 | INFO     | data.exchange_connector:_fetch_rest_snapshot:223 - Snapshot loaded: 704b/1000a, lastUpdateId=6361144704 [Resync #35]
2026-06-06 09:47:33.728 | INFO     | data.exchange_connector:_fetch_rest_snapshot:234 - Book synchronized. Total resyncs: 35
2026-06-06 09:47:33.736 | INFO     | data.exchange_connector:start_websocket:312 - Subscribed to market data streams
2026-06-06 09:47:56.414 | INFO     | data.exchange_connector:_process_message:423 - [WS MSGS] total=97500 depth=86911 aggTrade=10589 other=0
2026-06-06 09:49:44.408 | INFO     | data.exchange_connector:_process_message:423 - [WS MSGS] total=98000 depth=87347 aggTrade=10653 other=0
2026-06-06 09:51:09.044 | WARNING  | data.exchange_connector:start_websocket:328 - WebSocket closed (code=1006) on wss://data-stream.binance.vision/stream?streams=icpusdt@depth@100ms/icpusdt@aggTrade, failure #1
2026-06-06 09:51:09.044 | INFO     | data.exchange_connector:start_websocket:342 - Reconnecting in 1.0s...
2026-06-06 09:51:10.059 | INFO     | data.exchange_connector:start_websocket:293 - Connecting to WebSocket: wss://data-stream.binance.vision/stream?streams=icpusdt@depth@100ms/icpusdt@aggTrade
2026-06-06 09:51:10.566 | INFO     | data.exchange_connector:start_websocket:302 - WebSocket connected: wss://data-stream.binance.vision/stream?streams=icpusdt@depth@100ms/icpusdt@aggTrade
2026-06-06 09:51:10.566 | INFO     | data.exchange_connector:start_websocket:305 - Fetching fresh order book snapshot...
2026-06-06 09:51:11.746 | INFO     | data.exchange_connector:_fetch_rest_snapshot:223 - Snapshot loaded: 699b/1000a, lastUpdateId=6361152997 [Resync #36]
2026-06-06 09:51:11.746 | INFO     | data.exchange_connector:_fetch_rest_snapshot:234 - Book synchronized. Total resyncs: 36
2026-06-06 09:51:11.746 | INFO     | data.exchange_connector:start_websocket:312 - Subscribed to market data streams
2026-06-06 09:51:23.111 | INFO     | data.exchange_connector:_process_message:423 - [WS MSGS] total=98500 depth=87781 aggTrade=10719 other=0
2026-06-06 09:53:08.806 | INFO     | data.exchange_connector:_process_message:423 - [WS MSGS] total=99000 depth=88235 aggTrade=10765 other=0
2026-06-06 09:54:47.100 | WARNING  | data.exchange_connector:start_websocket:328 - WebSocket closed (code=1006) on wss://data-stream.binance.vision/stream?streams=icpusdt@depth@100ms/icpusdt@aggTrade, failure #1
2026-06-06 09:54:47.100 | INFO     | data.exchange_connector:start_websocket:342 - Reconnecting in 1.0s...
2026-06-06 09:54:48.128 | INFO     | data.exchange_connector:start_websocket:293 - Connecting to WebSocket: wss://data-stream.binance.vision/stream?streams=icpusdt@depth@100ms/icpusdt@aggTrade
2026-06-06 09:54:48.697 | INFO     | data.exchange_connector:start_websocket:302 - WebSocket connected: wss://data-stream.binance.vision/stream?streams=icpusdt@depth@100ms/icpusdt@aggTrade
2026-06-06 09:54:48.697 | INFO     | data.exchange_connector:start_websocket:305 - Fetching fresh order book snapshot...
2026-06-06 09:54:49.981 | INFO     | data.exchange_connector:_fetch_rest_snapshot:223 - Snapshot loaded: 695b/1000a, lastUpdateId=6361160879 [Resync #37]
2026-06-06 09:54:49.981 | INFO     | data.exchange_connector:_fetch_rest_snapshot:234 - Book synchronized. Total resyncs: 37
2026-06-06 09:54:49.981 | INFO     | data.exchange_connector:start_websocket:312 - Subscribed to market data streams
2026-06-06 09:55:20.014 | INFO     | data.exchange_connector:_process_message:423 - [WS MSGS] total=99500 depth=88696 aggTrade=10804 other=0
2026-06-06 09:57:27.910 | INFO     | data.exchange_connector:_process_message:423 - [WS MSGS] total=100000 depth=89144 aggTrade=10856 other=0
2026-06-06 09:58:24.419 | WARNING  | data.exchange_connector:start_websocket:328 - WebSocket closed (code=1006) on wss://data-stream.binance.vision/stream?streams=icpusdt@depth@100ms/icpusdt@aggTrade, failure #1
2026-06-06 09:58:24.419 | INFO     | data.exchange_connector:start_websocket:342 - Reconnecting in 1.0s...
2026-06-06 09:58:25.426 | INFO     | data.exchange_connector:start_websocket:293 - Connecting to WebSocket: wss://data-stream.binance.vision/stream?streams=icpusdt@depth@100ms/icpusdt@aggTrade
2026-06-06 09:58:25.838 | INFO     | data.exchange_connector:start_websocket:302 - WebSocket connected: wss://data-stream.binance.vision/stream?streams=icpusdt@depth@100ms/icpusdt@aggTrade
2026-06-06 09:58:25.838 | INFO     | data.exchange_connector:start_websocket:305 - Fetching fresh order book snapshot...
2026-06-06 09:58:26.969 | INFO     | data.exchange_connector:_fetch_rest_snapshot:223 - Snapshot loaded: 691b/1000a, lastUpdateId=6361168584 [Resync #38]
2026-06-06 09:58:26.969 | INFO     | data.exchange_connector:_fetch_rest_snapshot:234 - Book synchronized. Total resyncs: 38
2026-06-06 09:58:26.975 | INFO     | data.exchange_connector:start_websocket:312 - Subscribed to market data streams
2026-06-06 10:00:07.514 | INFO     | data.exchange_connector:_process_message:423 - [WS MSGS] total=100500 depth=89591 aggTrade=10909 other=0
2026-06-06 10:02:05.615 | WARNING  | data.exchange_connector:start_websocket:328 - WebSocket closed (code=1006) on wss://data-stream.binance.vision/stream?streams=icpusdt@depth@100ms/icpusdt@aggTrade, failure #1
2026-06-06 10:02:05.615 | INFO     | data.exchange_connector:start_websocket:342 - Reconnecting in 1.0s...
2026-06-06 10:02:06.610 | INFO     | data.exchange_connector:start_websocket:293 - Connecting to WebSocket: wss://data-stream.binance.vision/stream?streams=icpusdt@depth@100ms/icpusdt@aggTrade
2026-06-06 10:02:06.998 | INFO     | data.exchange_connector:start_websocket:302 - WebSocket connected: wss://data-stream.binance.vision/stream?streams=icpusdt@depth@100ms/icpusdt@aggTrade
2026-06-06 10:02:06.998 | INFO     | data.exchange_connector:start_websocket:305 - Fetching fresh order book snapshot...
2026-06-06 10:02:08.258 | INFO     | data.exchange_connector:_fetch_rest_snapshot:223 - Snapshot loaded: 691b/1000a, lastUpdateId=6361173605 [Resync #39]
2026-06-06 10:02:08.258 | INFO     | data.exchange_connector:_fetch_rest_snapshot:234 - Book synchronized. Total resyncs: 39
2026-06-06 10:02:08.258 | INFO     | data.exchange_connector:start_websocket:312 - Subscribed to market data streams
2026-06-06 10:02:32.117 | INFO     | data.exchange_connector:_process_message:423 - [WS MSGS] total=101000 depth=90048 aggTrade=10952 other=0
2026-06-06 10:05:04.612 | INFO     | data.exchange_connector:_process_message:423 - [WS MSGS] total=101500 depth=90518 aggTrade=10982 other=0
2026-06-06 10:05:47.647 | WARNING  | data.exchange_connector:start_websocket:328 - WebSocket closed (code=1006) on wss://data-stream.binance.vision/stream?streams=icpusdt@depth@100ms/icpusdt@aggTrade, failure #1
2026-06-06 10:05:47.647 | INFO     | data.exchange_connector:start_websocket:342 - Reconnecting in 1.0s...
2026-06-06 10:05:48.662 | INFO     | data.exchange_connector:start_websocket:293 - Connecting to WebSocket: wss://data-stream.binance.vision/stream?streams=icpusdt@depth@100ms/icpusdt@aggTrade
2026-06-06 10:05:49.151 | INFO     | data.exchange_connector:start_websocket:302 - WebSocket connected: wss://data-stream.binance.vision/stream?streams=icpusdt@depth@100ms/icpusdt@aggTrade
2026-06-06 10:05:49.151 | INFO     | data.exchange_connector:start_websocket:305 - Fetching fresh order book snapshot...
2026-06-06 10:05:50.311 | INFO     | data.exchange_connector:_fetch_rest_snapshot:223 - Snapshot loaded: 693b/1000a, lastUpdateId=6361178531 [Resync #40]
2026-06-06 10:05:50.311 | INFO     | data.exchange_connector:_fetch_rest_snapshot:234 - Book synchronized. Total resyncs: 40
2026-06-06 10:05:50.311 | INFO     | data.exchange_connector:start_websocket:312 - Subscribed to market data streams
2026-06-06 10:05:58.418 | INFO     | data.exchange_connector:_handle_trade:480 - [TRACE TRADE #11000] keys=['e', 'E', 's', 'a', 'p', 'q', 'f', 'l', 'T', 'm', 'M'] p=2.28300000 q=18.18000000 m=True
2026-06-06 10:07:20.316 | INFO     | data.exchange_connector:_process_message:423 - [WS MSGS] total=102000 depth=90980 aggTrade=11020 other=0
2026-06-06 10:08:29.558 | INFO     | data.exchange_connector:_process_message:423 - [WS MSGS] total=102500 depth=91373 aggTrade=11127 other=0
2026-06-06 10:09:26.362 | WARNING  | data.exchange_connector:start_websocket:328 - WebSocket closed (code=1006) on wss://data-stream.binance.vision/stream?streams=icpusdt@depth@100ms/icpusdt@aggTrade, failure #1
2026-06-06 10:09:26.364 | INFO     | data.exchange_connector:start_websocket:342 - Reconnecting in 1.0s...
2026-06-06 10:09:27.363 | INFO     | data.exchange_connector:start_websocket:293 - Connecting to WebSocket: wss://data-stream.binance.vision/stream?streams=icpusdt@depth@100ms/icpusdt@aggTrade
2026-06-06 10:09:27.695 | INFO     | data.exchange_connector:start_websocket:302 - WebSocket connected: wss://data-stream.binance.vision/stream?streams=icpusdt@depth@100ms/icpusdt@aggTrade
2026-06-06 10:09:27.695 | INFO     | data.exchange_connector:start_websocket:305 - Fetching fresh order book snapshot...
2026-06-06 10:09:29.086 | INFO     | data.exchange_connector:_fetch_rest_snapshot:223 - Snapshot loaded: 705b/1000a, lastUpdateId=6361188254 [Resync #41]
2026-06-06 10:09:29.086 | INFO     | data.exchange_connector:_fetch_rest_snapshot:234 - Book synchronized. Total resyncs: 41
2026-06-06 10:09:29.086 | INFO     | data.exchange_connector:start_websocket:312 - Subscribed to market data streams
2026-06-06 10:10:36.578 | INFO     | data.exchange_connector:_process_message:423 - [WS MSGS] total=103000 depth=91840 aggTrade=11160 other=0
2026-06-06 10:12:22.015 | INFO     | data.exchange_connector:_process_message:423 - [WS MSGS] total=103500 depth=92294 aggTrade=11206 other=0
2026-06-06 10:13:03.481 | WARNING  | data.exchange_connector:start_websocket:328 - WebSocket closed (code=1006) on wss://data-stream.binance.vision/stream?streams=icpusdt@depth@100ms/icpusdt@aggTrade, failure #1
2026-06-06 10:13:03.481 | INFO     | data.exchange_connector:start_websocket:342 - Reconnecting in 1.0s...
2026-06-06 10:13:04.485 | INFO     | data.exchange_connector:start_websocket:293 - Connecting to WebSocket: wss://data-stream.binance.vision/stream?streams=icpusdt@depth@100ms/icpusdt@aggTrade
2026-06-06 10:13:04.897 | INFO     | data.exchange_connector:start_websocket:302 - WebSocket connected: wss://data-stream.binance.vision/stream?streams=icpusdt@depth@100ms/icpusdt@aggTrade
2026-06-06 10:13:04.897 | INFO     | data.exchange_connector:start_websocket:305 - Fetching fresh order book snapshot...
2026-06-06 10:13:05.975 | INFO     | data.exchange_connector:_fetch_rest_snapshot:223 - Snapshot loaded: 705b/1000a, lastUpdateId=6361195402 [Resync #42]
2026-06-06 10:13:05.975 | INFO     | data.exchange_connector:_fetch_rest_snapshot:234 - Book synchronized. Total resyncs: 42
2026-06-06 10:13:05.975 | INFO     | data.exchange_connector:start_websocket:312 - Subscribed to market data streams
2026-06-06 10:15:04.008 | INFO     | data.exchange_connector:_process_message:423 - [WS MSGS] total=104000 depth=92736 aggTrade=11264 other=0
2026-06-06 10:16:44.009 | WARNING  | data.exchange_connector:start_websocket:328 - WebSocket closed (code=1006) on wss://data-stream.binance.vision/stream?streams=icpusdt@depth@100ms/icpusdt@aggTrade, failure #1
2026-06-06 10:16:44.009 | INFO     | data.exchange_connector:start_websocket:342 - Reconnecting in 1.0s...
2026-06-06 10:16:45.026 | INFO     | data.exchange_connector:start_websocket:293 - Connecting to WebSocket: wss://data-stream.binance.vision/stream?streams=icpusdt@depth@100ms/icpusdt@aggTrade
2026-06-06 10:16:45.380 | INFO     | data.exchange_connector:start_websocket:302 - WebSocket connected: wss://data-stream.binance.vision/stream?streams=icpusdt@depth@100ms/icpusdt@aggTrade
2026-06-06 10:16:45.380 | INFO     | data.exchange_connector:start_websocket:305 - Fetching fresh order book snapshot...
2026-06-06 10:16:46.540 | INFO     | data.exchange_connector:_fetch_rest_snapshot:223 - Snapshot loaded: 712b/1000a, lastUpdateId=6361203207 [Resync #43]
2026-06-06 10:16:46.540 | INFO     | data.exchange_connector:_fetch_rest_snapshot:234 - Book synchronized. Total resyncs: 43
2026-06-06 10:16:46.540 | INFO     | data.exchange_connector:start_websocket:312 - Subscribed to market data streams
2026-06-06 10:16:51.815 | INFO     | data.exchange_connector:_process_message:423 - [WS MSGS] total=104500 depth=93182 aggTrade=11318 other=0
2026-06-06 10:18:42.220 | INFO     | data.exchange_connector:_process_message:423 - [WS MSGS] total=105000 depth=93630 aggTrade=11370 other=0
2026-06-06 10:20:21.097 | WARNING  | data.exchange_connector:start_websocket:328 - WebSocket closed (code=1006) on wss://data-stream.binance.vision/stream?streams=icpusdt@depth@100ms/icpusdt@aggTrade, failure #1
2026-06-06 10:20:21.100 | INFO     | data.exchange_connector:start_websocket:342 - Reconnecting in 1.0s...
2026-06-06 10:20:22.099 | INFO     | data.exchange_connector:start_websocket:293 - Connecting to WebSocket: wss://data-stream.binance.vision/stream?streams=icpusdt@depth@100ms/icpusdt@aggTrade
2026-06-06 10:20:22.619 | INFO     | data.exchange_connector:start_websocket:302 - WebSocket connected: wss://data-stream.binance.vision/stream?streams=icpusdt@depth@100ms/icpusdt@aggTrade
2026-06-06 10:20:22.619 | INFO     | data.exchange_connector:start_websocket:305 - Fetching fresh order book snapshot...
2026-06-06 10:20:23.818 | INFO     | data.exchange_connector:_fetch_rest_snapshot:223 - Snapshot loaded: 707b/1000a, lastUpdateId=6361209935 [Resync #44]
2026-06-06 10:20:23.818 | INFO     | data.exchange_connector:_fetch_rest_snapshot:234 - Book synchronized. Total resyncs: 44
2026-06-06 10:20:23.818 | INFO     | data.exchange_connector:start_websocket:312 - Subscribed to market data streams
2026-06-06 10:21:07.299 | INFO     | data.exchange_connector:_process_message:423 - [WS MSGS] total=105500 depth=94099 aggTrade=11401 other=0
2026-06-06 10:23:20.105 | INFO     | data.exchange_connector:_process_message:423 - [WS MSGS] total=106000 depth=94577 aggTrade=11423 other=0
2026-06-06 10:23:58.413 | WARNING  | data.exchange_connector:start_websocket:328 - WebSocket closed (code=1006) on wss://data-stream.binance.vision/stream?streams=icpusdt@depth@100ms/icpusdt@aggTrade, failure #1
2026-06-06 10:23:58.413 | INFO     | data.exchange_connector:start_websocket:342 - Reconnecting in 1.0s...
2026-06-06 10:23:59.424 | INFO     | data.exchange_connector:start_websocket:293 - Connecting to WebSocket: wss://data-stream.binance.vision/stream?streams=icpusdt@depth@100ms/icpusdt@aggTrade
2026-06-06 10:23:59.977 | INFO     | data.exchange_connector:start_websocket:302 - WebSocket connected: wss://data-stream.binance.vision/stream?streams=icpusdt@depth@100ms/icpusdt@aggTrade
2026-06-06 10:23:59.977 | INFO     | data.exchange_connector:start_websocket:305 - Fetching fresh order book snapshot...
2026-06-06 10:24:01.196 | INFO     | data.exchange_connector:_fetch_rest_snapshot:223 - Snapshot loaded: 700b/1000a, lastUpdateId=6361214694 [Resync #45]
2026-06-06 10:24:01.196 | INFO     | data.exchange_connector:_fetch_rest_snapshot:234 - Book synchronized. Total resyncs: 45
2026-06-06 10:24:01.196 | INFO     | data.exchange_connector:start_websocket:312 - Subscribed to market data streams
2026-06-06 10:25:46.616 | INFO     | data.exchange_connector:_process_message:423 - [WS MSGS] total=106500 depth=95038 aggTrade=11462 other=0
2026-06-06 10:27:36.488 | WARNING  | data.exchange_connector:start_websocket:328 - WebSocket closed (code=1006) on wss://data-stream.binance.vision/stream?streams=icpusdt@depth@100ms/icpusdt@aggTrade, failure #1
2026-06-06 10:27:36.490 | INFO     | data.exchange_connector:start_websocket:342 - Reconnecting in 1.0s...
2026-06-06 10:27:37.492 | INFO     | data.exchange_connector:start_websocket:293 - Connecting to WebSocket: wss://data-stream.binance.vision/stream?streams=icpusdt@depth@100ms/icpusdt@aggTrade
2026-06-06 10:27:38.076 | INFO     | data.exchange_connector:start_websocket:302 - WebSocket connected: wss://data-stream.binance.vision/stream?streams=icpusdt@depth@100ms/icpusdt@aggTrade
2026-06-06 10:27:38.092 | INFO     | data.exchange_connector:start_websocket:305 - Fetching fresh order book snapshot...
2026-06-06 10:27:39.412 | INFO     | data.exchange_connector:_fetch_rest_snapshot:223 - Snapshot loaded: 694b/1000a, lastUpdateId=6361218898 [Resync #46]
2026-06-06 10:27:39.412 | INFO     | data.exchange_connector:_fetch_rest_snapshot:234 - Book synchronized. Total resyncs: 46
2026-06-06 10:27:39.412 | INFO     | data.exchange_connector:start_websocket:312 - Subscribed to market data streams
2026-06-06 10:29:21.104 | INFO     | data.exchange_connector:_process_message:423 - [WS MSGS] total=107000 depth=95501 aggTrade=11499 other=0
2026-06-06 10:29:29.358 | INFO     | data.exchange_connector:_handle_trade:480 - [TRACE TRADE #11500] keys=['e', 'E', 's', 'a', 'p', 'q', 'f', 'l', 'T', 'm', 'M'] p=2.28700000 q=5.00000000 m=False
2026-06-06 10:31:13.777 | WARNING  | data.exchange_connector:start_websocket:328 - WebSocket closed (code=1006) on wss://data-stream.binance.vision/stream?streams=icpusdt@depth@100ms/icpusdt@aggTrade, failure #1
2026-06-06 10:31:13.779 | INFO     | data.exchange_connector:start_websocket:342 - Reconnecting in 1.0s...
2026-06-06 10:31:14.782 | INFO     | data.exchange_connector:start_websocket:293 - Connecting to WebSocket: wss://data-stream.binance.vision/stream?streams=icpusdt@depth@100ms/icpusdt@aggTrade
2026-06-06 10:31:15.386 | INFO     | data.exchange_connector:start_websocket:302 - WebSocket connected: wss://data-stream.binance.vision/stream?streams=icpusdt@depth@100ms/icpusdt@aggTrade
2026-06-06 10:31:15.387 | INFO     | data.exchange_connector:start_websocket:305 - Fetching fresh order book snapshot...
2026-06-06 10:31:16.691 | INFO     | data.exchange_connector:_fetch_rest_snapshot:223 - Snapshot loaded: 700b/1000a, lastUpdateId=6361222762 [Resync #47]
2026-06-06 10:31:16.691 | INFO     | data.exchange_connector:_fetch_rest_snapshot:234 - Book synchronized. Total resyncs: 47
2026-06-06 10:31:16.691 | INFO     | data.exchange_connector:start_websocket:312 - Subscribed to market data streams
2026-06-06 10:32:57.206 | INFO     | data.exchange_connector:_process_message:423 - [WS MSGS] total=107500 depth=95970 aggTrade=11530 other=0
2026-06-06 10:34:51.094 | WARNING  | data.exchange_connector:start_websocket:328 - WebSocket closed (code=1006) on wss://data-stream.binance.vision/stream?streams=icpusdt@depth@100ms/icpusdt@aggTrade, failure #1
2026-06-06 10:34:51.094 | INFO     | data.exchange_connector:start_websocket:342 - Reconnecting in 1.0s...
2026-06-06 10:34:52.108 | INFO     | data.exchange_connector:start_websocket:293 - Connecting to WebSocket: wss://data-stream.binance.vision/stream?streams=icpusdt@depth@100ms/icpusdt@aggTrade
2026-06-06 10:34:52.615 | INFO     | data.exchange_connector:start_websocket:302 - WebSocket connected: wss://data-stream.binance.vision/stream?streams=icpusdt@depth@100ms/icpusdt@aggTrade
2026-06-06 10:34:52.627 | INFO     | data.exchange_connector:start_websocket:305 - Fetching fresh order book snapshot...
2026-06-06 10:34:53.804 | INFO     | data.exchange_connector:_fetch_rest_snapshot:223 - Snapshot loaded: 697b/1000a, lastUpdateId=6361226542 [Resync #48]
2026-06-06 10:34:53.804 | INFO     | data.exchange_connector:_fetch_rest_snapshot:234 - Book synchronized. Total resyncs: 48
2026-06-06 10:34:53.804 | INFO     | data.exchange_connector:start_websocket:312 - Subscribed to market data streams
2026-06-06 10:35:47.820 | INFO     | data.exchange_connector:_process_message:423 - [WS MSGS] total=108000 depth=96438 aggTrade=11562 other=0
2026-06-06 10:38:31.520 | WARNING  | data.exchange_connector:start_websocket:328 - WebSocket closed (code=1006) on wss://data-stream.binance.vision/stream?streams=icpusdt@depth@100ms/icpusdt@aggTrade, failure #1
2026-06-06 10:38:31.520 | INFO     | data.exchange_connector:start_websocket:342 - Reconnecting in 1.0s...
2026-06-06 10:38:32.532 | INFO     | data.exchange_connector:start_websocket:293 - Connecting to WebSocket: wss://data-stream.binance.vision/stream?streams=icpusdt@depth@100ms/icpusdt@aggTrade
2026-06-06 10:38:33.025 | INFO     | data.exchange_connector:start_websocket:302 - WebSocket connected: wss://data-stream.binance.vision/stream?streams=icpusdt@depth@100ms/icpusdt@aggTrade
2026-06-06 10:38:33.025 | INFO     | data.exchange_connector:start_websocket:305 - Fetching fresh order book snapshot...
2026-06-06 10:38:34.293 | INFO     | data.exchange_connector:_fetch_rest_snapshot:223 - Snapshot loaded: 696b/1000a, lastUpdateId=6361231545 [Resync #49]
2026-06-06 10:38:34.293 | INFO     | data.exchange_connector:_fetch_rest_snapshot:234 - Book synchronized. Total resyncs: 49
2026-06-06 10:38:34.293 | INFO     | data.exchange_connector:start_websocket:312 - Subscribed to market data streams
2026-06-06 10:38:43.614 | INFO     | data.exchange_connector:_process_message:423 - [WS MSGS] total=108500 depth=96902 aggTrade=11598 other=0
2026-06-06 10:41:28.408 | INFO     | data.exchange_connector:_process_message:423 - [WS MSGS] total=109000 depth=97366 aggTrade=11634 other=0
2026-06-06 10:42:08.789 | WARNING  | data.exchange_connector:start_websocket:328 - WebSocket closed (code=1006) on wss://data-stream.binance.vision/stream?streams=icpusdt@depth@100ms/icpusdt@aggTrade, failure #1
2026-06-06 10:42:08.792 | INFO     | data.exchange_connector:start_websocket:342 - Reconnecting in 1.0s...
2026-06-06 10:42:09.796 | INFO     | data.exchange_connector:start_websocket:293 - Connecting to WebSocket: wss://data-stream.binance.vision/stream?streams=icpusdt@depth@100ms/icpusdt@aggTrade
2026-06-06 10:42:10.520 | INFO     | data.exchange_connector:start_websocket:302 - WebSocket connected: wss://data-stream.binance.vision/stream?streams=icpusdt@depth@100ms/icpusdt@aggTrade
2026-06-06 10:42:10.520 | INFO     | data.exchange_connector:start_websocket:305 - Fetching fresh order book snapshot...
2026-06-06 10:42:11.639 | INFO     | data.exchange_connector:_fetch_rest_snapshot:223 - Snapshot loaded: 701b/1000a, lastUpdateId=6361235670 [Resync #50]
2026-06-06 10:42:11.639 | INFO     | data.exchange_connector:_fetch_rest_snapshot:234 - Book synchronized. Total resyncs: 50
2026-06-06 10:42:11.648 | INFO     | data.exchange_connector:start_websocket:312 - Subscribed to market data streams
2026-06-06 10:44:02.821 | INFO     | data.exchange_connector:_process_message:423 - [WS MSGS] total=109500 depth=97820 aggTrade=11680 other=0
2026-06-06 10:45:47.690 | WARNING  | data.exchange_connector:start_websocket:328 - WebSocket closed (code=1006) on wss://data-stream.binance.vision/stream?streams=icpusdt@depth@100ms/icpusdt@aggTrade, failure #1
2026-06-06 10:45:47.690 | INFO     | data.exchange_connector:start_websocket:342 - Reconnecting in 1.0s...
2026-06-06 10:45:48.691 | INFO     | data.exchange_connector:start_websocket:293 - Connecting to WebSocket: wss://data-stream.binance.vision/stream?streams=icpusdt@depth@100ms/icpusdt@aggTrade
2026-06-06 10:45:49.338 | INFO     | data.exchange_connector:start_websocket:302 - WebSocket connected: wss://data-stream.binance.vision/stream?streams=icpusdt@depth@100ms/icpusdt@aggTrade
2026-06-06 10:45:49.338 | INFO     | data.exchange_connector:start_websocket:305 - Fetching fresh order book snapshot...
2026-06-06 10:45:50.464 | INFO     | data.exchange_connector:_fetch_rest_snapshot:223 - Snapshot loaded: 700b/1000a, lastUpdateId=6361241670 [Resync #51]
2026-06-06 10:45:50.464 | INFO     | data.exchange_connector:_fetch_rest_snapshot:234 - Book synchronized. Total resyncs: 51
2026-06-06 10:45:50.464 | INFO     | data.exchange_connector:start_websocket:312 - Subscribed to market data streams
2026-06-06 10:46:45.231 | INFO     | data.exchange_connector:_process_message:423 - [WS MSGS] total=110000 depth=98281 aggTrade=11719 other=0
2026-06-06 10:49:30.763 | WARNING  | data.exchange_connector:start_websocket:328 - WebSocket closed (code=1006) on wss://data-stream.binance.vision/stream?streams=icpusdt@depth@100ms/icpusdt@aggTrade, failure #1
2026-06-06 10:49:30.763 | INFO     | data.exchange_connector:start_websocket:342 - Reconnecting in 1.0s...
2026-06-06 10:49:31.777 | INFO     | data.exchange_connector:start_websocket:293 - Connecting to WebSocket: wss://data-stream.binance.vision/stream?streams=icpusdt@depth@100ms/icpusdt@aggTrade
2026-06-06 10:49:32.339 | INFO     | data.exchange_connector:start_websocket:302 - WebSocket connected: wss://data-stream.binance.vision/stream?streams=icpusdt@depth@100ms/icpusdt@aggTrade
2026-06-06 10:49:32.339 | INFO     | data.exchange_connector:start_websocket:305 - Fetching fresh order book snapshot...
2026-06-06 10:49:33.534 | INFO     | data.exchange_connector:_fetch_rest_snapshot:223 - Snapshot loaded: 697b/1000a, lastUpdateId=6361245767 [Resync #52]
2026-06-06 10:49:33.534 | INFO     | data.exchange_connector:_fetch_rest_snapshot:234 - Book synchronized. Total resyncs: 52
2026-06-06 10:49:33.534 | INFO     | data.exchange_connector:start_websocket:312 - Subscribed to market data streams
2026-06-06 10:50:01.136 | INFO     | data.exchange_connector:_process_message:423 - [WS MSGS] total=110500 depth=98751 aggTrade=11749 other=0
2026-06-06 10:53:08.953 | WARNING  | data.exchange_connector:start_websocket:328 - WebSocket closed (code=1006) on wss://data-stream.binance.vision/stream?streams=icpusdt@depth@100ms/icpusdt@aggTrade, failure #1
2026-06-06 10:53:08.953 | INFO     | data.exchange_connector:start_websocket:342 - Reconnecting in 1.0s...
2026-06-06 10:53:09.951 | INFO     | data.exchange_connector:start_websocket:293 - Connecting to WebSocket: wss://data-stream.binance.vision/stream?streams=icpusdt@depth@100ms/icpusdt@aggTrade
2026-06-06 10:53:10.648 | INFO     | data.exchange_connector:start_websocket:302 - WebSocket connected: wss://data-stream.binance.vision/stream?streams=icpusdt@depth@100ms/icpusdt@aggTrade
2026-06-06 10:53:10.648 | INFO     | data.exchange_connector:start_websocket:305 - Fetching fresh order book snapshot...
2026-06-06 10:53:11.975 | INFO     | data.exchange_connector:_fetch_rest_snapshot:223 - Snapshot loaded: 702b/1000a, lastUpdateId=6361248473 [Resync #53]
2026-06-06 10:53:11.975 | INFO     | data.exchange_connector:_fetch_rest_snapshot:234 - Book synchronized. Total resyncs: 53
2026-06-06 10:53:11.990 | INFO     | data.exchange_connector:start_websocket:312 - Subscribed to market data streams
2026-06-06 10:53:42.316 | INFO     | data.exchange_connector:_process_message:423 - [WS MSGS] total=111000 depth=99221 aggTrade=11779 other=0
2026-06-06 10:56:46.693 | WARNING  | data.exchange_connector:start_websocket:328 - WebSocket closed (code=1006) on wss://data-stream.binance.vision/stream?streams=icpusdt@depth@100ms/icpusdt@aggTrade, failure #1
2026-06-06 10:56:46.695 | INFO     | data.exchange_connector:start_websocket:342 - Reconnecting in 1.0s...
2026-06-06 10:56:47.708 | INFO     | data.exchange_connector:start_websocket:293 - Connecting to WebSocket: wss://data-stream.binance.vision/stream?streams=icpusdt@depth@100ms/icpusdt@aggTrade
2026-06-06 10:56:48.308 | INFO     | data.exchange_connector:start_websocket:302 - WebSocket connected: wss://data-stream.binance.vision/stream?streams=icpusdt@depth@100ms/icpusdt@aggTrade
2026-06-06 10:56:48.308 | INFO     | data.exchange_connector:start_websocket:305 - Fetching fresh order book snapshot...
2026-06-06 10:56:49.455 | INFO     | data.exchange_connector:_fetch_rest_snapshot:223 - Snapshot loaded: 708b/1000a, lastUpdateId=6361252073 [Resync #54]
2026-06-06 10:56:49.471 | INFO     | data.exchange_connector:_fetch_rest_snapshot:234 - Book synchronized. Total resyncs: 54
2026-06-06 10:56:49.471 | INFO     | data.exchange_connector:start_websocket:312 - Subscribed to market data streams
2026-06-06 10:56:49.787 | INFO     | data.exchange_connector:_process_message:423 - [WS MSGS] total=111500 depth=99676 aggTrade=11824 other=0
2026-06-06 11:00:23.393 | WARNING  | data.exchange_connector:start_websocket:328 - WebSocket closed (code=1006) on wss://data-stream.binance.vision/stream?streams=icpusdt@depth@100ms/icpusdt@aggTrade, failure #1
2026-06-06 11:00:23.393 | INFO     | data.exchange_connector:start_websocket:342 - Reconnecting in 1.0s...
2026-06-06 11:00:24.395 | INFO     | data.exchange_connector:start_websocket:293 - Connecting to WebSocket: wss://data-stream.binance.vision/stream?streams=icpusdt@depth@100ms/icpusdt@aggTrade
2026-06-06 11:00:24.906 | INFO     | data.exchange_connector:start_websocket:302 - WebSocket connected: wss://data-stream.binance.vision/stream?streams=icpusdt@depth@100ms/icpusdt@aggTrade
2026-06-06 11:00:24.906 | INFO     | data.exchange_connector:start_websocket:305 - Fetching fresh order book snapshot...
2026-06-06 11:00:26.081 | INFO     | data.exchange_connector:_fetch_rest_snapshot:223 - Snapshot loaded: 707b/1000a, lastUpdateId=6361256255 [Resync #55]
2026-06-06 11:00:26.081 | INFO     | data.exchange_connector:_fetch_rest_snapshot:234 - Book synchronized. Total resyncs: 55
2026-06-06 11:00:26.081 | INFO     | data.exchange_connector:start_websocket:312 - Subscribed to market data streams
2026-06-06 11:00:30.728 | INFO     | data.exchange_connector:_process_message:423 - [WS MSGS] total=112000 depth=100110 aggTrade=11890 other=0
2026-06-06 11:02:25.735 | INFO     | data.exchange_connector:_process_message:423 - [WS MSGS] total=112500 depth=100565 aggTrade=11935 other=0
2026-06-06 11:04:00.707 | WARNING  | data.exchange_connector:start_websocket:328 - WebSocket closed (code=1006) on wss://data-stream.binance.vision/stream?streams=icpusdt@depth@100ms/icpusdt@aggTrade, failure #1
2026-06-06 11:04:00.707 | INFO     | data.exchange_connector:start_websocket:342 - Reconnecting in 1.0s...
2026-06-06 11:04:01.709 | INFO     | data.exchange_connector:start_websocket:293 - Connecting to WebSocket: wss://data-stream.binance.vision/stream?streams=icpusdt@depth@100ms/icpusdt@aggTrade
2026-06-06 11:04:02.214 | INFO     | data.exchange_connector:start_websocket:302 - WebSocket connected: wss://data-stream.binance.vision/stream?streams=icpusdt@depth@100ms/icpusdt@aggTrade
2026-06-06 11:04:02.214 | INFO     | data.exchange_connector:start_websocket:305 - Fetching fresh order book snapshot...
2026-06-06 11:04:03.476 | INFO     | data.exchange_connector:_fetch_rest_snapshot:223 - Snapshot loaded: 701b/1000a, lastUpdateId=6361262524 [Resync #56]
2026-06-06 11:04:03.476 | INFO     | data.exchange_connector:_fetch_rest_snapshot:234 - Book synchronized. Total resyncs: 56
2026-06-06 11:04:03.476 | INFO     | data.exchange_connector:start_websocket:312 - Subscribed to market data streams
2026-06-06 11:05:23.718 | INFO     | data.exchange_connector:_process_message:423 - [WS MSGS] total=113000 depth=101034 aggTrade=11966 other=0
2026-06-06 11:07:38.722 | WARNING  | data.exchange_connector:start_websocket:328 - WebSocket closed (code=1006) on wss://data-stream.binance.vision/stream?streams=icpusdt@depth@100ms/icpusdt@aggTrade, failure #1
2026-06-06 11:07:38.722 | INFO     | data.exchange_connector:start_websocket:342 - Reconnecting in 1.0s...
2026-06-06 11:07:39.736 | INFO     | data.exchange_connector:start_websocket:293 - Connecting to WebSocket: wss://data-stream.binance.vision/stream?streams=icpusdt@depth@100ms/icpusdt@aggTrade
2026-06-06 11:07:40.415 | INFO     | data.exchange_connector:start_websocket:302 - WebSocket connected: wss://data-stream.binance.vision/stream?streams=icpusdt@depth@100ms/icpusdt@aggTrade
2026-06-06 11:07:40.427 | INFO     | data.exchange_connector:start_websocket:305 - Fetching fresh order book snapshot...
2026-06-06 11:07:41.685 | INFO     | data.exchange_connector:_fetch_rest_snapshot:223 - Snapshot loaded: 702b/1000a, lastUpdateId=6361266473 [Resync #57]
2026-06-06 11:07:41.685 | INFO     | data.exchange_connector:_fetch_rest_snapshot:234 - Book synchronized. Total resyncs: 57
2026-06-06 11:07:41.685 | INFO     | data.exchange_connector:start_websocket:312 - Subscribed to market data streams
2026-06-06 11:08:43.313 | INFO     | data.exchange_connector:_process_message:423 - [WS MSGS] total=113500 depth=101507 aggTrade=11993 other=0
2026-06-06 11:09:24.624 | INFO     | data.exchange_connector:_handle_trade:480 - [TRACE TRADE #12000] keys=['e', 'E', 's', 'a', 'p', 'q', 'f', 'l', 'T', 'm', 'M'] p=2.29600000 q=51.75000000 m=False
2026-06-06 11:11:16.140 | WARNING  | data.exchange_connector:start_websocket:328 - WebSocket closed (code=1006) on wss://data-stream.binance.vision/stream?streams=icpusdt@depth@100ms/icpusdt@aggTrade, failure #1
2026-06-06 11:11:16.140 | INFO     | data.exchange_connector:start_websocket:342 - Reconnecting in 1.0s...
2026-06-06 11:11:17.141 | INFO     | data.exchange_connector:start_websocket:293 - Connecting to WebSocket: wss://data-stream.binance.vision/stream?streams=icpusdt@depth@100ms/icpusdt@aggTrade
2026-06-06 11:11:17.886 | INFO     | data.exchange_connector:start_websocket:302 - WebSocket connected: wss://data-stream.binance.vision/stream?streams=icpusdt@depth@100ms/icpusdt@aggTrade
2026-06-06 11:11:17.886 | INFO     | data.exchange_connector:start_websocket:305 - Fetching fresh order book snapshot...
2026-06-06 11:11:19.327 | INFO     | data.exchange_connector:_fetch_rest_snapshot:223 - Snapshot loaded: 706b/1000a, lastUpdateId=6361270991 [Resync #58]
2026-06-06 11:11:19.327 | INFO     | data.exchange_connector:_fetch_rest_snapshot:234 - Book synchronized. Total resyncs: 58
2026-06-06 11:11:19.332 | INFO     | data.exchange_connector:start_websocket:312 - Subscribed to market data streams
2026-06-06 11:11:26.793 | INFO     | data.exchange_connector:_process_message:423 - [WS MSGS] total=114000 depth=101960 aggTrade=12040 other=0
2026-06-06 11:14:26.026 | INFO     | data.exchange_connector:_process_message:423 - [WS MSGS] total=114500 depth=102422 aggTrade=12078 other=0
2026-06-06 11:14:53.708 | WARNING  | data.exchange_connector:start_websocket:328 - WebSocket closed (code=1006) on wss://data-stream.binance.vision/stream?streams=icpusdt@depth@100ms/icpusdt@aggTrade, failure #1
2026-06-06 11:14:53.708 | INFO     | data.exchange_connector:start_websocket:342 - Reconnecting in 1.0s...
2026-06-06 11:14:54.712 | INFO     | data.exchange_connector:start_websocket:293 - Connecting to WebSocket: wss://data-stream.binance.vision/stream?streams=icpusdt@depth@100ms/icpusdt@aggTrade
2026-06-06 11:14:55.388 | INFO     | data.exchange_connector:start_websocket:302 - WebSocket connected: wss://data-stream.binance.vision/stream?streams=icpusdt@depth@100ms/icpusdt@aggTrade
2026-06-06 11:14:55.388 | INFO     | data.exchange_connector:start_websocket:305 - Fetching fresh order book snapshot...
2026-06-06 11:14:56.492 | INFO     | data.exchange_connector:_fetch_rest_snapshot:223 - Snapshot loaded: 703b/1000a, lastUpdateId=6361275310 [Resync #59]
2026-06-06 11:14:56.492 | INFO     | data.exchange_connector:_fetch_rest_snapshot:234 - Book synchronized. Total resyncs: 59
2026-06-06 11:14:56.492 | INFO     | data.exchange_connector:start_websocket:312 - Subscribed to market data streams
2026-06-06 11:17:06.115 | INFO     | data.exchange_connector:_process_message:423 - [WS MSGS] total=115000 depth=102872 aggTrade=12128 other=0
2026-06-06 11:18:32.102 | WARNING  | data.exchange_connector:start_websocket:328 - WebSocket closed (code=1006) on wss://data-stream.binance.vision/stream?streams=icpusdt@depth@100ms/icpusdt@aggTrade, failure #1
2026-06-06 11:18:32.102 | INFO     | data.exchange_connector:start_websocket:342 - Reconnecting in 1.0s...
2026-06-06 11:18:33.099 | INFO     | data.exchange_connector:start_websocket:293 - Connecting to WebSocket: wss://data-stream.binance.vision/stream?streams=icpusdt@depth@100ms/icpusdt@aggTrade
2026-06-06 11:18:33.580 | INFO     | data.exchange_connector:start_websocket:302 - WebSocket connected: wss://data-stream.binance.vision/stream?streams=icpusdt@depth@100ms/icpusdt@aggTrade
2026-06-06 11:18:33.580 | INFO     | data.exchange_connector:start_websocket:305 - Fetching fresh order book snapshot...
2026-06-06 11:18:34.668 | INFO     | data.exchange_connector:_fetch_rest_snapshot:223 - Snapshot loaded: 696b/1000a, lastUpdateId=6361281171 [Resync #60]
2026-06-06 11:18:34.668 | INFO     | data.exchange_connector:_fetch_rest_snapshot:234 - Book synchronized. Total resyncs: 60
2026-06-06 11:18:34.668 | INFO     | data.exchange_connector:start_websocket:312 - Subscribed to market data streams
2026-06-06 11:19:16.706 | INFO     | data.exchange_connector:_process_message:423 - [WS MSGS] total=115500 depth=103335 aggTrade=12165 other=0
2026-06-06 11:22:09.431 | WARNING  | data.exchange_connector:start_websocket:328 - WebSocket closed (code=1006) on wss://data-stream.binance.vision/stream?streams=icpusdt@depth@100ms/icpusdt@aggTrade, failure #1
2026-06-06 11:22:09.431 | INFO     | data.exchange_connector:start_websocket:342 - Reconnecting in 1.0s...
2026-06-06 11:22:10.440 | INFO     | data.exchange_connector:start_websocket:293 - Connecting to WebSocket: wss://data-stream.binance.vision/stream?streams=icpusdt@depth@100ms/icpusdt@aggTrade
2026-06-06 11:22:10.819 | INFO     | data.exchange_connector:start_websocket:302 - WebSocket connected: wss://data-stream.binance.vision/stream?streams=icpusdt@depth@100ms/icpusdt@aggTrade
2026-06-06 11:22:10.819 | INFO     | data.exchange_connector:start_websocket:305 - Fetching fresh order book snapshot...
2026-06-06 11:22:11.860 | INFO     | data.exchange_connector:_fetch_rest_snapshot:223 - Snapshot loaded: 702b/1000a, lastUpdateId=6361285224 [Resync #61]
2026-06-06 11:22:11.860 | INFO     | data.exchange_connector:_fetch_rest_snapshot:234 - Book synchronized. Total resyncs: 61
2026-06-06 11:22:11.860 | INFO     | data.exchange_connector:start_websocket:312 - Subscribed to market data streams
2026-06-06 11:22:27.509 | INFO     | data.exchange_connector:_process_message:423 - [WS MSGS] total=116000 depth=103817 aggTrade=12183 other=0
2026-06-06 11:25:22.138 | WARNING  | data.exchange_connector:start_websocket:328 - WebSocket closed (code=1006) on wss://data-stream.binance.vision/stream?streams=icpusdt@depth@100ms/icpusdt@aggTrade, failure #1
2026-06-06 11:25:22.138 | INFO     | data.exchange_connector:start_websocket:342 - Reconnecting in 1.0s...
2026-06-06 11:25:23.164 | INFO     | data.exchange_connector:start_websocket:293 - Connecting to WebSocket: wss://data-stream.binance.vision/stream?streams=icpusdt@depth@100ms/icpusdt@aggTrade
2026-06-06 11:25:23.603 | INFO     | data.exchange_connector:start_websocket:302 - WebSocket connected: wss://data-stream.binance.vision/stream?streams=icpusdt@depth@100ms/icpusdt@aggTrade
2026-06-06 11:25:23.603 | INFO     | data.exchange_connector:start_websocket:305 - Fetching fresh order book snapshot...
2026-06-06 11:25:24.861 | INFO     | data.exchange_connector:_fetch_rest_snapshot:223 - Snapshot loaded: 699b/1000a, lastUpdateId=6361288244 [Resync #62]
2026-06-06 11:25:24.861 | INFO     | data.exchange_connector:_fetch_rest_snapshot:234 - Book synchronized. Total resyncs: 62
2026-06-06 11:25:24.861 | INFO     | data.exchange_connector:start_websocket:312 - Subscribed to market data streams
2026-06-06 11:25:26.104 | INFO     | data.exchange_connector:_process_message:423 - [WS MSGS] total=116500 depth=104298 aggTrade=12202 other=0
2026-06-06 11:28:20.902 | INFO     | data.exchange_connector:_process_message:423 - [WS MSGS] total=117000 depth=104773 aggTrade=12227 other=0
2026-06-06 11:28:59.372 | WARNING  | data.exchange_connector:start_websocket:328 - WebSocket closed (code=1006) on wss://data-stream.binance.vision/stream?streams=icpusdt@depth@100ms/icpusdt@aggTrade, failure #1
2026-06-06 11:28:59.372 | INFO     | data.exchange_connector:start_websocket:342 - Reconnecting in 1.0s...
2026-06-06 11:29:00.380 | INFO     | data.exchange_connector:start_websocket:293 - Connecting to WebSocket: wss://data-stream.binance.vision/stream?streams=icpusdt@depth@100ms/icpusdt@aggTrade
2026-06-06 11:29:00.815 | INFO     | data.exchange_connector:start_websocket:302 - WebSocket connected: wss://data-stream.binance.vision/stream?streams=icpusdt@depth@100ms/icpusdt@aggTrade
2026-06-06 11:29:00.815 | INFO     | data.exchange_connector:start_websocket:305 - Fetching fresh order book snapshot...
2026-06-06 11:29:01.999 | INFO     | data.exchange_connector:_fetch_rest_snapshot:223 - Snapshot loaded: 705b/1000a, lastUpdateId=6361294130 [Resync #63]
2026-06-06 11:29:01.999 | INFO     | data.exchange_connector:_fetch_rest_snapshot:234 - Book synchronized. Total resyncs: 63
2026-06-06 11:29:01.999 | INFO     | data.exchange_connector:start_websocket:312 - Subscribed to market data streams
2026-06-06 11:30:00.208 | INFO     | data.exchange_connector:_process_message:423 - [WS MSGS] total=117500 depth=105206 aggTrade=12294 other=0
2026-06-06 11:31:31.892 | INFO     | data.exchange_connector:_process_message:423 - [WS MSGS] total=118000 depth=105651 aggTrade=12349 other=0
2026-06-06 11:32:09.201 | WARNING  | data.exchange_connector:start_websocket:328 - WebSocket closed (code=1006) on wss://data-stream.binance.vision/stream?streams=icpusdt@depth@100ms/icpusdt@aggTrade, failure #1
2026-06-06 11:32:09.201 | INFO     | data.exchange_connector:start_websocket:342 - Reconnecting in 1.0s...
2026-06-06 11:32:10.213 | INFO     | data.exchange_connector:start_websocket:293 - Connecting to WebSocket: wss://data-stream.binance.vision/stream?streams=icpusdt@depth@100ms/icpusdt@aggTrade
2026-06-06 11:32:10.649 | INFO     | data.exchange_connector:start_websocket:302 - WebSocket connected: wss://data-stream.binance.vision/stream?streams=icpusdt@depth@100ms/icpusdt@aggTrade
2026-06-06 11:32:10.649 | INFO     | data.exchange_connector:start_websocket:305 - Fetching fresh order book snapshot...
2026-06-06 11:32:11.771 | INFO     | data.exchange_connector:_fetch_rest_snapshot:223 - Snapshot loaded: 712b/1000a, lastUpdateId=6361304843 [Resync #64]
2026-06-06 11:32:11.771 | INFO     | data.exchange_connector:_fetch_rest_snapshot:234 - Book synchronized. Total resyncs: 64
2026-06-06 11:32:11.771 | INFO     | data.exchange_connector:start_websocket:312 - Subscribed to market data streams
2026-06-06 11:33:24.701 | INFO     | data.exchange_connector:_process_message:423 - [WS MSGS] total=118500 depth=106104 aggTrade=12396 other=0
2026-06-06 11:35:37.503 | WARNING  | data.exchange_connector:start_websocket:328 - WebSocket closed (code=1006) on wss://data-stream.binance.vision/stream?streams=icpusdt@depth@100ms/icpusdt@aggTrade, failure #1
2026-06-06 11:35:37.503 | INFO     | data.exchange_connector:start_websocket:342 - Reconnecting in 1.0s...
2026-06-06 11:35:38.512 | INFO     | data.exchange_connector:start_websocket:293 - Connecting to WebSocket: wss://data-stream.binance.vision/stream?streams=icpusdt@depth@100ms/icpusdt@aggTrade
2026-06-06 11:35:39.131 | INFO     | data.exchange_connector:start_websocket:302 - WebSocket connected: wss://data-stream.binance.vision/stream?streams=icpusdt@depth@100ms/icpusdt@aggTrade
2026-06-06 11:35:39.131 | INFO     | data.exchange_connector:start_websocket:305 - Fetching fresh order book snapshot...
2026-06-06 11:35:40.241 | INFO     | data.exchange_connector:_fetch_rest_snapshot:223 - Snapshot loaded: 713b/1000a, lastUpdateId=6361310612 [Resync #65]
2026-06-06 11:35:40.241 | INFO     | data.exchange_connector:_fetch_rest_snapshot:234 - Book synchronized. Total resyncs: 65
2026-06-06 11:35:40.241 | INFO     | data.exchange_connector:start_websocket:312 - Subscribed to market data streams
2026-06-06 11:36:07.654 | INFO     | data.exchange_connector:_process_message:423 - [WS MSGS] total=119000 depth=106577 aggTrade=12423 other=0
2026-06-06 11:38:24.591 | INFO     | data.exchange_connector:_process_message:423 - [WS MSGS] total=119500 depth=107015 aggTrade=12485 other=0
2026-06-06 11:39:14.824 | WARNING  | data.exchange_connector:start_websocket:328 - WebSocket closed (code=1006) on wss://data-stream.binance.vision/stream?streams=icpusdt@depth@100ms/icpusdt@aggTrade, failure #1
2026-06-06 11:39:14.824 | INFO     | data.exchange_connector:start_websocket:342 - Reconnecting in 1.0s...
2026-06-06 11:39:15.837 | INFO     | data.exchange_connector:start_websocket:293 - Connecting to WebSocket: wss://data-stream.binance.vision/stream?streams=icpusdt@depth@100ms/icpusdt@aggTrade
2026-06-06 11:39:16.639 | INFO     | data.exchange_connector:start_websocket:302 - WebSocket connected: wss://data-stream.binance.vision/stream?streams=icpusdt@depth@100ms/icpusdt@aggTrade
2026-06-06 11:39:16.639 | INFO     | data.exchange_connector:start_websocket:305 - Fetching fresh order book snapshot...
2026-06-06 11:39:18.652 | INFO     | data.exchange_connector:_fetch_rest_snapshot:223 - Snapshot loaded: 714b/1000a, lastUpdateId=6361316001 [Resync #66]
2026-06-06 11:39:18.652 | INFO     | data.exchange_connector:_fetch_rest_snapshot:234 - Book synchronized. Total resyncs: 66
2026-06-06 11:39:18.652 | INFO     | data.exchange_connector:start_websocket:312 - Subscribed to market data streams
2026-06-06 11:40:40.189 | INFO     | data.exchange_connector:_handle_trade:480 - [TRACE TRADE #12500] keys=['e', 'E', 's', 'a', 'p', 'q', 'f', 'l', 'T', 'm', 'M'] p=2.33200000 q=119.84000000 m=False
2026-06-06 11:41:41.636 | INFO     | data.exchange_connector:_process_message:423 - [WS MSGS] total=120000 depth=107477 aggTrade=12523 other=0
2026-06-06 11:42:53.177 | WARNING  | data.exchange_connector:start_websocket:328 - WebSocket closed (code=1006) on wss://data-stream.binance.vision/stream?streams=icpusdt@depth@100ms/icpusdt@aggTrade, failure #1
2026-06-06 11:42:53.178 | INFO     | data.exchange_connector:start_websocket:342 - Reconnecting in 1.0s...
2026-06-06 11:42:54.170 | INFO     | data.exchange_connector:start_websocket:293 - Connecting to WebSocket: wss://data-stream.binance.vision/stream?streams=icpusdt@depth@100ms/icpusdt@aggTrade
2026-06-06 11:42:55.824 | INFO     | data.exchange_connector:start_websocket:302 - WebSocket connected: wss://data-stream.binance.vision/stream?streams=icpusdt@depth@100ms/icpusdt@aggTrade
2026-06-06 11:42:55.825 | INFO     | data.exchange_connector:start_websocket:305 - Fetching fresh order book snapshot...
2026-06-06 11:42:57.164 | INFO     | data.exchange_connector:_fetch_rest_snapshot:223 - Snapshot loaded: 716b/1000a, lastUpdateId=6361319468 [Resync #67]
2026-06-06 11:42:57.165 | INFO     | data.exchange_connector:_fetch_rest_snapshot:234 - Book synchronized. Total resyncs: 67
2026-06-06 11:42:57.165 | INFO     | data.exchange_connector:start_websocket:312 - Subscribed to market data streams
2026-06-06 11:43:58.406 | WARNING  | data.exchange_connector:start_websocket:328 - WebSocket closed (code=1006) on wss://data-stream.binance.vision/stream?streams=icpusdt@depth@100ms/icpusdt@aggTrade, failure #1
2026-06-06 11:43:58.422 | INFO     | data.exchange_connector:start_websocket:342 - Reconnecting in 1.0s...
2026-06-06 11:43:59.425 | INFO     | data.exchange_connector:start_websocket:293 - Connecting to WebSocket: wss://data-stream.binance.vision/stream?streams=icpusdt@depth@100ms/icpusdt@aggTrade
2026-06-06 11:44:00.087 | INFO     | data.exchange_connector:start_websocket:302 - WebSocket connected: wss://data-stream.binance.vision/stream?streams=icpusdt@depth@100ms/icpusdt@aggTrade
2026-06-06 11:44:00.087 | INFO     | data.exchange_connector:start_websocket:305 - Fetching fresh order book snapshot...
2026-06-06 11:44:01.395 | INFO     | data.exchange_connector:_fetch_rest_snapshot:223 - Snapshot loaded: 716b/1000a, lastUpdateId=6361320502 [Resync #68]
2026-06-06 11:44:01.395 | INFO     | data.exchange_connector:_fetch_rest_snapshot:234 - Book synchronized. Total resyncs: 68
2026-06-06 11:44:01.395 | INFO     | data.exchange_connector:start_websocket:312 - Subscribed to market data streams
2026-06-06 11:44:41.004 | INFO     | data.exchange_connector:_process_message:423 - [WS MSGS] total=120500 depth=107930 aggTrade=12570 other=0
2026-06-06 11:46:35.817 | INFO     | data.exchange_connector:_process_message:423 - [WS MSGS] total=121000 depth=108370 aggTrade=12630 other=0
2026-06-06 11:47:27.962 | WARNING  | data.exchange_connector:start_websocket:328 - WebSocket closed (code=1006) on wss://data-stream.binance.vision/stream?streams=icpusdt@depth@100ms/icpusdt@aggTrade, failure #1
2026-06-06 11:47:27.962 | INFO     | data.exchange_connector:start_websocket:342 - Reconnecting in 1.0s...
2026-06-06 11:47:28.964 | INFO     | data.exchange_connector:start_websocket:293 - Connecting to WebSocket: wss://data-stream.binance.vision/stream?streams=icpusdt@depth@100ms/icpusdt@aggTrade
2026-06-06 11:47:29.390 | INFO     | data.exchange_connector:start_websocket:302 - WebSocket connected: wss://data-stream.binance.vision/stream?streams=icpusdt@depth@100ms/icpusdt@aggTrade
2026-06-06 11:47:29.390 | INFO     | data.exchange_connector:start_websocket:305 - Fetching fresh order book snapshot...
2026-06-06 11:47:30.523 | INFO     | data.exchange_connector:_fetch_rest_snapshot:223 - Snapshot loaded: 710b/1000a, lastUpdateId=6361326209 [Resync #69]
2026-06-06 11:47:30.523 | INFO     | data.exchange_connector:_fetch_rest_snapshot:234 - Book synchronized. Total resyncs: 69
2026-06-06 11:47:30.523 | INFO     | data.exchange_connector:start_websocket:312 - Subscribed to market data streams
2026-06-06 11:50:17.909 | INFO     | data.exchange_connector:_process_message:423 - [WS MSGS] total=121500 depth=108840 aggTrade=12660 other=0
2026-06-06 11:51:05.303 | WARNING  | data.exchange_connector:start_websocket:328 - WebSocket closed (code=1006) on wss://data-stream.binance.vision/stream?streams=icpusdt@depth@100ms/icpusdt@aggTrade, failure #1
2026-06-06 11:51:05.303 | INFO     | data.exchange_connector:start_websocket:342 - Reconnecting in 1.0s...
2026-06-06 11:51:06.306 | INFO     | data.exchange_connector:start_websocket:293 - Connecting to WebSocket: wss://data-stream.binance.vision/stream?streams=icpusdt@depth@100ms/icpusdt@aggTrade
2026-06-06 11:51:06.837 | INFO     | data.exchange_connector:start_websocket:302 - WebSocket connected: wss://data-stream.binance.vision/stream?streams=icpusdt@depth@100ms/icpusdt@aggTrade
2026-06-06 11:51:06.837 | INFO     | data.exchange_connector:start_websocket:305 - Fetching fresh order book snapshot...
2026-06-06 11:51:08.003 | INFO     | data.exchange_connector:_fetch_rest_snapshot:223 - Snapshot loaded: 716b/1000a, lastUpdateId=6361329863 [Resync #70]
2026-06-06 11:51:08.003 | INFO     | data.exchange_connector:_fetch_rest_snapshot:234 - Book synchronized. Total resyncs: 70
2026-06-06 11:51:08.003 | INFO     | data.exchange_connector:start_websocket:312 - Subscribed to market data streams
2026-06-06 11:53:29.689 | INFO     | data.exchange_connector:_process_message:423 - [WS MSGS] total=122000 depth=109295 aggTrade=12705 other=0
2026-06-06 11:54:42.470 | WARNING  | data.exchange_connector:start_websocket:328 - WebSocket closed (code=1006) on wss://data-stream.binance.vision/stream?streams=icpusdt@depth@100ms/icpusdt@aggTrade, failure #1
2026-06-06 11:54:42.470 | INFO     | data.exchange_connector:start_websocket:342 - Reconnecting in 1.0s...
2026-06-06 11:54:43.486 | INFO     | data.exchange_connector:start_websocket:293 - Connecting to WebSocket: wss://data-stream.binance.vision/stream?streams=icpusdt@depth@100ms/icpusdt@aggTrade
2026-06-06 11:54:43.877 | INFO     | data.exchange_connector:start_websocket:302 - WebSocket connected: wss://data-stream.binance.vision/stream?streams=icpusdt@depth@100ms/icpusdt@aggTrade
2026-06-06 11:54:43.877 | INFO     | data.exchange_connector:start_websocket:305 - Fetching fresh order book snapshot...
2026-06-06 11:54:45.049 | INFO     | data.exchange_connector:_fetch_rest_snapshot:223 - Snapshot loaded: 707b/1000a, lastUpdateId=6361334245 [Resync #71]
2026-06-06 11:54:45.049 | INFO     | data.exchange_connector:_fetch_rest_snapshot:234 - Book synchronized. Total resyncs: 71
2026-06-06 11:54:45.049 | INFO     | data.exchange_connector:start_websocket:312 - Subscribed to market data streams
2026-06-06 11:56:19.007 | INFO     | data.exchange_connector:_process_message:423 - [WS MSGS] total=122500 depth=109733 aggTrade=12767 other=0
2026-06-06 11:58:19.558 | WARNING  | data.exchange_connector:start_websocket:328 - WebSocket closed (code=1006) on wss://data-stream.binance.vision/stream?streams=icpusdt@depth@100ms/icpusdt@aggTrade, failure #1
2026-06-06 11:58:19.558 | INFO     | data.exchange_connector:start_websocket:342 - Reconnecting in 1.0s...
2026-06-06 11:58:20.573 | INFO     | data.exchange_connector:start_websocket:293 - Connecting to WebSocket: wss://data-stream.binance.vision/stream?streams=icpusdt@depth@100ms/icpusdt@aggTrade
2026-06-06 11:58:21.048 | INFO     | data.exchange_connector:start_websocket:302 - WebSocket connected: wss://data-stream.binance.vision/stream?streams=icpusdt@depth@100ms/icpusdt@aggTrade
2026-06-06 11:58:21.048 | INFO     | data.exchange_connector:start_websocket:305 - Fetching fresh order book snapshot...
2026-06-06 11:58:22.130 | INFO     | data.exchange_connector:_fetch_rest_snapshot:223 - Snapshot loaded: 710b/1000a, lastUpdateId=6361339281 [Resync #72]
2026-06-06 11:58:22.130 | INFO     | data.exchange_connector:_fetch_rest_snapshot:234 - Book synchronized. Total resyncs: 72
2026-06-06 11:58:22.130 | INFO     | data.exchange_connector:start_websocket:312 - Subscribed to market data streams
2026-06-06 11:59:17.508 | INFO     | data.exchange_connector:_process_message:423 - [WS MSGS] total=123000 depth=110194 aggTrade=12806 other=0
2026-06-06 12:01:23.325 | INFO     | data.exchange_connector:_process_message:423 - [WS MSGS] total=123500 depth=110663 aggTrade=12837 other=0
2026-06-06 12:01:43.467 | WARNING  | data.exchange_connector:start_websocket:328 - WebSocket closed (code=1006) on wss://data-stream.binance.vision/stream?streams=icpusdt@depth@100ms/icpusdt@aggTrade, failure #1
2026-06-06 12:01:43.467 | INFO     | data.exchange_connector:start_websocket:342 - Reconnecting in 1.0s...
2026-06-06 12:01:44.482 | INFO     | data.exchange_connector:start_websocket:293 - Connecting to WebSocket: wss://data-stream.binance.vision/stream?streams=icpusdt@depth@100ms/icpusdt@aggTrade
2026-06-06 12:01:44.909 | INFO     | data.exchange_connector:start_websocket:302 - WebSocket connected: wss://data-stream.binance.vision/stream?streams=icpusdt@depth@100ms/icpusdt@aggTrade
2026-06-06 12:01:44.909 | INFO     | data.exchange_connector:start_websocket:305 - Fetching fresh order book snapshot...
2026-06-06 12:01:46.065 | INFO     | data.exchange_connector:_fetch_rest_snapshot:223 - Snapshot loaded: 719b/1000a, lastUpdateId=6361344312 [Resync #73]
2026-06-06 12:01:46.080 | INFO     | data.exchange_connector:_fetch_rest_snapshot:234 - Book synchronized. Total resyncs: 73
2026-06-06 12:01:46.080 | INFO     | data.exchange_connector:start_websocket:312 - Subscribed to market data streams
2026-06-06 12:03:59.398 | INFO     | data.exchange_connector:_process_message:423 - [WS MSGS] total=124000 depth=111114 aggTrade=12886 other=0
2026-06-06 12:05:26.465 | WARNING  | data.exchange_connector:start_websocket:328 - WebSocket closed (code=1006) on wss://data-stream.binance.vision/stream?streams=icpusdt@depth@100ms/icpusdt@aggTrade, failure #1
2026-06-06 12:05:26.465 | INFO     | data.exchange_connector:start_websocket:342 - Reconnecting in 1.0s...
2026-06-06 12:05:27.477 | INFO     | data.exchange_connector:start_websocket:293 - Connecting to WebSocket: wss://data-stream.binance.vision/stream?streams=icpusdt@depth@100ms/icpusdt@aggTrade
2026-06-06 12:05:27.920 | INFO     | data.exchange_connector:start_websocket:302 - WebSocket connected: wss://data-stream.binance.vision/stream?streams=icpusdt@depth@100ms/icpusdt@aggTrade
2026-06-06 12:05:27.920 | INFO     | data.exchange_connector:start_websocket:305 - Fetching fresh order book snapshot...
2026-06-06 12:05:29.186 | INFO     | data.exchange_connector:_fetch_rest_snapshot:223 - Snapshot loaded: 710b/1000a, lastUpdateId=6361350258 [Resync #74]
2026-06-06 12:05:29.186 | INFO     | data.exchange_connector:_fetch_rest_snapshot:234 - Book synchronized. Total resyncs: 74
2026-06-06 12:05:29.186 | INFO     | data.exchange_connector:start_websocket:312 - Subscribed to market data streams
2026-06-06 12:06:08.102 | INFO     | data.exchange_connector:_process_message:423 - [WS MSGS] total=124500 depth=111568 aggTrade=12932 other=0
2026-06-06 12:08:23.104 | INFO     | data.exchange_connector:_process_message:423 - [WS MSGS] total=125000 depth=112002 aggTrade=12998 other=0
2026-06-06 12:08:23.405 | INFO     | data.exchange_connector:_handle_trade:480 - [TRACE TRADE #13000] keys=['e', 'E', 's', 'a', 'p', 'q', 'f', 'l', 'T', 'm', 'M'] p=2.32500000 q=8.18000000 m=False
2026-06-06 12:09:08.018 | WARNING  | data.exchange_connector:start_websocket:328 - WebSocket closed (code=1006) on wss://data-stream.binance.vision/stream?streams=icpusdt@depth@100ms/icpusdt@aggTrade, failure #1
2026-06-06 12:09:08.018 | INFO     | data.exchange_connector:start_websocket:342 - Reconnecting in 1.0s...
2026-06-06 12:09:09.034 | INFO     | data.exchange_connector:start_websocket:293 - Connecting to WebSocket: wss://data-stream.binance.vision/stream?streams=icpusdt@depth@100ms/icpusdt@aggTrade
2026-06-06 12:09:09.475 | INFO     | data.exchange_connector:start_websocket:302 - WebSocket connected: wss://data-stream.binance.vision/stream?streams=icpusdt@depth@100ms/icpusdt@aggTrade
2026-06-06 12:09:09.475 | INFO     | data.exchange_connector:start_websocket:305 - Fetching fresh order book snapshot...
2026-06-06 12:09:10.591 | INFO     | data.exchange_connector:_fetch_rest_snapshot:223 - Snapshot loaded: 694b/1000a, lastUpdateId=6361356020 [Resync #75]
2026-06-06 12:09:10.607 | INFO     | data.exchange_connector:_fetch_rest_snapshot:234 - Book synchronized. Total resyncs: 75
2026-06-06 12:09:10.607 | INFO     | data.exchange_connector:start_websocket:312 - Subscribed to market data streams
2026-06-06 12:11:16.603 | INFO     | data.exchange_connector:_process_message:423 - [WS MSGS] total=125500 depth=112462 aggTrade=13038 other=0
2026-06-06 12:12:45.106 | WARNING  | data.exchange_connector:start_websocket:328 - WebSocket closed (code=1006) on wss://data-stream.binance.vision/stream?streams=icpusdt@depth@100ms/icpusdt@aggTrade, failure #1
2026-06-06 12:12:45.106 | INFO     | data.exchange_connector:start_websocket:342 - Reconnecting in 1.0s...
2026-06-06 12:12:46.119 | INFO     | data.exchange_connector:start_websocket:293 - Connecting to WebSocket: wss://data-stream.binance.vision/stream?streams=icpusdt@depth@100ms/icpusdt@aggTrade
2026-06-06 12:12:46.733 | INFO     | data.exchange_connector:start_websocket:302 - WebSocket connected: wss://data-stream.binance.vision/stream?streams=icpusdt@depth@100ms/icpusdt@aggTrade
2026-06-06 12:12:46.733 | INFO     | data.exchange_connector:start_websocket:305 - Fetching fresh order book snapshot...
2026-06-06 12:12:47.849 | INFO     | data.exchange_connector:_fetch_rest_snapshot:223 - Snapshot loaded: 699b/1000a, lastUpdateId=6361360405 [Resync #76]
2026-06-06 12:12:47.849 | INFO     | data.exchange_connector:_fetch_rest_snapshot:234 - Book synchronized. Total resyncs: 76
2026-06-06 12:12:47.849 | INFO     | data.exchange_connector:start_websocket:312 - Subscribed to market data streams
2026-06-06 12:14:18.697 | INFO     | data.exchange_connector:_process_message:423 - [WS MSGS] total=126000 depth=112926 aggTrade=13074 other=0
2026-06-06 12:16:22.402 | WARNING  | data.exchange_connector:start_websocket:328 - WebSocket closed (code=1006) on wss://data-stream.binance.vision/stream?streams=icpusdt@depth@100ms/icpusdt@aggTrade, failure #1
2026-06-06 12:16:22.402 | INFO     | data.exchange_connector:start_websocket:342 - Reconnecting in 1.0s...
2026-06-06 12:16:23.416 | INFO     | data.exchange_connector:start_websocket:293 - Connecting to WebSocket: wss://data-stream.binance.vision/stream?streams=icpusdt@depth@100ms/icpusdt@aggTrade
2026-06-06 12:16:23.851 | INFO     | data.exchange_connector:start_websocket:302 - WebSocket connected: wss://data-stream.binance.vision/stream?streams=icpusdt@depth@100ms/icpusdt@aggTrade
2026-06-06 12:16:23.851 | INFO     | data.exchange_connector:start_websocket:305 - Fetching fresh order book snapshot...
2026-06-06 12:16:25.052 | INFO     | data.exchange_connector:_fetch_rest_snapshot:223 - Snapshot loaded: 696b/1000a, lastUpdateId=6361364918 [Resync #77]
2026-06-06 12:16:25.052 | INFO     | data.exchange_connector:_fetch_rest_snapshot:234 - Book synchronized. Total resyncs: 77
2026-06-06 12:16:25.052 | INFO     | data.exchange_connector:start_websocket:312 - Subscribed to market data streams
2026-06-06 12:17:29.433 | INFO     | data.exchange_connector:_process_message:423 - [WS MSGS] total=126500 depth=113388 aggTrade=13112 other=0
2026-06-06 12:19:50.046 | WARNING  | data.exchange_connector:start_websocket:328 - WebSocket closed (code=1006) on wss://data-stream.binance.vision/stream?streams=icpusdt@depth@100ms/icpusdt@aggTrade, failure #1
2026-06-06 12:19:50.051 | INFO     | data.exchange_connector:start_websocket:342 - Reconnecting in 1.0s...
2026-06-06 12:19:51.053 | INFO     | data.exchange_connector:start_websocket:293 - Connecting to WebSocket: wss://data-stream.binance.vision/stream?streams=icpusdt@depth@100ms/icpusdt@aggTrade
2026-06-06 12:19:51.554 | INFO     | data.exchange_connector:start_websocket:302 - WebSocket connected: wss://data-stream.binance.vision/stream?streams=icpusdt@depth@100ms/icpusdt@aggTrade
2026-06-06 12:19:51.554 | INFO     | data.exchange_connector:start_websocket:305 - Fetching fresh order book snapshot...
2026-06-06 12:19:52.653 | INFO     | data.exchange_connector:_fetch_rest_snapshot:223 - Snapshot loaded: 701b/1000a, lastUpdateId=6361368274 [Resync #78]
2026-06-06 12:19:52.653 | INFO     | data.exchange_connector:_fetch_rest_snapshot:234 - Book synchronized. Total resyncs: 78
2026-06-06 12:19:52.653 | INFO     | data.exchange_connector:start_websocket:312 - Subscribed to market data streams
2026-06-06 12:20:55.600 | INFO     | data.exchange_connector:_process_message:423 - [WS MSGS] total=127000 depth=113826 aggTrade=13174 other=0
2026-06-06 12:23:12.124 | WARNING  | data.exchange_connector:start_websocket:328 - WebSocket closed (code=1006) on wss://data-stream.binance.vision/stream?streams=icpusdt@depth@100ms/icpusdt@aggTrade, failure #1
2026-06-06 12:23:12.124 | INFO     | data.exchange_connector:start_websocket:342 - Reconnecting in 1.0s...
2026-06-06 12:23:13.138 | INFO     | data.exchange_connector:start_websocket:293 - Connecting to WebSocket: wss://data-stream.binance.vision/stream?streams=icpusdt@depth@100ms/icpusdt@aggTrade
2026-06-06 12:23:13.872 | INFO     | data.exchange_connector:start_websocket:302 - WebSocket connected: wss://data-stream.binance.vision/stream?streams=icpusdt@depth@100ms/icpusdt@aggTrade
2026-06-06 12:23:13.873 | INFO     | data.exchange_connector:start_websocket:305 - Fetching fresh order book snapshot...
2026-06-06 12:23:15.271 | INFO     | data.exchange_connector:_fetch_rest_snapshot:223 - Snapshot loaded: 697b/1000a, lastUpdateId=6361371908 [Resync #79]
2026-06-06 12:23:15.272 | INFO     | data.exchange_connector:_fetch_rest_snapshot:234 - Book synchronized. Total resyncs: 79
2026-06-06 12:23:15.272 | INFO     | data.exchange_connector:start_websocket:312 - Subscribed to market data streams
2026-06-06 12:24:03.505 | INFO     | data.exchange_connector:_process_message:423 - [WS MSGS] total=127500 depth=114289 aggTrade=13211 other=0
2026-06-06 12:26:49.891 | WARNING  | data.exchange_connector:start_websocket:328 - WebSocket closed (code=1006) on wss://data-stream.binance.vision/stream?streams=icpusdt@depth@100ms/icpusdt@aggTrade, failure #1
2026-06-06 12:26:49.891 | INFO     | data.exchange_connector:start_websocket:342 - Reconnecting in 1.0s...
2026-06-06 12:26:50.906 | INFO     | data.exchange_connector:start_websocket:293 - Connecting to WebSocket: wss://data-stream.binance.vision/stream?streams=icpusdt@depth@100ms/icpusdt@aggTrade
2026-06-06 12:26:51.347 | INFO     | data.exchange_connector:start_websocket:302 - WebSocket connected: wss://data-stream.binance.vision/stream?streams=icpusdt@depth@100ms/icpusdt@aggTrade
2026-06-06 12:26:51.347 | INFO     | data.exchange_connector:start_websocket:305 - Fetching fresh order book snapshot...
2026-06-06 12:26:52.456 | INFO     | data.exchange_connector:_fetch_rest_snapshot:223 - Snapshot loaded: 708b/1000a, lastUpdateId=6361375843 [Resync #80]
2026-06-06 12:26:52.456 | INFO     | data.exchange_connector:_fetch_rest_snapshot:234 - Book synchronized. Total resyncs: 80
2026-06-06 12:26:52.456 | INFO     | data.exchange_connector:start_websocket:312 - Subscribed to market data streams
2026-06-06 12:27:00.691 | INFO     | data.exchange_connector:_process_message:423 - [WS MSGS] total=128000 depth=114712 aggTrade=13288 other=0
2026-06-06 12:29:28.410 | INFO     | data.exchange_connector:_process_message:423 - [WS MSGS] total=128500 depth=115164 aggTrade=13336 other=0
2026-06-06 12:30:27.410 | WARNING  | data.exchange_connector:start_websocket:328 - WebSocket closed (code=1006) on wss://data-stream.binance.vision/stream?streams=icpusdt@depth@100ms/icpusdt@aggTrade, failure #1
2026-06-06 12:30:27.410 | INFO     | data.exchange_connector:start_websocket:342 - Reconnecting in 1.0s...
2026-06-06 12:30:28.425 | INFO     | data.exchange_connector:start_websocket:293 - Connecting to WebSocket: wss://data-stream.binance.vision/stream?streams=icpusdt@depth@100ms/icpusdt@aggTrade
2026-06-06 12:30:28.910 | INFO     | data.exchange_connector:start_websocket:302 - WebSocket connected: wss://data-stream.binance.vision/stream?streams=icpusdt@depth@100ms/icpusdt@aggTrade
2026-06-06 12:30:28.910 | INFO     | data.exchange_connector:start_websocket:305 - Fetching fresh order book snapshot...
2026-06-06 12:30:30.044 | INFO     | data.exchange_connector:_fetch_rest_snapshot:223 - Snapshot loaded: 708b/1000a, lastUpdateId=6361381921 [Resync #81]
2026-06-06 12:30:30.044 | INFO     | data.exchange_connector:_fetch_rest_snapshot:234 - Book synchronized. Total resyncs: 81
2026-06-06 12:30:30.044 | INFO     | data.exchange_connector:start_websocket:312 - Subscribed to market data streams
2026-06-06 12:32:36.600 | INFO     | data.exchange_connector:_process_message:423 - [WS MSGS] total=129000 depth=115626 aggTrade=13374 other=0
2026-06-06 12:34:04.693 | WARNING  | data.exchange_connector:start_websocket:328 - WebSocket closed (code=1006) on wss://data-stream.binance.vision/stream?streams=icpusdt@depth@100ms/icpusdt@aggTrade, failure #1
2026-06-06 12:34:04.693 | INFO     | data.exchange_connector:start_websocket:342 - Reconnecting in 1.0s...
2026-06-06 12:34:05.697 | INFO     | data.exchange_connector:start_websocket:293 - Connecting to WebSocket: wss://data-stream.binance.vision/stream?streams=icpusdt@depth@100ms/icpusdt@aggTrade
2026-06-06 12:34:06.131 | INFO     | data.exchange_connector:start_websocket:302 - WebSocket connected: wss://data-stream.binance.vision/stream?streams=icpusdt@depth@100ms/icpusdt@aggTrade
2026-06-06 12:34:06.131 | INFO     | data.exchange_connector:start_websocket:305 - Fetching fresh order book snapshot...
2026-06-06 12:34:07.293 | INFO     | data.exchange_connector:_fetch_rest_snapshot:223 - Snapshot loaded: 709b/1000a, lastUpdateId=6361385544 [Resync #82]
2026-06-06 12:34:07.293 | INFO     | data.exchange_connector:_fetch_rest_snapshot:234 - Book synchronized. Total resyncs: 82
2026-06-06 12:34:07.293 | INFO     | data.exchange_connector:start_websocket:312 - Subscribed to market data streams
2026-06-06 12:35:38.600 | INFO     | data.exchange_connector:_process_message:423 - [WS MSGS] total=129500 depth=116097 aggTrade=13403 other=0
2026-06-06 12:35:41.779 | INFO     | data.exchange_connector:_handle_trade:480 - [TRACE TRADE #13500] keys=['e', 'E', 's', 'a', 'p', 'q', 'f', 'l', 'T', 'm', 'M'] p=2.35200000 q=21.51000000 m=True
2026-06-06 12:36:09.304 | INFO     | data.exchange_connector:_process_message:423 - [WS MSGS] total=130000 depth=116310 aggTrade=13690 other=0
2026-06-06 12:37:42.069 | WARNING  | data.exchange_connector:start_websocket:328 - WebSocket closed (code=1006) on wss://data-stream.binance.vision/stream?streams=icpusdt@depth@100ms/icpusdt@aggTrade, failure #1
2026-06-06 12:37:42.071 | INFO     | data.exchange_connector:start_websocket:342 - Reconnecting in 1.0s...
2026-06-06 12:37:43.079 | INFO     | data.exchange_connector:start_websocket:293 - Connecting to WebSocket: wss://data-stream.binance.vision/stream?streams=icpusdt@depth@100ms/icpusdt@aggTrade
2026-06-06 12:37:43.562 | INFO     | data.exchange_connector:start_websocket:302 - WebSocket connected: wss://data-stream.binance.vision/stream?streams=icpusdt@depth@100ms/icpusdt@aggTrade
2026-06-06 12:37:43.563 | INFO     | data.exchange_connector:start_websocket:305 - Fetching fresh order book snapshot...
2026-06-06 12:37:44.723 | INFO     | data.exchange_connector:_fetch_rest_snapshot:223 - Snapshot loaded: 714b/1000a, lastUpdateId=6361394964 [Resync #83]
2026-06-06 12:37:44.723 | INFO     | data.exchange_connector:_fetch_rest_snapshot:234 - Book synchronized. Total resyncs: 83
2026-06-06 12:37:44.724 | INFO     | data.exchange_connector:start_websocket:312 - Subscribed to market data streams
2026-06-06 12:38:24.381 | INFO     | data.exchange_connector:_process_message:423 - [WS MSGS] total=130500 depth=116733 aggTrade=13767 other=0
2026-06-06 12:40:48.034 | INFO     | data.exchange_connector:_process_message:423 - [WS MSGS] total=131000 depth=117162 aggTrade=13838 other=0
2026-06-06 12:41:19.296 | WARNING  | data.exchange_connector:start_websocket:328 - WebSocket closed (code=1006) on wss://data-stream.binance.vision/stream?streams=icpusdt@depth@100ms/icpusdt@aggTrade, failure #1
2026-06-06 12:41:19.296 | INFO     | data.exchange_connector:start_websocket:342 - Reconnecting in 1.0s...
2026-06-06 12:41:20.299 | INFO     | data.exchange_connector:start_websocket:293 - Connecting to WebSocket: wss://data-stream.binance.vision/stream?streams=icpusdt@depth@100ms/icpusdt@aggTrade
2026-06-06 12:41:20.732 | INFO     | data.exchange_connector:start_websocket:302 - WebSocket connected: wss://data-stream.binance.vision/stream?streams=icpusdt@depth@100ms/icpusdt@aggTrade
2026-06-06 12:41:20.732 | INFO     | data.exchange_connector:start_websocket:305 - Fetching fresh order book snapshot...
2026-06-06 12:41:22.004 | INFO     | data.exchange_connector:_fetch_rest_snapshot:223 - Snapshot loaded: 713b/1000a, lastUpdateId=6361400708 [Resync #84]
2026-06-06 12:41:22.017 | INFO     | data.exchange_connector:_fetch_rest_snapshot:234 - Book synchronized. Total resyncs: 84
2026-06-06 12:41:22.034 | INFO     | data.exchange_connector:start_websocket:312 - Subscribed to market data streams
2026-06-06 12:42:44.719 | INFO     | data.exchange_connector:_process_message:423 - [WS MSGS] total=131500 depth=117552 aggTrade=13948 other=0
2026-06-06 12:43:33.952 | INFO     | data.exchange_connector:_handle_trade:480 - [TRACE TRADE #14000] keys=['e', 'E', 's', 'a', 'p', 'q', 'f', 'l', 'T', 'm', 'M'] p=2.34100000 q=2.45000000 m=True
2026-06-06 12:44:56.519 | WARNING  | data.exchange_connector:start_websocket:328 - WebSocket closed (code=1006) on wss://data-stream.binance.vision/stream?streams=icpusdt@depth@100ms/icpusdt@aggTrade, failure #1
2026-06-06 12:44:56.519 | INFO     | data.exchange_connector:start_websocket:342 - Reconnecting in 1.0s...
2026-06-06 12:44:57.520 | INFO     | data.exchange_connector:start_websocket:293 - Connecting to WebSocket: wss://data-stream.binance.vision/stream?streams=icpusdt@depth@100ms/icpusdt@aggTrade
2026-06-06 12:44:57.965 | INFO     | data.exchange_connector:start_websocket:302 - WebSocket connected: wss://data-stream.binance.vision/stream?streams=icpusdt@depth@100ms/icpusdt@aggTrade
2026-06-06 12:44:57.965 | INFO     | data.exchange_connector:start_websocket:305 - Fetching fresh order book snapshot...
2026-06-06 12:44:59.524 | INFO     | data.exchange_connector:_fetch_rest_snapshot:223 - Snapshot loaded: 704b/1000a, lastUpdateId=6361405747 [Resync #85]
2026-06-06 12:44:59.524 | INFO     | data.exchange_connector:_fetch_rest_snapshot:234 - Book synchronized. Total resyncs: 85
2026-06-06 12:44:59.524 | INFO     | data.exchange_connector:start_websocket:312 - Subscribed to market data streams
2026-06-06 12:45:17.916 | INFO     | data.exchange_connector:_process_message:423 - [WS MSGS] total=132000 depth=117980 aggTrade=14020 other=0
2026-06-06 12:46:54.308 | INFO     | data.exchange_connector:_process_message:423 - [WS MSGS] total=132500 depth=118378 aggTrade=14122 other=0
2026-06-06 12:48:07.907 | INFO     | data.exchange_connector:_process_message:423 - [WS MSGS] total=133000 depth=118796 aggTrade=14204 other=0
2026-06-06 12:48:33.781 | WARNING  | data.exchange_connector:start_websocket:328 - WebSocket closed (code=1006) on wss://data-stream.binance.vision/stream?streams=icpusdt@depth@100ms/icpusdt@aggTrade, failure #1
2026-06-06 12:48:33.782 | INFO     | data.exchange_connector:start_websocket:342 - Reconnecting in 1.0s...
2026-06-06 12:48:34.802 | INFO     | data.exchange_connector:start_websocket:293 - Connecting to WebSocket: wss://data-stream.binance.vision/stream?streams=icpusdt@depth@100ms/icpusdt@aggTrade
2026-06-06 12:48:35.260 | INFO     | data.exchange_connector:start_websocket:302 - WebSocket connected: wss://data-stream.binance.vision/stream?streams=icpusdt@depth@100ms/icpusdt@aggTrade
2026-06-06 12:48:35.260 | INFO     | data.exchange_connector:start_websocket:305 - Fetching fresh order book snapshot...
2026-06-06 12:48:36.431 | INFO     | data.exchange_connector:_fetch_rest_snapshot:223 - Snapshot loaded: 692b/1000a, lastUpdateId=6361416586 [Resync #86]
2026-06-06 12:48:36.432 | INFO     | data.exchange_connector:_fetch_rest_snapshot:234 - Book synchronized. Total resyncs: 86
2026-06-06 12:48:36.432 | INFO     | data.exchange_connector:start_websocket:312 - Subscribed to market data streams
2026-06-06 12:50:04.808 | INFO     | data.exchange_connector:_process_message:423 - [WS MSGS] total=133500 depth=119240 aggTrade=14260 other=0
2026-06-06 12:52:16.170 | WARNING  | data.exchange_connector:start_websocket:328 - WebSocket closed (code=1006) on wss://data-stream.binance.vision/stream?streams=icpusdt@depth@100ms/icpusdt@aggTrade, failure #1
2026-06-06 12:52:16.171 | INFO     | data.exchange_connector:start_websocket:342 - Reconnecting in 1.0s...
2026-06-06 12:52:17.171 | INFO     | data.exchange_connector:start_websocket:293 - Connecting to WebSocket: wss://data-stream.binance.vision/stream?streams=icpusdt@depth@100ms/icpusdt@aggTrade
2026-06-06 12:52:17.650 | INFO     | data.exchange_connector:start_websocket:302 - WebSocket connected: wss://data-stream.binance.vision/stream?streams=icpusdt@depth@100ms/icpusdt@aggTrade
2026-06-06 12:52:17.650 | INFO     | data.exchange_connector:start_websocket:305 - Fetching fresh order book snapshot...
2026-06-06 12:52:18.750 | INFO     | data.exchange_connector:_fetch_rest_snapshot:223 - Snapshot loaded: 695b/1000a, lastUpdateId=6361422764 [Resync #87]
2026-06-06 12:52:18.751 | INFO     | data.exchange_connector:_fetch_rest_snapshot:234 - Book synchronized. Total resyncs: 87
2026-06-06 12:52:18.751 | INFO     | data.exchange_connector:start_websocket:312 - Subscribed to market data streams
2026-06-06 12:52:44.068 | INFO     | data.exchange_connector:_process_message:423 - [WS MSGS] total=134000 depth=119672 aggTrade=14328 other=0
2026-06-06 12:55:02.310 | INFO     | data.exchange_connector:_process_message:423 - [WS MSGS] total=134500 depth=120105 aggTrade=14395 other=0
2026-06-06 12:55:38.723 | WARNING  | data.exchange_connector:start_websocket:328 - WebSocket closed (code=1006) on wss://data-stream.binance.vision/stream?streams=icpusdt@depth@100ms/icpusdt@aggTrade, failure #1
2026-06-06 12:55:38.723 | INFO     | data.exchange_connector:start_websocket:342 - Reconnecting in 1.0s...
2026-06-06 12:55:39.736 | INFO     | data.exchange_connector:start_websocket:293 - Connecting to WebSocket: wss://data-stream.binance.vision/stream?streams=icpusdt@depth@100ms/icpusdt@aggTrade
2026-06-06 12:55:40.160 | INFO     | data.exchange_connector:start_websocket:302 - WebSocket connected: wss://data-stream.binance.vision/stream?streams=icpusdt@depth@100ms/icpusdt@aggTrade
2026-06-06 12:55:40.161 | INFO     | data.exchange_connector:start_websocket:305 - Fetching fresh order book snapshot...
2026-06-06 12:55:41.255 | INFO     | data.exchange_connector:_fetch_rest_snapshot:223 - Snapshot loaded: 685b/1000a, lastUpdateId=6361427619 [Resync #88]
2026-06-06 12:55:41.256 | INFO     | data.exchange_connector:_fetch_rest_snapshot:234 - Book synchronized. Total resyncs: 88
2026-06-06 12:55:41.257 | INFO     | data.exchange_connector:start_websocket:312 - Subscribed to market data streams
2026-06-06 12:57:25.810 | INFO     | data.exchange_connector:_process_message:423 - [WS MSGS] total=135000 depth=120541 aggTrade=14459 other=0
2026-06-06 12:59:15.957 | WARNING  | data.exchange_connector:start_websocket:328 - WebSocket closed (code=1006) on wss://data-stream.binance.vision/stream?streams=icpusdt@depth@100ms/icpusdt@aggTrade, failure #1
2026-06-06 12:59:15.958 | INFO     | data.exchange_connector:start_websocket:342 - Reconnecting in 1.0s...
2026-06-06 12:59:16.958 | INFO     | data.exchange_connector:start_websocket:293 - Connecting to WebSocket: wss://data-stream.binance.vision/stream?streams=icpusdt@depth@100ms/icpusdt@aggTrade
2026-06-06 12:59:17.449 | INFO     | data.exchange_connector:start_websocket:302 - WebSocket connected: wss://data-stream.binance.vision/stream?streams=icpusdt@depth@100ms/icpusdt@aggTrade
2026-06-06 12:59:17.450 | INFO     | data.exchange_connector:start_websocket:305 - Fetching fresh order book snapshot...
2026-06-06 12:59:18.566 | INFO     | data.exchange_connector:_fetch_rest_snapshot:223 - Snapshot loaded: 685b/1000a, lastUpdateId=6361431685 [Resync #89]
2026-06-06 12:59:18.567 | INFO     | data.exchange_connector:_fetch_rest_snapshot:234 - Book synchronized. Total resyncs: 89
2026-06-06 12:59:18.567 | INFO     | data.exchange_connector:start_websocket:312 - Subscribed to market data streams
2026-06-06 13:00:32.519 | INFO     | data.exchange_connector:_handle_trade:480 - [TRACE TRADE #14500] keys=['e', 'E', 's', 'a', 'p', 'q', 'f', 'l', 'T', 'm', 'M'] p=2.30100000 q=2.49000000 m=True
2026-06-06 13:00:33.194 | INFO     | data.exchange_connector:_process_message:423 - [WS MSGS] total=135500 depth=120997 aggTrade=14503 other=0
2026-06-06 13:01:46.225 | INFO     | data.exchange_connector:_process_message:423 - [WS MSGS] total=136000 depth=121421 aggTrade=14579 other=0
2026-06-06 13:02:53.307 | WARNING  | data.exchange_connector:start_websocket:328 - WebSocket closed (code=1006) on wss://data-stream.binance.vision/stream?streams=icpusdt@depth@100ms/icpusdt@aggTrade, failure #1
2026-06-06 13:02:53.308 | INFO     | data.exchange_connector:start_websocket:342 - Reconnecting in 1.0s...
2026-06-06 13:02:54.326 | INFO     | data.exchange_connector:start_websocket:293 - Connecting to WebSocket: wss://data-stream.binance.vision/stream?streams=icpusdt@depth@100ms/icpusdt@aggTrade
2026-06-06 13:02:55.074 | INFO     | data.exchange_connector:start_websocket:302 - WebSocket connected: wss://data-stream.binance.vision/stream?streams=icpusdt@depth@100ms/icpusdt@aggTrade
2026-06-06 13:02:55.075 | INFO     | data.exchange_connector:start_websocket:305 - Fetching fresh order book snapshot...
2026-06-06 13:02:56.270 | INFO     | data.exchange_connector:_fetch_rest_snapshot:223 - Snapshot loaded: 676b/1000a, lastUpdateId=6361442947 [Resync #90]
2026-06-06 13:02:56.271 | INFO     | data.exchange_connector:_fetch_rest_snapshot:234 - Book synchronized. Total resyncs: 90
2026-06-06 13:02:56.271 | INFO     | data.exchange_connector:start_websocket:312 - Subscribed to market data streams
2026-06-06 13:03:10.235 | INFO     | data.exchange_connector:_process_message:423 - [WS MSGS] total=136500 depth=121796 aggTrade=14704 other=0
2026-06-06 13:05:08.721 | INFO     | data.exchange_connector:_process_message:423 - [WS MSGS] total=137000 depth=122242 aggTrade=14758 other=0
2026-06-06 13:06:25.494 | WARNING  | data.exchange_connector:start_websocket:328 - WebSocket closed (code=1006) on wss://data-stream.binance.vision/stream?streams=icpusdt@depth@100ms/icpusdt@aggTrade, failure #1
2026-06-06 13:06:25.495 | INFO     | data.exchange_connector:start_websocket:342 - Reconnecting in 1.0s...
2026-06-06 13:06:26.512 | INFO     | data.exchange_connector:start_websocket:293 - Connecting to WebSocket: wss://data-stream.binance.vision/stream?streams=icpusdt@depth@100ms/icpusdt@aggTrade
2026-06-06 13:06:26.954 | INFO     | data.exchange_connector:start_websocket:302 - WebSocket connected: wss://data-stream.binance.vision/stream?streams=icpusdt@depth@100ms/icpusdt@aggTrade
2026-06-06 13:06:26.954 | INFO     | data.exchange_connector:start_websocket:305 - Fetching fresh order book snapshot...
2026-06-06 13:06:28.165 | INFO     | data.exchange_connector:_fetch_rest_snapshot:223 - Snapshot loaded: 672b/1000a, lastUpdateId=6361449071 [Resync #91]
2026-06-06 13:06:28.166 | INFO     | data.exchange_connector:_fetch_rest_snapshot:234 - Book synchronized. Total resyncs: 91
2026-06-06 13:06:28.166 | INFO     | data.exchange_connector:start_websocket:312 - Subscribed to market data streams
2026-06-06 13:07:31.542 | INFO     | data.exchange_connector:_process_message:423 - [WS MSGS] total=137500 depth=122665 aggTrade=14835 other=0
2026-06-06 13:09:04.824 | INFO     | data.exchange_connector:_process_message:423 - [WS MSGS] total=138000 depth=123057 aggTrade=14943 other=0
2026-06-06 13:09:43.712 | WARNING  | data.exchange_connector:start_websocket:328 - WebSocket closed (code=1006) on wss://data-stream.binance.vision/stream?streams=icpusdt@depth@100ms/icpusdt@aggTrade, failure #1
2026-06-06 13:09:43.712 | INFO     | data.exchange_connector:start_websocket:342 - Reconnecting in 1.0s...
2026-06-06 13:09:44.707 | INFO     | data.exchange_connector:start_websocket:293 - Connecting to WebSocket: wss://data-stream.binance.vision/stream?streams=icpusdt@depth@100ms/icpusdt@aggTrade
2026-06-06 13:09:45.296 | INFO     | data.exchange_connector:start_websocket:302 - WebSocket connected: wss://data-stream.binance.vision/stream?streams=icpusdt@depth@100ms/icpusdt@aggTrade
2026-06-06 13:09:45.296 | INFO     | data.exchange_connector:start_websocket:305 - Fetching fresh order book snapshot...
2026-06-06 13:09:46.397 | INFO     | data.exchange_connector:_fetch_rest_snapshot:223 - Snapshot loaded: 667b/1000a, lastUpdateId=6361455935 [Resync #92]
2026-06-06 13:09:46.397 | INFO     | data.exchange_connector:_fetch_rest_snapshot:234 - Book synchronized. Total resyncs: 92
2026-06-06 13:09:46.397 | INFO     | data.exchange_connector:start_websocket:312 - Subscribed to market data streams
2026-06-06 13:10:52.056 | INFO     | data.exchange_connector:_handle_trade:480 - [TRACE TRADE #15000] keys=['e', 'E', 's', 'a', 'p', 'q', 'f', 'l', 'T', 'm', 'M'] p=2.27700000 q=116.89000000 m=True
2026-06-06 13:11:03.296 | INFO     | data.exchange_connector:_process_message:423 - [WS MSGS] total=138500 depth=123482 aggTrade=15018 other=0
2026-06-06 13:13:21.067 | WARNING  | data.exchange_connector:start_websocket:328 - WebSocket closed (code=1006) on wss://data-stream.binance.vision/stream?streams=icpusdt@depth@100ms/icpusdt@aggTrade, failure #1
2026-06-06 13:13:21.067 | INFO     | data.exchange_connector:start_websocket:342 - Reconnecting in 1.0s...
2026-06-06 13:13:22.082 | INFO     | data.exchange_connector:start_websocket:293 - Connecting to WebSocket: wss://data-stream.binance.vision/stream?streams=icpusdt@depth@100ms/icpusdt@aggTrade
2026-06-06 13:13:22.518 | INFO     | data.exchange_connector:start_websocket:302 - WebSocket connected: wss://data-stream.binance.vision/stream?streams=icpusdt@depth@100ms/icpusdt@aggTrade
2026-06-06 13:13:22.518 | INFO     | data.exchange_connector:start_websocket:305 - Fetching fresh order book snapshot...
2026-06-06 13:13:23.867 | INFO     | data.exchange_connector:_fetch_rest_snapshot:223 - Snapshot loaded: 667b/1000a, lastUpdateId=6361462784 [Resync #93]
2026-06-06 13:13:23.867 | INFO     | data.exchange_connector:_fetch_rest_snapshot:234 - Book synchronized. Total resyncs: 93
2026-06-06 13:13:23.867 | INFO     | data.exchange_connector:start_websocket:312 - Subscribed to market data streams
2026-06-06 13:13:25.101 | INFO     | data.exchange_connector:_process_message:423 - [WS MSGS] total=139000 depth=123919 aggTrade=15081 other=0
2026-06-06 13:15:43.612 | INFO     | data.exchange_connector:_process_message:423 - [WS MSGS] total=139500 depth=124364 aggTrade=15136 other=0
2026-06-06 13:16:13.650 | WARNING  | data.exchange_connector:start_websocket:328 - WebSocket closed (code=1006) on wss://data-stream.binance.vision/stream?streams=icpusdt@depth@100ms/icpusdt@aggTrade, failure #1
2026-06-06 13:16:13.650 | INFO     | data.exchange_connector:start_websocket:342 - Reconnecting in 1.0s...
2026-06-06 13:16:14.659 | INFO     | data.exchange_connector:start_websocket:293 - Connecting to WebSocket: wss://data-stream.binance.vision/stream?streams=icpusdt@depth@100ms/icpusdt@aggTrade
2026-06-06 13:16:15.135 | INFO     | data.exchange_connector:start_websocket:302 - WebSocket connected: wss://data-stream.binance.vision/stream?streams=icpusdt@depth@100ms/icpusdt@aggTrade
2026-06-06 13:16:15.135 | INFO     | data.exchange_connector:start_websocket:305 - Fetching fresh order book snapshot...
2026-06-06 13:16:16.223 | INFO     | data.exchange_connector:_fetch_rest_snapshot:223 - Snapshot loaded: 666b/1000a, lastUpdateId=6361466414 [Resync #94]
2026-06-06 13:16:16.223 | INFO     | data.exchange_connector:_fetch_rest_snapshot:234 - Book synchronized. Total resyncs: 94
2026-06-06 13:16:16.223 | INFO     | data.exchange_connector:start_websocket:312 - Subscribed to market data streams
2026-06-06 13:18:15.707 | INFO     | data.exchange_connector:_process_message:423 - [WS MSGS] total=140000 depth=124795 aggTrade=15205 other=0
2026-06-06 13:19:40.688 | WARNING  | data.exchange_connector:start_websocket:328 - WebSocket closed (code=1006) on wss://data-stream.binance.vision/stream?streams=icpusdt@depth@100ms/icpusdt@aggTrade, failure #1
2026-06-06 13:19:40.688 | INFO     | data.exchange_connector:start_websocket:342 - Reconnecting in 1.0s...
2026-06-06 13:19:41.701 | INFO     | data.exchange_connector:start_websocket:293 - Connecting to WebSocket: wss://data-stream.binance.vision/stream?streams=icpusdt@depth@100ms/icpusdt@aggTrade
2026-06-06 13:19:42.190 | INFO     | data.exchange_connector:start_websocket:302 - WebSocket connected: wss://data-stream.binance.vision/stream?streams=icpusdt@depth@100ms/icpusdt@aggTrade
2026-06-06 13:19:42.203 | INFO     | data.exchange_connector:start_websocket:305 - Fetching fresh order book snapshot...
2026-06-06 13:19:43.344 | INFO     | data.exchange_connector:_fetch_rest_snapshot:223 - Snapshot loaded: 660b/1000a, lastUpdateId=6361472241 [Resync #95]
2026-06-06 13:19:43.344 | INFO     | data.exchange_connector:_fetch_rest_snapshot:234 - Book synchronized. Total resyncs: 95
2026-06-06 13:19:43.344 | INFO     | data.exchange_connector:start_websocket:312 - Subscribed to market data streams
2026-06-06 13:20:22.709 | INFO     | data.exchange_connector:_process_message:423 - [WS MSGS] total=140500 depth=125222 aggTrade=15278 other=0
2026-06-06 13:22:30.807 | INFO     | data.exchange_connector:_process_message:423 - [WS MSGS] total=141000 depth=125675 aggTrade=15325 other=0
2026-06-06 13:23:18.689 | WARNING  | data.exchange_connector:start_websocket:328 - WebSocket closed (code=1006) on wss://data-stream.binance.vision/stream?streams=icpusdt@depth@100ms/icpusdt@aggTrade, failure #1
2026-06-06 13:23:18.690 | INFO     | data.exchange_connector:start_websocket:342 - Reconnecting in 1.0s...
2026-06-06 13:23:19.701 | INFO     | data.exchange_connector:start_websocket:293 - Connecting to WebSocket: wss://data-stream.binance.vision/stream?streams=icpusdt@depth@100ms/icpusdt@aggTrade
2026-06-06 13:23:20.193 | INFO     | data.exchange_connector:start_websocket:302 - WebSocket connected: wss://data-stream.binance.vision/stream?streams=icpusdt@depth@100ms/icpusdt@aggTrade
2026-06-06 13:23:20.193 | INFO     | data.exchange_connector:start_websocket:305 - Fetching fresh order book snapshot...
2026-06-06 13:23:21.370 | INFO     | data.exchange_connector:_fetch_rest_snapshot:223 - Snapshot loaded: 668b/1000a, lastUpdateId=6361478568 [Resync #96]
2026-06-06 13:23:21.370 | INFO     | data.exchange_connector:_fetch_rest_snapshot:234 - Book synchronized. Total resyncs: 96
2026-06-06 13:23:21.370 | INFO     | data.exchange_connector:start_websocket:312 - Subscribed to market data streams
2026-06-06 13:24:31.819 | INFO     | data.exchange_connector:_process_message:423 - [WS MSGS] total=141500 depth=126138 aggTrade=15362 other=0
2026-06-06 13:26:56.023 | WARNING  | data.exchange_connector:start_websocket:328 - WebSocket closed (code=1006) on wss://data-stream.binance.vision/stream?streams=icpusdt@depth@100ms/icpusdt@aggTrade, failure #1
2026-06-06 13:26:56.023 | INFO     | data.exchange_connector:start_websocket:342 - Reconnecting in 1.0s...
2026-06-06 13:26:57.023 | INFO     | data.exchange_connector:start_websocket:293 - Connecting to WebSocket: wss://data-stream.binance.vision/stream?streams=icpusdt@depth@100ms/icpusdt@aggTrade
2026-06-06 13:26:57.579 | INFO     | data.exchange_connector:start_websocket:302 - WebSocket connected: wss://data-stream.binance.vision/stream?streams=icpusdt@depth@100ms/icpusdt@aggTrade
2026-06-06 13:26:57.579 | INFO     | data.exchange_connector:start_websocket:305 - Fetching fresh order book snapshot...
2026-06-06 13:26:58.689 | INFO     | data.exchange_connector:_fetch_rest_snapshot:223 - Snapshot loaded: 668b/1000a, lastUpdateId=6361483867 [Resync #97]
2026-06-06 13:26:58.689 | INFO     | data.exchange_connector:_fetch_rest_snapshot:234 - Book synchronized. Total resyncs: 97
2026-06-06 13:26:58.689 | INFO     | data.exchange_connector:start_websocket:312 - Subscribed to market data streams
2026-06-06 13:27:48.408 | INFO     | data.exchange_connector:_process_message:423 - [WS MSGS] total=142000 depth=126617 aggTrade=15383 other=0
2026-06-06 13:30:33.772 | WARNING  | data.exchange_connector:start_websocket:328 - WebSocket closed (code=1006) on wss://data-stream.binance.vision/stream?streams=icpusdt@depth@100ms/icpusdt@aggTrade, failure #1
2026-06-06 13:30:33.772 | INFO     | data.exchange_connector:start_websocket:342 - Reconnecting in 1.0s...
2026-06-06 13:30:34.775 | INFO     | data.exchange_connector:start_websocket:293 - Connecting to WebSocket: wss://data-stream.binance.vision/stream?streams=icpusdt@depth@100ms/icpusdt@aggTrade
2026-06-06 13:30:35.340 | INFO     | data.exchange_connector:start_websocket:302 - WebSocket connected: wss://data-stream.binance.vision/stream?streams=icpusdt@depth@100ms/icpusdt@aggTrade
2026-06-06 13:30:35.340 | INFO     | data.exchange_connector:start_websocket:305 - Fetching fresh order book snapshot...
2026-06-06 13:30:36.446 | INFO     | data.exchange_connector:_fetch_rest_snapshot:223 - Snapshot loaded: 664b/1000a, lastUpdateId=6361489031 [Resync #98]
2026-06-06 13:30:36.446 | INFO     | data.exchange_connector:_fetch_rest_snapshot:234 - Book synchronized. Total resyncs: 98
2026-06-06 13:30:36.446 | INFO     | data.exchange_connector:start_websocket:312 - Subscribed to market data streams
2026-06-06 13:30:40.235 | INFO     | data.exchange_connector:_process_message:423 - [WS MSGS] total=142500 depth=127045 aggTrade=15455 other=0
2026-06-06 13:30:46.452 | INFO     | data.exchange_connector:_handle_trade:480 - [TRACE TRADE #15500] keys=['e', 'E', 's', 'a', 'p', 'q', 'f', 'l', 'T', 'm', 'M'] p=2.26400000 q=44.16000000 m=False
2026-06-06 13:31:27.391 | INFO     | data.exchange_connector:_process_message:423 - [WS MSGS] total=143000 depth=127423 aggTrade=15577 other=0
2026-06-06 13:32:46.507 | INFO     | data.exchange_connector:_process_message:423 - [WS MSGS] total=143500 depth=127883 aggTrade=15617 other=0
2026-06-06 13:34:11.290 | WARNING  | data.exchange_connector:start_websocket:328 - WebSocket closed (code=1006) on wss://data-stream.binance.vision/stream?streams=icpusdt@depth@100ms/icpusdt@aggTrade, failure #1
2026-06-06 13:34:11.290 | INFO     | data.exchange_connector:start_websocket:342 - Reconnecting in 1.0s...
2026-06-06 13:34:12.299 | INFO     | data.exchange_connector:start_websocket:293 - Connecting to WebSocket: wss://data-stream.binance.vision/stream?streams=icpusdt@depth@100ms/icpusdt@aggTrade
2026-06-06 13:34:12.788 | INFO     | data.exchange_connector:start_websocket:302 - WebSocket connected: wss://data-stream.binance.vision/stream?streams=icpusdt@depth@100ms/icpusdt@aggTrade
2026-06-06 13:34:12.788 | INFO     | data.exchange_connector:start_websocket:305 - Fetching fresh order book snapshot...
2026-06-06 13:34:13.971 | INFO     | data.exchange_connector:_fetch_rest_snapshot:223 - Snapshot loaded: 660b/1000a, lastUpdateId=6361501695 [Resync #99]
2026-06-06 13:34:13.971 | INFO     | data.exchange_connector:_fetch_rest_snapshot:234 - Book synchronized. Total resyncs: 99
2026-06-06 13:34:13.971 | INFO     | data.exchange_connector:start_websocket:312 - Subscribed to market data streams
2026-06-06 13:34:43.813 | INFO     | data.exchange_connector:_process_message:423 - [WS MSGS] total=144000 depth=128285 aggTrade=15715 other=0
2026-06-06 13:36:38.514 | INFO     | data.exchange_connector:_process_message:423 - [WS MSGS] total=144500 depth=128732 aggTrade=15768 other=0
2026-06-06 13:37:54.683 | WARNING  | data.exchange_connector:start_websocket:328 - WebSocket closed (code=1006) on wss://data-stream.binance.vision/stream?streams=icpusdt@depth@100ms/icpusdt@aggTrade, failure #1
2026-06-06 13:37:54.683 | INFO     | data.exchange_connector:start_websocket:342 - Reconnecting in 1.0s...
2026-06-06 13:37:55.691 | INFO     | data.exchange_connector:start_websocket:293 - Connecting to WebSocket: wss://data-stream.binance.vision/stream?streams=icpusdt@depth@100ms/icpusdt@aggTrade
2026-06-06 13:37:56.178 | INFO     | data.exchange_connector:start_websocket:302 - WebSocket connected: wss://data-stream.binance.vision/stream?streams=icpusdt@depth@100ms/icpusdt@aggTrade
2026-06-06 13:37:56.178 | INFO     | data.exchange_connector:start_websocket:305 - Fetching fresh order book snapshot...
2026-06-06 13:37:57.264 | INFO     | data.exchange_connector:_fetch_rest_snapshot:223 - Snapshot loaded: 660b/1000a, lastUpdateId=6361509285 [Resync #100]
2026-06-06 13:37:57.264 | INFO     | data.exchange_connector:_fetch_rest_snapshot:234 - Book synchronized. Total resyncs: 100
2026-06-06 13:37:57.264 | INFO     | data.exchange_connector:start_websocket:312 - Subscribed to market data streams
2026-06-06 13:38:53.312 | INFO     | data.exchange_connector:_process_message:423 - [WS MSGS] total=145000 depth=129195 aggTrade=15805 other=0
2026-06-06 13:41:28.080 | WARNING  | data.exchange_connector:start_websocket:328 - WebSocket closed (code=1006) on wss://data-stream.binance.vision/stream?streams=icpusdt@depth@100ms/icpusdt@aggTrade, failure #1
2026-06-06 13:41:28.080 | INFO     | data.exchange_connector:start_websocket:342 - Reconnecting in 1.0s...
2026-06-06 13:41:29.086 | INFO     | data.exchange_connector:start_websocket:293 - Connecting to WebSocket: wss://data-stream.binance.vision/stream?streams=icpusdt@depth@100ms/icpusdt@aggTrade
2026-06-06 13:41:29.498 | INFO     | data.exchange_connector:start_websocket:302 - WebSocket connected: wss://data-stream.binance.vision/stream?streams=icpusdt@depth@100ms/icpusdt@aggTrade
2026-06-06 13:41:29.498 | INFO     | data.exchange_connector:start_websocket:305 - Fetching fresh order book snapshot...
2026-06-06 13:41:30.734 | INFO     | data.exchange_connector:_fetch_rest_snapshot:223 - Snapshot loaded: 665b/1000a, lastUpdateId=6361514414 [Resync #101]
2026-06-06 13:41:30.734 | INFO     | data.exchange_connector:_fetch_rest_snapshot:234 - Book synchronized. Total resyncs: 101
2026-06-06 13:41:30.734 | INFO     | data.exchange_connector:start_websocket:312 - Subscribed to market data streams
2026-06-06 13:41:52.300 | INFO     | data.exchange_connector:_process_message:423 - [WS MSGS] total=145500 depth=129647 aggTrade=15853 other=0
2026-06-06 13:43:44.892 | INFO     | data.exchange_connector:_process_message:423 - [WS MSGS] total=146000 depth=130087 aggTrade=15913 other=0
2026-06-06 13:45:07.081 | WARNING  | data.exchange_connector:start_websocket:328 - WebSocket closed (code=1006) on wss://data-stream.binance.vision/stream?streams=icpusdt@depth@100ms/icpusdt@aggTrade, failure #1
2026-06-06 13:45:07.081 | INFO     | data.exchange_connector:start_websocket:342 - Reconnecting in 1.0s...
2026-06-06 13:45:08.095 | INFO     | data.exchange_connector:start_websocket:293 - Connecting to WebSocket: wss://data-stream.binance.vision/stream?streams=icpusdt@depth@100ms/icpusdt@aggTrade
2026-06-06 13:45:08.610 | INFO     | data.exchange_connector:start_websocket:302 - WebSocket connected: wss://data-stream.binance.vision/stream?streams=icpusdt@depth@100ms/icpusdt@aggTrade
2026-06-06 13:45:08.611 | INFO     | data.exchange_connector:start_websocket:305 - Fetching fresh order book snapshot...
2026-06-06 13:45:09.785 | INFO     | data.exchange_connector:_fetch_rest_snapshot:223 - Snapshot loaded: 671b/1000a, lastUpdateId=6361519828 [Resync #102]
2026-06-06 13:45:09.785 | INFO     | data.exchange_connector:_fetch_rest_snapshot:234 - Book synchronized. Total resyncs: 102
2026-06-06 13:45:09.785 | INFO     | data.exchange_connector:start_websocket:312 - Subscribed to market data streams
2026-06-06 13:46:45.251 | INFO     | data.exchange_connector:_process_message:423 - [WS MSGS] total=146500 depth=130563 aggTrade=15937 other=0
2026-06-06 13:48:17.166 | WARNING  | data.exchange_connector:start_websocket:328 - WebSocket closed (code=1006) on wss://data-stream.binance.vision/stream?streams=icpusdt@depth@100ms/icpusdt@aggTrade, failure #1
2026-06-06 13:48:17.166 | INFO     | data.exchange_connector:start_websocket:342 - Reconnecting in 1.0s...
2026-06-06 13:48:18.181 | INFO     | data.exchange_connector:start_websocket:293 - Connecting to WebSocket: wss://data-stream.binance.vision/stream?streams=icpusdt@depth@100ms/icpusdt@aggTrade
2026-06-06 13:48:18.674 | INFO     | data.exchange_connector:start_websocket:302 - WebSocket connected: wss://data-stream.binance.vision/stream?streams=icpusdt@depth@100ms/icpusdt@aggTrade
2026-06-06 13:48:18.674 | INFO     | data.exchange_connector:start_websocket:305 - Fetching fresh order book snapshot...
2026-06-06 13:48:19.778 | INFO     | data.exchange_connector:_fetch_rest_snapshot:223 - Snapshot loaded: 670b/1000a, lastUpdateId=6361524899 [Resync #103]
2026-06-06 13:48:19.778 | INFO     | data.exchange_connector:_fetch_rest_snapshot:234 - Book synchronized. Total resyncs: 103
2026-06-06 13:48:19.778 | INFO     | data.exchange_connector:start_websocket:312 - Subscribed to market data streams
2026-06-06 13:49:04.712 | INFO     | data.exchange_connector:start_websocket:330 - WebSocket task cancelled
2026-06-06 13:49:04.712 | INFO     | data.exchange_connector:disconnect:118 - Disconnected from exchange
