2026-06-05 14:12:20.169 | INFO     | main:run_paper:534 - Starting paper trading: ['absorption', 'stacked_imbalance']
2026-06-05 14:12:20.172 | INFO     | main:run_paper:545 -   Loaded strategy: absorption
2026-06-05 14:12:20.172 | INFO     | main:run_paper:545 -   Loaded strategy: stacked_imbalance
2026-06-05 14:12:20.173 | INFO     | data.exchange_connector:connect:95 - Connecting to binance (attempt 1/5)...
2026-06-05 14:12:23.900 | INFO     | data.exchange_connector:connect:97 - Connected to binance
2026-06-05 14:12:23.901 | INFO     | data.exchange_connector:start_websocket:293 - Connecting to WebSocket: wss://stream.binance.com:443/stream?streams=icpusdt@depth@100ms/icpusdt@aggTrade
2026-06-05 14:12:26.179 | INFO     | data.exchange_connector:start_websocket:302 - WebSocket connected: wss://stream.binance.com:443/stream?streams=icpusdt@depth@100ms/icpusdt@aggTrade
2026-06-05 14:12:26.179 | INFO     | data.exchange_connector:start_websocket:305 - Fetching fresh order book snapshot...
2026-06-05 14:12:26.727 | INFO     | data.exchange_connector:_fetch_rest_snapshot:223 - Snapshot loaded: 722b/1000a, lastUpdateId=6357580638 [Resync #1]
2026-06-05 14:12:26.728 | INFO     | data.exchange_connector:_fetch_rest_snapshot:234 - Book synchronized. Total resyncs: 1
2026-06-05 14:12:26.729 | INFO     | data.exchange_connector:start_websocket:312 - Subscribed to market data streams
2026-06-05 14:12:39.833 | INFO     | data.exchange_connector:_handle_trade:480 - [TRACE TRADE #1] keys=['e', 'E', 's', 'a', 'p', 'q', 'f', 'l', 'T', 'm', 'M'] p=2.42600000 q=66.34000000 m=False
2026-06-05 14:12:49.309 | INFO     | data.exchange_connector:_handle_trade:480 - [TRACE TRADE #2] keys=['e', 'E', 's', 'a', 'p', 'q', 'f', 'l', 'T', 'm', 'M'] p=2.42500000 q=2.63000000 m=True
2026-06-05 14:12:57.816 | INFO     | data.exchange_connector:_handle_trade:480 - [TRACE TRADE #3] keys=['e', 'E', 's', 'a', 'p', 'q', 'f', 'l', 'T', 'm', 'M'] p=2.42600000 q=5.67000000 m=False
2026-06-05 14:13:04.058 | INFO     | knowledge.strategy_library:evaluate:302 - [Stacked Imbalance] SIGNAL: STRONG_BUY @ 2.4255 | SL=2.4085 TP=2.6681 | Regime=UNKNOWN | Score=3.98
2026-06-05 14:13:04.060 | WARNING  | execution.order_manager:validate_signal_with_fee_filter:245 - [OrderManager] Fee filter REJECTED: Spread 0.0412% is 4.1x expected 0.0100%. Likely illiquidity. Reject.
2026-06-05 14:13:04.145 | INFO     | knowledge.strategy_library:evaluate:302 - [Stacked Imbalance] SIGNAL: STRONG_BUY @ 2.4255 | SL=2.4085 TP=2.6681 | Regime=UNKNOWN | Score=3.95
2026-06-05 14:13:04.145 | WARNING  | execution.order_manager:validate_signal_with_fee_filter:245 - [OrderManager] Fee filter REJECTED: Spread 0.0412% is 4.1x expected 0.0100%. Likely illiquidity. Reject.
2026-06-05 14:13:04.343 | INFO     | knowledge.strategy_library:evaluate:302 - [Stacked Imbalance] SIGNAL: STRONG_BUY @ 2.4255 | SL=2.4085 TP=2.6681 | Regime=UNKNOWN | Score=3.93
2026-06-05 14:13:04.345 | WARNING  | execution.order_manager:validate_signal_with_fee_filter:245 - [OrderManager] Fee filter REJECTED: Spread 0.0412% is 4.1x expected 0.0100%. Likely illiquidity. Reject.
2026-06-05 14:13:04.897 | INFO     | knowledge.strategy_library:evaluate:302 - [Stacked Imbalance] SIGNAL: STRONG_BUY @ 2.4255 | SL=2.4085 TP=2.6681 | Regime=UNKNOWN | Score=3.84
2026-06-05 14:13:04.899 | WARNING  | execution.order_manager:validate_signal_with_fee_filter:245 - [OrderManager] Fee filter REJECTED: Spread 0.0412% is 4.1x expected 0.0100%. Likely illiquidity. Reject.
2026-06-05 14:13:04.952 | INFO     | knowledge.strategy_library:evaluate:302 - [Stacked Imbalance] SIGNAL: STRONG_BUY @ 2.4255 | SL=2.4085 TP=2.6681 | Regime=UNKNOWN | Score=3.84
2026-06-05 14:13:04.953 | WARNING  | execution.order_manager:validate_signal_with_fee_filter:245 - [OrderManager] Fee filter REJECTED: Spread 0.0412% is 4.1x expected 0.0100%. Likely illiquidity. Reject.
2026-06-05 14:13:05.145 | INFO     | knowledge.strategy_library:evaluate:302 - [Stacked Imbalance] SIGNAL: STRONG_BUY @ 2.4255 | SL=2.4085 TP=2.6681 | Regime=UNKNOWN | Score=3.88
2026-06-05 14:13:05.146 | WARNING  | execution.order_manager:validate_signal_with_fee_filter:245 - [OrderManager] Fee filter REJECTED: Spread 0.0412% is 4.1x expected 0.0100%. Likely illiquidity. Reject.
2026-06-05 14:13:05.244 | INFO     | knowledge.strategy_library:evaluate:302 - [Stacked Imbalance] SIGNAL: STRONG_BUY @ 2.4265 | SL=2.4095 TP=2.6691 | Regime=UNKNOWN | Score=3.79
2026-06-05 14:13:05.246 | WARNING  | execution.order_manager:validate_signal_with_fee_filter:245 - [OrderManager] Fee filter REJECTED: Spread 0.0412% is 4.1x expected 0.0100%. Likely illiquidity. Reject.
2026-06-05 14:13:05.345 | INFO     | knowledge.strategy_library:evaluate:302 - [Stacked Imbalance] SIGNAL: STRONG_BUY @ 2.4260 | SL=2.4090 TP=2.6686 | Regime=UNKNOWN | Score=3.79
2026-06-05 14:13:05.346 | WARNING  | execution.order_manager:validate_signal_with_fee_filter:245 - [OrderManager] Fee filter REJECTED: Spread 0.0824% is 8.2x expected 0.0100%. Likely illiquidity. Reject.
2026-06-05 14:13:05.481 | INFO     | knowledge.strategy_library:evaluate:302 - [Stacked Imbalance] SIGNAL: STRONG_BUY @ 2.4265 | SL=2.4095 TP=2.6691 | Regime=UNKNOWN | Score=3.79
2026-06-05 14:13:05.485 | WARNING  | execution.order_manager:validate_signal_with_fee_filter:245 - [OrderManager] Fee filter REJECTED: Spread 0.0412% is 4.1x expected 0.0100%. Likely illiquidity. Reject.
2026-06-05 14:13:05.543 | INFO     | knowledge.strategy_library:evaluate:302 - [Stacked Imbalance] SIGNAL: STRONG_BUY @ 2.4265 | SL=2.4095 TP=2.6691 | Regime=UNKNOWN | Score=3.79
2026-06-05 14:13:05.544 | WARNING  | execution.order_manager:validate_signal_with_fee_filter:245 - [OrderManager] Fee filter REJECTED: Spread 0.0412% is 4.1x expected 0.0100%. Likely illiquidity. Reject.
2026-06-05 14:13:06.264 | INFO     | knowledge.strategy_library:evaluate:302 - [Stacked Imbalance] SIGNAL: STRONG_BUY @ 2.4265 | SL=2.4095 TP=2.6691 | Regime=UNKNOWN | Score=3.79
2026-06-05 14:13:06.283 | WARNING  | execution.order_manager:validate_signal_with_fee_filter:245 - [OrderManager] Fee filter REJECTED: Spread 0.0412% is 4.1x expected 0.0100%. Likely illiquidity. Reject.
2026-06-05 14:13:06.543 | INFO     | knowledge.strategy_library:evaluate:302 - [Stacked Imbalance] SIGNAL: STRONG_BUY @ 2.4265 | SL=2.4095 TP=2.6691 | Regime=UNKNOWN | Score=3.79
2026-06-05 14:13:06.544 | WARNING  | execution.order_manager:validate_signal_with_fee_filter:245 - [OrderManager] Fee filter REJECTED: Spread 0.0412% is 4.1x expected 0.0100%. Likely illiquidity. Reject.
2026-06-05 14:13:07.149 | INFO     | knowledge.strategy_library:evaluate:302 - [Stacked Imbalance] SIGNAL: STRONG_BUY @ 2.4265 | SL=2.4095 TP=2.6691 | Regime=UNKNOWN | Score=4.50
2026-06-05 14:13:07.150 | WARNING  | execution.order_manager:validate_signal_with_fee_filter:245 - [OrderManager] Fee filter REJECTED: Spread 0.0412% is 4.1x expected 0.0100%. Likely illiquidity. Reject.
2026-06-05 14:13:07.344 | INFO     | knowledge.strategy_library:evaluate:302 - [Stacked Imbalance] SIGNAL: STRONG_BUY @ 2.4275 | SL=2.4065 TP=2.7275 | Regime=UNKNOWN | Score=4.50
2026-06-05 14:13:07.346 | WARNING  | execution.order_manager:validate_signal_with_fee_filter:245 - [OrderManager] Fee filter REJECTED: Spread 0.0412% is 4.1x expected 0.0100%. Likely illiquidity. Reject.
2026-06-05 14:13:07.445 | INFO     | knowledge.strategy_library:evaluate:302 - [Stacked Imbalance] SIGNAL: STRONG_BUY @ 2.4270 | SL=2.4060 TP=2.7270 | Regime=UNKNOWN | Score=4.50
2026-06-05 14:13:07.447 | WARNING  | execution.order_manager:validate_signal_with_fee_filter:245 - [OrderManager] Fee filter REJECTED: Spread 0.0824% is 8.2x expected 0.0100%. Likely illiquidity. Reject.
2026-06-05 14:13:07.543 | INFO     | knowledge.strategy_library:evaluate:302 - [Stacked Imbalance] SIGNAL: STRONG_BUY @ 2.4270 | SL=2.4060 TP=2.7270 | Regime=UNKNOWN | Score=4.50
2026-06-05 14:13:07.544 | WARNING  | execution.order_manager:validate_signal_with_fee_filter:245 - [OrderManager] Fee filter REJECTED: Spread 0.0824% is 8.2x expected 0.0100%. Likely illiquidity. Reject.
2026-06-05 14:13:08.171 | INFO     | knowledge.strategy_library:evaluate:302 - [Stacked Imbalance] SIGNAL: STRONG_BUY @ 2.4265 | SL=2.4055 TP=2.7265 | Regime=UNKNOWN | Score=4.50
2026-06-05 14:13:08.172 | WARNING  | execution.order_manager:validate_signal_with_fee_filter:245 - [OrderManager] Fee filter REJECTED: Spread 0.0412% is 4.1x expected 0.0100%. Likely illiquidity. Reject.
2026-06-05 14:13:08.244 | INFO     | knowledge.strategy_library:evaluate:302 - [Stacked Imbalance] SIGNAL: STRONG_BUY @ 2.4265 | SL=2.4055 TP=2.7265 | Regime=UNKNOWN | Score=4.50
2026-06-05 14:13:08.245 | WARNING  | execution.order_manager:validate_signal_with_fee_filter:245 - [OrderManager] Fee filter REJECTED: Spread 0.0412% is 4.1x expected 0.0100%. Likely illiquidity. Reject.
2026-06-05 14:13:09.097 | INFO     | knowledge.strategy_library:evaluate:302 - [Stacked Imbalance] SIGNAL: STRONG_BUY @ 2.4265 | SL=2.4055 TP=2.7265 | Regime=UNKNOWN | Score=4.50
2026-06-05 14:13:09.099 | WARNING  | execution.order_manager:validate_signal_with_fee_filter:245 - [OrderManager] Fee filter REJECTED: Spread 0.0412% is 4.1x expected 0.0100%. Likely illiquidity. Reject.
2026-06-05 14:13:10.044 | INFO     | knowledge.strategy_library:evaluate:302 - [Stacked Imbalance] SIGNAL: STRONG_BUY @ 2.4275 | SL=2.4065 TP=2.7275 | Regime=UNKNOWN | Score=4.50
2026-06-05 14:13:10.045 | WARNING  | execution.order_manager:validate_signal_with_fee_filter:245 - [OrderManager] Fee filter REJECTED: Spread 0.0412% is 4.1x expected 0.0100%. Likely illiquidity. Reject.
2026-06-05 14:13:10.145 | INFO     | knowledge.strategy_library:evaluate:302 - [Stacked Imbalance] SIGNAL: STRONG_BUY @ 2.4275 | SL=2.4065 TP=2.7275 | Regime=UNKNOWN | Score=4.50
2026-06-05 14:13:10.146 | WARNING  | execution.order_manager:validate_signal_with_fee_filter:245 - [OrderManager] Fee filter REJECTED: Spread 0.0412% is 4.1x expected 0.0100%. Likely illiquidity. Reject.
2026-06-05 14:13:10.246 | INFO     | knowledge.strategy_library:evaluate:302 - [Stacked Imbalance] SIGNAL: STRONG_BUY @ 2.4275 | SL=2.4065 TP=2.7275 | Regime=UNKNOWN | Score=4.50
2026-06-05 14:13:10.247 | WARNING  | execution.order_manager:validate_signal_with_fee_filter:245 - [OrderManager] Fee filter REJECTED: Spread 0.0412% is 4.1x expected 0.0100%. Likely illiquidity. Reject.
2026-06-05 14:13:10.445 | INFO     | knowledge.strategy_library:evaluate:302 - [Stacked Imbalance] SIGNAL: STRONG_BUY @ 2.4275 | SL=2.4065 TP=2.7275 | Regime=UNKNOWN | Score=4.50
2026-06-05 14:13:10.446 | WARNING  | execution.order_manager:validate_signal_with_fee_filter:245 - [OrderManager] Fee filter REJECTED: Spread 0.0412% is 4.1x expected 0.0100%. Likely illiquidity. Reject.
2026-06-05 14:13:10.544 | INFO     | knowledge.strategy_library:evaluate:302 - [Stacked Imbalance] SIGNAL: STRONG_BUY @ 2.4275 | SL=2.4065 TP=2.7275 | Regime=UNKNOWN | Score=4.50
2026-06-05 14:13:10.544 | WARNING  | execution.order_manager:validate_signal_with_fee_filter:245 - [OrderManager] Fee filter REJECTED: Spread 0.0412% is 4.1x expected 0.0100%. Likely illiquidity. Reject.
2026-06-05 14:13:10.645 | INFO     | knowledge.strategy_library:evaluate:302 - [Stacked Imbalance] SIGNAL: STRONG_BUY @ 2.4275 | SL=2.4065 TP=2.7275 | Regime=UNKNOWN | Score=4.50
2026-06-05 14:13:10.646 | WARNING  | execution.order_manager:validate_signal_with_fee_filter:245 - [OrderManager] Fee filter REJECTED: Spread 0.0412% is 4.1x expected 0.0100%. Likely illiquidity. Reject.
2026-06-05 14:13:11.049 | INFO     | knowledge.strategy_library:evaluate:302 - [Stacked Imbalance] SIGNAL: STRONG_BUY @ 2.4275 | SL=2.4065 TP=2.7275 | Regime=UNKNOWN | Score=4.50
2026-06-05 14:13:11.050 | WARNING  | execution.order_manager:validate_signal_with_fee_filter:245 - [OrderManager] Fee filter REJECTED: Spread 0.0412% is 4.1x expected 0.0100%. Likely illiquidity. Reject.
2026-06-05 14:13:11.143 | INFO     | knowledge.strategy_library:evaluate:302 - [Stacked Imbalance] SIGNAL: STRONG_BUY @ 2.4275 | SL=2.4065 TP=2.7275 | Regime=UNKNOWN | Score=4.50
2026-06-05 14:13:11.145 | WARNING  | execution.order_manager:validate_signal_with_fee_filter:245 - [OrderManager] Fee filter REJECTED: Spread 0.0412% is 4.1x expected 0.0100%. Likely illiquidity. Reject.
2026-06-05 14:13:11.345 | INFO     | knowledge.strategy_library:evaluate:302 - [Stacked Imbalance] SIGNAL: STRONG_BUY @ 2.4275 | SL=2.4065 TP=2.7275 | Regime=UNKNOWN | Score=4.50
2026-06-05 14:13:11.346 | WARNING  | execution.order_manager:validate_signal_with_fee_filter:245 - [OrderManager] Fee filter REJECTED: Spread 0.0412% is 4.1x expected 0.0100%. Likely illiquidity. Reject.
2026-06-05 14:13:11.650 | INFO     | knowledge.strategy_library:evaluate:302 - [Stacked Imbalance] SIGNAL: STRONG_BUY @ 2.4275 | SL=2.4065 TP=2.7275 | Regime=UNKNOWN | Score=4.50
2026-06-05 14:13:11.651 | WARNING  | execution.order_manager:validate_signal_with_fee_filter:245 - [OrderManager] Fee filter REJECTED: Spread 0.0412% is 4.1x expected 0.0100%. Likely illiquidity. Reject.
2026-06-05 14:13:11.662 | INFO     | knowledge.strategy_library:evaluate:302 - [Stacked Imbalance] SIGNAL: STRONG_BUY @ 2.4275 | SL=2.4065 TP=2.7275 | Regime=UNKNOWN | Score=4.50
2026-06-05 14:13:11.664 | WARNING  | execution.order_manager:validate_signal_with_fee_filter:245 - [OrderManager] Fee filter REJECTED: Spread 0.0412% is 4.1x expected 0.0100%. Likely illiquidity. Reject.
2026-06-05 14:13:12.146 | INFO     | knowledge.strategy_library:evaluate:302 - [Stacked Imbalance] SIGNAL: STRONG_BUY @ 2.4275 | SL=2.4065 TP=2.7275 | Regime=UNKNOWN | Score=4.50
2026-06-05 14:13:12.147 | WARNING  | execution.order_manager:validate_signal_with_fee_filter:245 - [OrderManager] Fee filter REJECTED: Spread 0.0412% is 4.1x expected 0.0100%. Likely illiquidity. Reject.
2026-06-05 14:13:13.149 | INFO     | knowledge.strategy_library:evaluate:302 - [Stacked Imbalance] SIGNAL: STRONG_BUY @ 2.4275 | SL=2.4065 TP=2.7275 | Regime=UNKNOWN | Score=4.50
2026-06-05 14:13:13.150 | WARNING  | execution.order_manager:validate_signal_with_fee_filter:245 - [OrderManager] Fee filter REJECTED: Spread 0.0412% is 4.1x expected 0.0100%. Likely illiquidity. Reject.
2026-06-05 14:13:13.584 | INFO     | knowledge.strategy_library:evaluate:302 - [Stacked Imbalance] SIGNAL: STRONG_BUY @ 2.4275 | SL=2.4065 TP=2.7275 | Regime=UNKNOWN | Score=4.50
2026-06-05 14:13:13.585 | WARNING  | execution.order_manager:validate_signal_with_fee_filter:245 - [OrderManager] Fee filter REJECTED: Spread 0.0412% is 4.1x expected 0.0100%. Likely illiquidity. Reject.
2026-06-05 14:13:14.114 | INFO     | knowledge.strategy_library:evaluate:302 - [Stacked Imbalance] SIGNAL: STRONG_BUY @ 2.4275 | SL=2.4065 TP=2.7275 | Regime=UNKNOWN | Score=4.50
2026-06-05 14:13:14.116 | WARNING  | execution.order_manager:validate_signal_with_fee_filter:245 - [OrderManager] Fee filter REJECTED: Spread 0.0412% is 4.1x expected 0.0100%. Likely illiquidity. Reject.
2026-06-05 14:13:14.145 | INFO     | knowledge.strategy_library:evaluate:302 - [Stacked Imbalance] SIGNAL: STRONG_BUY @ 2.4275 | SL=2.4065 TP=2.7275 | Regime=UNKNOWN | Score=4.50
2026-06-05 14:13:14.146 | WARNING  | execution.order_manager:validate_signal_with_fee_filter:245 - [OrderManager] Fee filter REJECTED: Spread 0.0412% is 4.1x expected 0.0100%. Likely illiquidity. Reject.
2026-06-05 14:13:14.541 | INFO     | knowledge.strategy_library:evaluate:302 - [Stacked Imbalance] SIGNAL: STRONG_BUY @ 2.4275 | SL=2.4065 TP=2.7275 | Regime=UNKNOWN | Score=4.50
2026-06-05 14:13:14.542 | WARNING  | execution.order_manager:validate_signal_with_fee_filter:245 - [OrderManager] Fee filter REJECTED: Spread 0.0412% is 4.1x expected 0.0100%. Likely illiquidity. Reject.
2026-06-05 14:13:14.826 | INFO     | knowledge.strategy_library:evaluate:302 - [Stacked Imbalance] SIGNAL: STRONG_BUY @ 2.4275 | SL=2.4065 TP=2.7275 | Regime=UNKNOWN | Score=4.50
2026-06-05 14:13:14.828 | WARNING  | execution.order_manager:validate_signal_with_fee_filter:245 - [OrderManager] Fee filter REJECTED: Spread 0.0412% is 4.1x expected 0.0100%. Likely illiquidity. Reject.
2026-06-05 14:13:15.462 | INFO     | knowledge.strategy_library:evaluate:302 - [Stacked Imbalance] SIGNAL: STRONG_BUY @ 2.4275 | SL=2.4065 TP=2.7275 | Regime=UNKNOWN | Score=4.92
2026-06-05 14:13:15.464 | WARNING  | execution.order_manager:validate_signal_with_fee_filter:245 - [OrderManager] Fee filter REJECTED: Spread 0.0412% is 4.1x expected 0.0100%. Likely illiquidity. Reject.
2026-06-05 14:13:16.979 | INFO     | knowledge.strategy_library:evaluate:302 - [Stacked Imbalance] SIGNAL: STRONG_BUY @ 2.4275 | SL=2.4065 TP=2.7275 | Regime=UNKNOWN | Score=4.87
2026-06-05 14:13:16.981 | WARNING  | execution.order_manager:validate_signal_with_fee_filter:245 - [OrderManager] Fee filter REJECTED: Spread 0.0412% is 4.1x expected 0.0100%. Likely illiquidity. Reject.
2026-06-05 14:13:17.181 | INFO     | knowledge.strategy_library:evaluate:302 - [Stacked Imbalance] SIGNAL: STRONG_BUY @ 2.4275 | SL=2.4065 TP=2.7275 | Regime=UNKNOWN | Score=4.87
2026-06-05 14:13:17.183 | WARNING  | execution.order_manager:validate_signal_with_fee_filter:245 - [OrderManager] Fee filter REJECTED: Spread 0.0412% is 4.1x expected 0.0100%. Likely illiquidity. Reject.
2026-06-05 14:13:18.246 | INFO     | knowledge.strategy_library:evaluate:302 - [Stacked Imbalance] SIGNAL: STRONG_BUY @ 2.4275 | SL=2.4065 TP=2.7275 | Regime=UNKNOWN | Score=4.87
2026-06-05 14:13:18.247 | WARNING  | execution.order_manager:validate_signal_with_fee_filter:245 - [OrderManager] Fee filter REJECTED: Spread 0.0412% is 4.1x expected 0.0100%. Likely illiquidity. Reject.
2026-06-05 14:13:18.344 | INFO     | knowledge.strategy_library:evaluate:302 - [Stacked Imbalance] SIGNAL: STRONG_BUY @ 2.4275 | SL=2.4065 TP=2.7275 | Regime=UNKNOWN | Score=4.87
2026-06-05 14:13:18.346 | WARNING  | execution.order_manager:validate_signal_with_fee_filter:245 - [OrderManager] Fee filter REJECTED: Spread 0.0412% is 4.1x expected 0.0100%. Likely illiquidity. Reject.
2026-06-05 14:13:19.950 | INFO     | knowledge.strategy_library:evaluate:302 - [Stacked Imbalance] SIGNAL: STRONG_BUY @ 2.4275 | SL=2.4065 TP=2.7275 | Regime=UNKNOWN | Score=6.28
2026-06-05 14:13:19.951 | WARNING  | execution.order_manager:validate_signal_with_fee_filter:245 - [OrderManager] Fee filter REJECTED: Spread 0.0412% is 4.1x expected 0.0100%. Likely illiquidity. Reject.
2026-06-05 14:13:20.246 | INFO     | knowledge.strategy_library:evaluate:302 - [Stacked Imbalance] SIGNAL: STRONG_BUY @ 2.4275 | SL=2.4065 TP=2.7275 | Regime=UNKNOWN | Score=6.28
2026-06-05 14:13:20.247 | WARNING  | execution.order_manager:validate_signal_with_fee_filter:245 - [OrderManager] Fee filter REJECTED: Spread 0.0412% is 4.1x expected 0.0100%. Likely illiquidity. Reject.
2026-06-05 14:13:20.545 | INFO     | knowledge.strategy_library:evaluate:302 - [Stacked Imbalance] SIGNAL: STRONG_BUY @ 2.4275 | SL=2.4065 TP=2.7275 | Regime=UNKNOWN | Score=6.29
2026-06-05 14:13:20.546 | WARNING  | execution.order_manager:validate_signal_with_fee_filter:245 - [OrderManager] Fee filter REJECTED: Spread 0.0412% is 4.1x expected 0.0100%. Likely illiquidity. Reject.
2026-06-05 14:13:21.644 | INFO     | knowledge.strategy_library:evaluate:302 - [Stacked Imbalance] SIGNAL: STRONG_BUY @ 2.4275 | SL=2.4065 TP=2.7275 | Regime=UNKNOWN | Score=6.29
2026-06-05 14:13:21.646 | WARNING  | execution.order_manager:validate_signal_with_fee_filter:245 - [OrderManager] Fee filter REJECTED: Spread 0.0412% is 4.1x expected 0.0100%. Likely illiquidity. Reject.
2026-06-05 14:13:21.743 | INFO     | knowledge.strategy_library:evaluate:302 - [Stacked Imbalance] SIGNAL: STRONG_BUY @ 2.4275 | SL=2.4065 TP=2.7275 | Regime=UNKNOWN | Score=6.29
2026-06-05 14:13:21.745 | WARNING  | execution.order_manager:validate_signal_with_fee_filter:245 - [OrderManager] Fee filter REJECTED: Spread 0.0412% is 4.1x expected 0.0100%. Likely illiquidity. Reject.
2026-06-05 14:13:23.143 | INFO     | knowledge.strategy_library:evaluate:302 - [Stacked Imbalance] SIGNAL: STRONG_BUY @ 2.4275 | SL=2.4065 TP=2.7275 | Regime=UNKNOWN | Score=6.30
2026-06-05 14:13:23.144 | WARNING  | execution.order_manager:validate_signal_with_fee_filter:245 - [OrderManager] Fee filter REJECTED: Spread 0.0412% is 4.1x expected 0.0100%. Likely illiquidity. Reject.
2026-06-05 14:13:23.837 | INFO     | knowledge.strategy_library:evaluate:302 - [Stacked Imbalance] SIGNAL: STRONG_BUY @ 2.4275 | SL=2.4065 TP=2.7275 | Regime=UNKNOWN | Score=6.30
2026-06-05 14:13:23.838 | WARNING  | execution.order_manager:validate_signal_with_fee_filter:245 - [OrderManager] Fee filter REJECTED: Spread 0.0412% is 4.1x expected 0.0100%. Likely illiquidity. Reject.
2026-06-05 14:13:24.962 | INFO     | knowledge.strategy_library:evaluate:302 - [Stacked Imbalance] SIGNAL: STRONG_BUY @ 2.4275 | SL=2.4065 TP=2.7275 | Regime=UNKNOWN | Score=6.30
2026-06-05 14:13:24.963 | WARNING  | execution.order_manager:validate_signal_with_fee_filter:245 - [OrderManager] Fee filter REJECTED: Spread 0.0412% is 4.1x expected 0.0100%. Likely illiquidity. Reject.
2026-06-05 14:13:25.228 | INFO     | knowledge.strategy_library:evaluate:302 - [Stacked Imbalance] SIGNAL: STRONG_BUY @ 2.4275 | SL=2.4065 TP=2.7275 | Regime=UNKNOWN | Score=6.30
2026-06-05 14:13:25.230 | WARNING  | execution.order_manager:validate_signal_with_fee_filter:245 - [OrderManager] Fee filter REJECTED: Spread 0.0412% is 4.1x expected 0.0100%. Likely illiquidity. Reject.
2026-06-05 14:13:25.243 | INFO     | knowledge.strategy_library:evaluate:302 - [Stacked Imbalance] SIGNAL: STRONG_BUY @ 2.4275 | SL=2.4065 TP=2.7275 | Regime=UNKNOWN | Score=6.09
2026-06-05 14:13:25.244 | WARNING  | execution.order_manager:validate_signal_with_fee_filter:245 - [OrderManager] Fee filter REJECTED: Spread 0.0412% is 4.1x expected 0.0100%. Likely illiquidity. Reject.
2026-06-05 14:13:25.344 | INFO     | knowledge.strategy_library:evaluate:302 - [Stacked Imbalance] SIGNAL: STRONG_BUY @ 2.4275 | SL=2.4065 TP=2.7275 | Regime=UNKNOWN | Score=6.02
2026-06-05 14:13:25.345 | WARNING  | execution.order_manager:validate_signal_with_fee_filter:245 - [OrderManager] Fee filter REJECTED: Spread 0.0412% is 4.1x expected 0.0100%. Likely illiquidity. Reject.
2026-06-05 14:13:25.444 | INFO     | knowledge.strategy_library:evaluate:302 - [Stacked Imbalance] SIGNAL: STRONG_BUY @ 2.4275 | SL=2.4065 TP=2.7275 | Regime=UNKNOWN | Score=6.02
2026-06-05 14:13:25.445 | WARNING  | execution.order_manager:validate_signal_with_fee_filter:245 - [OrderManager] Fee filter REJECTED: Spread 0.0412% is 4.1x expected 0.0100%. Likely illiquidity. Reject.
2026-06-05 14:13:25.645 | INFO     | knowledge.strategy_library:evaluate:302 - [Stacked Imbalance] SIGNAL: STRONG_BUY @ 2.4275 | SL=2.4065 TP=2.7275 | Regime=UNKNOWN | Score=5.97
2026-06-05 14:13:25.647 | WARNING  | execution.order_manager:validate_signal_with_fee_filter:245 - [OrderManager] Fee filter REJECTED: Spread 0.0412% is 4.1x expected 0.0100%. Likely illiquidity. Reject.
2026-06-05 14:13:25.745 | INFO     | knowledge.strategy_library:evaluate:302 - [Stacked Imbalance] SIGNAL: STRONG_BUY @ 2.4275 | SL=2.4065 TP=2.7275 | Regime=UNKNOWN | Score=6.01
2026-06-05 14:13:25.746 | WARNING  | execution.order_manager:validate_signal_with_fee_filter:245 - [OrderManager] Fee filter REJECTED: Spread 0.0412% is 4.1x expected 0.0100%. Likely illiquidity. Reject.
2026-06-05 14:13:26.805 | INFO     | knowledge.strategy_library:evaluate:302 - [Stacked Imbalance] SIGNAL: STRONG_BUY @ 2.4275 | SL=2.4065 TP=2.7275 | Regime=UNKNOWN | Score=6.34
2026-06-05 14:13:26.806 | WARNING  | execution.order_manager:validate_signal_with_fee_filter:245 - [OrderManager] Fee filter REJECTED: Spread 0.0412% is 4.1x expected 0.0100%. Likely illiquidity. Reject.
2026-06-05 14:13:26.947 | INFO     | knowledge.strategy_library:evaluate:302 - [Stacked Imbalance] SIGNAL: STRONG_BUY @ 2.4275 | SL=2.4065 TP=2.7275 | Regime=UNKNOWN | Score=4.50
2026-06-05 14:13:26.948 | WARNING  | execution.order_manager:validate_signal_with_fee_filter:245 - [OrderManager] Fee filter REJECTED: Spread 0.0412% is 4.1x expected 0.0100%. Likely illiquidity. Reject.
2026-06-05 14:13:27.043 | INFO     | knowledge.strategy_library:evaluate:302 - [Stacked Imbalance] SIGNAL: STRONG_BUY @ 2.4275 | SL=2.4065 TP=2.7275 | Regime=UNKNOWN | Score=4.50
2026-06-05 14:13:27.044 | WARNING  | execution.order_manager:validate_signal_with_fee_filter:245 - [OrderManager] Fee filter REJECTED: Spread 0.0412% is 4.1x expected 0.0100%. Likely illiquidity. Reject.
2026-06-05 14:13:27.140 | INFO     | knowledge.strategy_library:evaluate:302 - [Stacked Imbalance] SIGNAL: STRONG_BUY @ 2.4275 | SL=2.4065 TP=2.7275 | Regime=UNKNOWN | Score=4.50
2026-06-05 14:13:27.141 | WARNING  | execution.order_manager:validate_signal_with_fee_filter:245 - [OrderManager] Fee filter REJECTED: Spread 0.0412% is 4.1x expected 0.0100%. Likely illiquidity. Reject.
2026-06-05 14:13:27.243 | INFO     | knowledge.strategy_library:evaluate:302 - [Stacked Imbalance] SIGNAL: STRONG_BUY @ 2.4275 | SL=2.4065 TP=2.7275 | Regime=UNKNOWN | Score=4.50
2026-06-05 14:13:27.244 | WARNING  | execution.order_manager:validate_signal_with_fee_filter:245 - [OrderManager] Fee filter REJECTED: Spread 0.0412% is 4.1x expected 0.0100%. Likely illiquidity. Reject.
2026-06-05 14:13:27.644 | INFO     | knowledge.strategy_library:evaluate:302 - [Stacked Imbalance] SIGNAL: STRONG_BUY @ 2.4275 | SL=2.4065 TP=2.7275 | Regime=UNKNOWN | Score=4.50
2026-06-05 14:13:27.645 | WARNING  | execution.order_manager:validate_signal_with_fee_filter:245 - [OrderManager] Fee filter REJECTED: Spread 0.0412% is 4.1x expected 0.0100%. Likely illiquidity. Reject.
2026-06-05 14:13:30.552 | INFO     | knowledge.strategy_library:evaluate:302 - [Stacked Imbalance] SIGNAL: STRONG_BUY @ 2.4265 | SL=2.4055 TP=2.7265 | Regime=UNKNOWN | Score=5.50
2026-06-05 14:13:30.553 | WARNING  | execution.order_manager:validate_signal_with_fee_filter:245 - [OrderManager] Fee filter REJECTED: Spread 0.0412% is 4.1x expected 0.0100%. Likely illiquidity. Reject.
2026-06-05 14:13:30.648 | INFO     | knowledge.strategy_library:evaluate:302 - [Stacked Imbalance] SIGNAL: STRONG_BUY @ 2.4265 | SL=2.4055 TP=2.7265 | Regime=UNKNOWN | Score=5.50
2026-06-05 14:13:30.649 | WARNING  | execution.order_manager:validate_signal_with_fee_filter:245 - [OrderManager] Fee filter REJECTED: Spread 0.0412% is 4.1x expected 0.0100%. Likely illiquidity. Reject.
2026-06-05 14:13:30.843 | INFO     | knowledge.strategy_library:evaluate:302 - [Stacked Imbalance] SIGNAL: STRONG_BUY @ 2.4265 | SL=2.4055 TP=2.7265 | Regime=UNKNOWN | Score=5.50
2026-06-05 14:13:30.844 | WARNING  | execution.order_manager:validate_signal_with_fee_filter:245 - [OrderManager] Fee filter REJECTED: Spread 0.0412% is 4.1x expected 0.0100%. Likely illiquidity. Reject.
2026-06-05 14:13:31.469 | INFO     | knowledge.strategy_library:evaluate:302 - [Stacked Imbalance] SIGNAL: STRONG_BUY @ 2.4265 | SL=2.4055 TP=2.7265 | Regime=UNKNOWN | Score=5.50
2026-06-05 14:13:31.470 | WARNING  | execution.order_manager:validate_signal_with_fee_filter:245 - [OrderManager] Fee filter REJECTED: Spread 0.0412% is 4.1x expected 0.0100%. Likely illiquidity. Reject.
2026-06-05 14:13:32.646 | INFO     | knowledge.strategy_library:evaluate:302 - [Stacked Imbalance] SIGNAL: STRONG_BUY @ 2.4275 | SL=2.4065 TP=2.7275 | Regime=UNKNOWN | Score=5.50
2026-06-05 14:13:32.648 | WARNING  | execution.order_manager:validate_signal_with_fee_filter:245 - [OrderManager] Fee filter REJECTED: Spread 0.0412% is 4.1x expected 0.0100%. Likely illiquidity. Reject.
2026-06-05 14:13:32.743 | INFO     | knowledge.strategy_library:evaluate:302 - [Stacked Imbalance] SIGNAL: STRONG_BUY @ 2.4275 | SL=2.4065 TP=2.7275 | Regime=UNKNOWN | Score=5.50
2026-06-05 14:13:32.744 | WARNING  | execution.order_manager:validate_signal_with_fee_filter:245 - [OrderManager] Fee filter REJECTED: Spread 0.0412% is 4.1x expected 0.0100%. Likely illiquidity. Reject.
2026-06-05 14:13:32.845 | INFO     | knowledge.strategy_library:evaluate:302 - [Stacked Imbalance] SIGNAL: STRONG_BUY @ 2.4275 | SL=2.4065 TP=2.7275 | Regime=UNKNOWN | Score=5.50
2026-06-05 14:13:32.846 | WARNING  | execution.order_manager:validate_signal_with_fee_filter:245 - [OrderManager] Fee filter REJECTED: Spread 0.0412% is 4.1x expected 0.0100%. Likely illiquidity. Reject.
2026-06-05 14:13:32.943 | INFO     | knowledge.strategy_library:evaluate:302 - [Stacked Imbalance] SIGNAL: STRONG_BUY @ 2.4275 | SL=2.4065 TP=2.7275 | Regime=UNKNOWN | Score=5.50
2026-06-05 14:13:32.944 | WARNING  | execution.order_manager:validate_signal_with_fee_filter:245 - [OrderManager] Fee filter REJECTED: Spread 0.0412% is 4.1x expected 0.0100%. Likely illiquidity. Reject.
2026-06-05 14:13:33.046 | INFO     | knowledge.strategy_library:evaluate:302 - [Stacked Imbalance] SIGNAL: STRONG_BUY @ 2.4265 | SL=2.4055 TP=2.7265 | Regime=UNKNOWN | Score=5.80
2026-06-05 14:13:33.047 | WARNING  | execution.order_manager:validate_signal_with_fee_filter:245 - [OrderManager] Fee filter REJECTED: Spread 0.0412% is 4.1x expected 0.0100%. Likely illiquidity. Reject.
2026-06-05 14:13:33.144 | INFO     | knowledge.strategy_library:evaluate:302 - [Stacked Imbalance] SIGNAL: STRONG_BUY @ 2.4270 | SL=2.4060 TP=2.7270 | Regime=UNKNOWN | Score=5.59
2026-06-05 14:13:33.145 | WARNING  | execution.order_manager:validate_signal_with_fee_filter:245 - [OrderManager] Fee filter REJECTED: Spread 0.0824% is 8.2x expected 0.0100%. Likely illiquidity. Reject.
2026-06-05 14:13:33.245 | INFO     | knowledge.strategy_library:evaluate:302 - [Stacked Imbalance] SIGNAL: STRONG_BUY @ 2.4270 | SL=2.4060 TP=2.7270 | Regime=UNKNOWN | Score=5.61
2026-06-05 14:13:33.246 | WARNING  | execution.order_manager:validate_signal_with_fee_filter:245 - [OrderManager] Fee filter REJECTED: Spread 0.0824% is 8.2x expected 0.0100%. Likely illiquidity. Reject.
2026-06-05 14:13:34.545 | INFO     | knowledge.strategy_library:evaluate:302 - [Stacked Imbalance] SIGNAL: STRONG_BUY @ 2.4270 | SL=2.4060 TP=2.7270 | Regime=UNKNOWN | Score=5.56
2026-06-05 14:13:34.546 | WARNING  | execution.order_manager:validate_signal_with_fee_filter:245 - [OrderManager] Fee filter REJECTED: Spread 0.0824% is 8.2x expected 0.0100%. Likely illiquidity. Reject.
2026-06-05 14:13:37.251 | INFO     | knowledge.strategy_library:evaluate:302 - [Stacked Imbalance] SIGNAL: STRONG_BUY @ 2.4275 | SL=2.4065 TP=2.7275 | Regime=UNKNOWN | Score=5.50
2026-06-05 14:13:37.252 | WARNING  | execution.order_manager:validate_signal_with_fee_filter:245 - [OrderManager] Fee filter REJECTED: Spread 0.0412% is 4.1x expected 0.0100%. Likely illiquidity. Reject.
2026-06-05 14:13:37.261 | INFO     | knowledge.strategy_library:evaluate:302 - [Stacked Imbalance] SIGNAL: STRONG_BUY @ 2.4275 | SL=2.4065 TP=2.7275 | Regime=UNKNOWN | Score=5.50
2026-06-05 14:13:37.262 | WARNING  | execution.order_manager:validate_signal_with_fee_filter:245 - [OrderManager] Fee filter REJECTED: Spread 0.0412% is 4.1x expected 0.0100%. Likely illiquidity. Reject.
2026-06-05 14:13:37.554 | INFO     | knowledge.strategy_library:evaluate:302 - [Stacked Imbalance] SIGNAL: STRONG_BUY @ 2.4275 | SL=2.4065 TP=2.7275 | Regime=UNKNOWN | Score=5.50
2026-06-05 14:13:37.557 | WARNING  | execution.order_manager:validate_signal_with_fee_filter:245 - [OrderManager] Fee filter REJECTED: Spread 0.0412% is 4.1x expected 0.0100%. Likely illiquidity. Reject.
2026-06-05 14:13:38.796 | INFO     | knowledge.strategy_library:evaluate:302 - [Stacked Imbalance] SIGNAL: STRONG_BUY @ 2.4265 | SL=2.4055 TP=2.7265 | Regime=UNKNOWN | Score=5.63
2026-06-05 14:13:38.798 | WARNING  | execution.order_manager:validate_signal_with_fee_filter:245 - [OrderManager] Fee filter REJECTED: Spread 0.0412% is 4.1x expected 0.0100%. Likely illiquidity. Reject.
2026-06-05 14:13:38.848 | INFO     | knowledge.strategy_library:evaluate:302 - [Stacked Imbalance] SIGNAL: STRONG_BUY @ 2.4265 | SL=2.4055 TP=2.7265 | Regime=UNKNOWN | Score=5.50
2026-06-05 14:13:38.850 | WARNING  | execution.order_manager:validate_signal_with_fee_filter:245 - [OrderManager] Fee filter REJECTED: Spread 0.0412% is 4.1x expected 0.0100%. Likely illiquidity. Reject.
2026-06-05 14:13:38.953 | INFO     | knowledge.strategy_library:evaluate:302 - [Stacked Imbalance] SIGNAL: STRONG_BUY @ 2.4265 | SL=2.4055 TP=2.7265 | Regime=UNKNOWN | Score=5.50
2026-06-05 14:13:38.955 | WARNING  | execution.order_manager:validate_signal_with_fee_filter:245 - [OrderManager] Fee filter REJECTED: Spread 0.0412% is 4.1x expected 0.0100%. Likely illiquidity. Reject.
2026-06-05 14:13:39.251 | INFO     | knowledge.strategy_library:evaluate:302 - [Stacked Imbalance] SIGNAL: STRONG_BUY @ 2.4265 | SL=2.4055 TP=2.7265 | Regime=UNKNOWN | Score=5.50
2026-06-05 14:13:39.253 | WARNING  | execution.order_manager:validate_signal_with_fee_filter:245 - [OrderManager] Fee filter REJECTED: Spread 0.0412% is 4.1x expected 0.0100%. Likely illiquidity. Reject.
2026-06-05 14:13:40.249 | INFO     | knowledge.strategy_library:evaluate:302 - [Stacked Imbalance] SIGNAL: STRONG_BUY @ 2.4265 | SL=2.4055 TP=2.7265 | Regime=UNKNOWN | Score=5.50
2026-06-05 14:13:40.250 | WARNING  | execution.order_manager:validate_signal_with_fee_filter:245 - [OrderManager] Fee filter REJECTED: Spread 0.0412% is 4.1x expected 0.0100%. Likely illiquidity. Reject.
2026-06-05 14:13:40.343 | INFO     | knowledge.strategy_library:evaluate:302 - [Stacked Imbalance] SIGNAL: STRONG_BUY @ 2.4265 | SL=2.4055 TP=2.7265 | Regime=UNKNOWN | Score=5.50
2026-06-05 14:13:40.344 | WARNING  | execution.order_manager:validate_signal_with_fee_filter:245 - [OrderManager] Fee filter REJECTED: Spread 0.0412% is 4.1x expected 0.0100%. Likely illiquidity. Reject.
2026-06-05 14:13:41.041 | INFO     | knowledge.strategy_library:evaluate:302 - [Stacked Imbalance] SIGNAL: STRONG_BUY @ 2.4265 | SL=2.4055 TP=2.7265 | Regime=UNKNOWN | Score=5.50
2026-06-05 14:13:41.042 | WARNING  | execution.order_manager:validate_signal_with_fee_filter:245 - [OrderManager] Fee filter REJECTED: Spread 0.0412% is 4.1x expected 0.0100%. Likely illiquidity. Reject.
2026-06-05 14:13:41.347 | INFO     | knowledge.strategy_library:evaluate:302 - [Stacked Imbalance] SIGNAL: STRONG_BUY @ 2.4265 | SL=2.4055 TP=2.7265 | Regime=UNKNOWN | Score=5.50
2026-06-05 14:13:41.348 | WARNING  | execution.order_manager:validate_signal_with_fee_filter:245 - [OrderManager] Fee filter REJECTED: Spread 0.0412% is 4.1x expected 0.0100%. Likely illiquidity. Reject.
2026-06-05 14:13:42.372 | INFO     | knowledge.strategy_library:evaluate:302 - [Stacked Imbalance] SIGNAL: STRONG_BUY @ 2.4265 | SL=2.4055 TP=2.7265 | Regime=UNKNOWN | Score=5.50
2026-06-05 14:13:42.373 | WARNING  | execution.order_manager:validate_signal_with_fee_filter:245 - [OrderManager] Fee filter REJECTED: Spread 0.0412% is 4.1x expected 0.0100%. Likely illiquidity. Reject.
2026-06-05 14:13:42.382 | INFO     | knowledge.strategy_library:evaluate:302 - [Stacked Imbalance] SIGNAL: STRONG_BUY @ 2.4265 | SL=2.4055 TP=2.7265 | Regime=UNKNOWN | Score=5.50
2026-06-05 14:13:42.383 | WARNING  | execution.order_manager:validate_signal_with_fee_filter:245 - [OrderManager] Fee filter REJECTED: Spread 0.0412% is 4.1x expected 0.0100%. Likely illiquidity. Reject.
2026-06-05 14:13:42.576 | INFO     | knowledge.strategy_library:evaluate:302 - [Stacked Imbalance] SIGNAL: STRONG_BUY @ 2.4265 | SL=2.4055 TP=2.7265 | Regime=UNKNOWN | Score=5.50
2026-06-05 14:13:42.577 | WARNING  | execution.order_manager:validate_signal_with_fee_filter:245 - [OrderManager] Fee filter REJECTED: Spread 0.0412% is 4.1x expected 0.0100%. Likely illiquidity. Reject.
2026-06-05 14:13:57.444 | INFO     | knowledge.strategy_library:evaluate:302 - [Stacked Imbalance] SIGNAL: STRONG_BUY @ 2.4245 | SL=2.4035 TP=2.7245 | Regime=UNKNOWN | Score=4.07
2026-06-05 14:13:57.445 | WARNING  | execution.order_manager:validate_signal_with_fee_filter:245 - [OrderManager] Fee filter REJECTED: Spread 0.0412% is 4.1x expected 0.0100%. Likely illiquidity. Reject.
2026-06-05 14:13:57.550 | INFO     | knowledge.strategy_library:evaluate:302 - [Stacked Imbalance] SIGNAL: STRONG_BUY @ 2.4245 | SL=2.4035 TP=2.7245 | Regime=UNKNOWN | Score=4.07
2026-06-05 14:13:57.551 | WARNING  | execution.order_manager:validate_signal_with_fee_filter:245 - [OrderManager] Fee filter REJECTED: Spread 0.0412% is 4.1x expected 0.0100%. Likely illiquidity. Reject.
2026-06-05 14:13:57.646 | INFO     | knowledge.strategy_library:evaluate:302 - [Stacked Imbalance] SIGNAL: STRONG_BUY @ 2.4245 | SL=2.4035 TP=2.7245 | Regime=UNKNOWN | Score=4.19
2026-06-05 14:13:57.647 | WARNING  | execution.order_manager:validate_signal_with_fee_filter:245 - [OrderManager] Fee filter REJECTED: Spread 0.0412% is 4.1x expected 0.0100%. Likely illiquidity. Reject.
2026-06-05 14:13:57.745 | INFO     | knowledge.strategy_library:evaluate:302 - [Stacked Imbalance] SIGNAL: STRONG_BUY @ 2.4245 | SL=2.4035 TP=2.7245 | Regime=UNKNOWN | Score=4.19
2026-06-05 14:13:57.746 | WARNING  | execution.order_manager:validate_signal_with_fee_filter:245 - [OrderManager] Fee filter REJECTED: Spread 0.0412% is 4.1x expected 0.0100%. Likely illiquidity. Reject.
2026-06-05 14:13:57.845 | INFO     | knowledge.strategy_library:evaluate:302 - [Stacked Imbalance] SIGNAL: STRONG_BUY @ 2.4245 | SL=2.4035 TP=2.7245 | Regime=UNKNOWN | Score=4.19
2026-06-05 14:13:57.846 | WARNING  | execution.order_manager:validate_signal_with_fee_filter:245 - [OrderManager] Fee filter REJECTED: Spread 0.0412% is 4.1x expected 0.0100%. Likely illiquidity. Reject.
2026-06-05 14:13:58.045 | INFO     | knowledge.strategy_library:evaluate:302 - [Stacked Imbalance] SIGNAL: STRONG_BUY @ 2.4245 | SL=2.4035 TP=2.7245 | Regime=UNKNOWN | Score=4.10
2026-06-05 14:13:58.047 | WARNING  | execution.order_manager:validate_signal_with_fee_filter:245 - [OrderManager] Fee filter REJECTED: Spread 0.0412% is 4.1x expected 0.0100%. Likely illiquidity. Reject.
2026-06-05 14:13:58.143 | INFO     | knowledge.strategy_library:evaluate:302 - [Stacked Imbalance] SIGNAL: STRONG_BUY @ 2.4245 | SL=2.4035 TP=2.7245 | Regime=UNKNOWN | Score=4.29
2026-06-05 14:13:58.143 | WARNING  | execution.order_manager:validate_signal_with_fee_filter:245 - [OrderManager] Fee filter REJECTED: Spread 0.0412% is 4.1x expected 0.0100%. Likely illiquidity. Reject.
2026-06-05 14:13:58.764 | INFO     | knowledge.strategy_library:evaluate:302 - [Stacked Imbalance] SIGNAL: STRONG_BUY @ 2.4245 | SL=2.4035 TP=2.7245 | Regime=UNKNOWN | Score=4.26
2026-06-05 14:13:58.765 | WARNING  | execution.order_manager:validate_signal_with_fee_filter:245 - [OrderManager] Fee filter REJECTED: Spread 0.0412% is 4.1x expected 0.0100%. Likely illiquidity. Reject.
2026-06-05 14:13:59.057 | INFO     | knowledge.strategy_library:evaluate:302 - [Stacked Imbalance] SIGNAL: STRONG_BUY @ 2.4245 | SL=2.4035 TP=2.7245 | Regime=UNKNOWN | Score=4.34
2026-06-05 14:13:59.058 | WARNING  | execution.order_manager:validate_signal_with_fee_filter:245 - [OrderManager] Fee filter REJECTED: Spread 0.0412% is 4.1x expected 0.0100%. Likely illiquidity. Reject.
2026-06-05 14:13:59.468 | INFO     | knowledge.strategy_library:evaluate:302 - [Stacked Imbalance] SIGNAL: STRONG_BUY @ 2.4245 | SL=2.4035 TP=2.7245 | Regime=UNKNOWN | Score=4.35
2026-06-05 14:13:59.468 | WARNING  | execution.order_manager:validate_signal_with_fee_filter:245 - [OrderManager] Fee filter REJECTED: Spread 0.0412% is 4.1x expected 0.0100%. Likely illiquidity. Reject.
2026-06-05 14:14:00.045 | INFO     | knowledge.strategy_library:evaluate:302 - [Stacked Imbalance] SIGNAL: STRONG_BUY @ 2.4245 | SL=2.4035 TP=2.7245 | Regime=UNKNOWN | Score=4.35
2026-06-05 14:14:00.046 | WARNING  | execution.order_manager:validate_signal_with_fee_filter:245 - [OrderManager] Fee filter REJECTED: Spread 0.0412% is 4.1x expected 0.0100%. Likely illiquidity. Reject.
2026-06-05 14:14:00.594 | INFO     | knowledge.strategy_library:evaluate:302 - [Stacked Imbalance] SIGNAL: STRONG_BUY @ 2.4245 | SL=2.4035 TP=2.7245 | Regime=UNKNOWN | Score=4.35
2026-06-05 14:14:00.595 | WARNING  | execution.order_manager:validate_signal_with_fee_filter:245 - [OrderManager] Fee filter REJECTED: Spread 0.0412% is 4.1x expected 0.0100%. Likely illiquidity. Reject.
2026-06-05 14:14:00.644 | INFO     | knowledge.strategy_library:evaluate:302 - [Stacked Imbalance] SIGNAL: STRONG_BUY @ 2.4245 | SL=2.4035 TP=2.7245 | Regime=UNKNOWN | Score=4.35
2026-06-05 14:14:00.645 | WARNING  | execution.order_manager:validate_signal_with_fee_filter:245 - [OrderManager] Fee filter REJECTED: Spread 0.0412% is 4.1x expected 0.0100%. Likely illiquidity. Reject.
2026-06-05 14:14:00.741 | INFO     | knowledge.strategy_library:evaluate:302 - [Stacked Imbalance] SIGNAL: STRONG_BUY @ 2.4245 | SL=2.4035 TP=2.7245 | Regime=UNKNOWN | Score=4.35
2026-06-05 14:14:00.742 | WARNING  | execution.order_manager:validate_signal_with_fee_filter:245 - [OrderManager] Fee filter REJECTED: Spread 0.0412% is 4.1x expected 0.0100%. Likely illiquidity. Reject.
2026-06-05 14:14:00.844 | INFO     | knowledge.strategy_library:evaluate:302 - [Stacked Imbalance] SIGNAL: STRONG_BUY @ 2.4245 | SL=2.4035 TP=2.7245 | Regime=UNKNOWN | Score=4.35
2026-06-05 14:14:00.845 | WARNING  | execution.order_manager:validate_signal_with_fee_filter:245 - [OrderManager] Fee filter REJECTED: Spread 0.0412% is 4.1x expected 0.0100%. Likely illiquidity. Reject.
2026-06-05 14:14:01.247 | INFO     | knowledge.strategy_library:evaluate:302 - [Stacked Imbalance] SIGNAL: STRONG_BUY @ 2.4245 | SL=2.4035 TP=2.7245 | Regime=UNKNOWN | Score=4.35
2026-06-05 14:14:01.249 | WARNING  | execution.order_manager:validate_signal_with_fee_filter:245 - [OrderManager] Fee filter REJECTED: Spread 0.0412% is 4.1x expected 0.0100%. Likely illiquidity. Reject.
2026-06-05 14:14:01.442 | INFO     | knowledge.strategy_library:evaluate:302 - [Stacked Imbalance] SIGNAL: STRONG_BUY @ 2.4245 | SL=2.4035 TP=2.7245 | Regime=UNKNOWN | Score=4.35
2026-06-05 14:14:01.443 | WARNING  | execution.order_manager:validate_signal_with_fee_filter:245 - [OrderManager] Fee filter REJECTED: Spread 0.0412% is 4.1x expected 0.0100%. Likely illiquidity. Reject.
2026-06-05 14:14:01.542 | INFO     | knowledge.strategy_library:evaluate:302 - [Stacked Imbalance] SIGNAL: STRONG_BUY @ 2.4245 | SL=2.4035 TP=2.7245 | Regime=UNKNOWN | Score=4.33
2026-06-05 14:14:01.543 | WARNING  | execution.order_manager:validate_signal_with_fee_filter:245 - [OrderManager] Fee filter REJECTED: Spread 0.0412% is 4.1x expected 0.0100%. Likely illiquidity. Reject.
2026-06-05 14:14:01.642 | INFO     | knowledge.strategy_library:evaluate:302 - [Stacked Imbalance] SIGNAL: STRONG_BUY @ 2.4245 | SL=2.4035 TP=2.7245 | Regime=UNKNOWN | Score=4.33
2026-06-05 14:14:01.643 | WARNING  | execution.order_manager:validate_signal_with_fee_filter:245 - [OrderManager] Fee filter REJECTED: Spread 0.0412% is 4.1x expected 0.0100%. Likely illiquidity. Reject.
2026-06-05 14:14:01.843 | INFO     | knowledge.strategy_library:evaluate:302 - [Stacked Imbalance] SIGNAL: STRONG_BUY @ 2.4245 | SL=2.4035 TP=2.7245 | Regime=UNKNOWN | Score=4.33
2026-06-05 14:14:01.844 | WARNING  | execution.order_manager:validate_signal_with_fee_filter:245 - [OrderManager] Fee filter REJECTED: Spread 0.0412% is 4.1x expected 0.0100%. Likely illiquidity. Reject.
2026-06-05 14:14:01.940 | INFO     | knowledge.strategy_library:evaluate:302 - [Stacked Imbalance] SIGNAL: STRONG_BUY @ 2.4245 | SL=2.4035 TP=2.7245 | Regime=UNKNOWN | Score=4.33
2026-06-05 14:14:01.941 | WARNING  | execution.order_manager:validate_signal_with_fee_filter:245 - [OrderManager] Fee filter REJECTED: Spread 0.0412% is 4.1x expected 0.0100%. Likely illiquidity. Reject.
2026-06-05 14:14:02.142 | INFO     | knowledge.strategy_library:evaluate:302 - [Stacked Imbalance] SIGNAL: STRONG_BUY @ 2.4255 | SL=2.4045 TP=2.7255 | Regime=UNKNOWN | Score=4.27
2026-06-05 14:14:02.143 | WARNING  | execution.order_manager:validate_signal_with_fee_filter:245 - [OrderManager] Fee filter REJECTED: Spread 0.0412% is 4.1x expected 0.0100%. Likely illiquidity. Reject.
2026-06-05 14:14:02.243 | INFO     | knowledge.strategy_library:evaluate:302 - [Stacked Imbalance] SIGNAL: STRONG_BUY @ 2.4255 | SL=2.4045 TP=2.7255 | Regime=UNKNOWN | Score=4.27
2026-06-05 14:14:02.244 | WARNING  | execution.order_manager:validate_signal_with_fee_filter:245 - [OrderManager] Fee filter REJECTED: Spread 0.0412% is 4.1x expected 0.0100%. Likely illiquidity. Reject.
2026-06-05 14:14:02.347 | INFO     | knowledge.strategy_library:evaluate:302 - [Stacked Imbalance] SIGNAL: STRONG_BUY @ 2.4255 | SL=2.4045 TP=2.7255 | Regime=UNKNOWN | Score=4.89
2026-06-05 14:14:02.348 | WARNING  | execution.order_manager:validate_signal_with_fee_filter:245 - [OrderManager] Fee filter REJECTED: Spread 0.0412% is 4.1x expected 0.0100%. Likely illiquidity. Reject.
2026-06-05 14:14:02.442 | INFO     | knowledge.strategy_library:evaluate:302 - [Stacked Imbalance] SIGNAL: STRONG_BUY @ 2.4255 | SL=2.4045 TP=2.7255 | Regime=UNKNOWN | Score=4.87
2026-06-05 14:14:02.443 | WARNING  | execution.order_manager:validate_signal_with_fee_filter:245 - [OrderManager] Fee filter REJECTED: Spread 0.0412% is 4.1x expected 0.0100%. Likely illiquidity. Reject.
2026-06-05 14:14:02.640 | INFO     | knowledge.strategy_library:evaluate:302 - [Stacked Imbalance] SIGNAL: STRONG_BUY @ 2.4255 | SL=2.4045 TP=2.7255 | Regime=UNKNOWN | Score=4.87
2026-06-05 14:14:02.641 | WARNING  | execution.order_manager:validate_signal_with_fee_filter:245 - [OrderManager] Fee filter REJECTED: Spread 0.0412% is 4.1x expected 0.0100%. Likely illiquidity. Reject.
2026-06-05 14:14:14.446 | INFO     | knowledge.strategy_library:evaluate:302 - [Stacked Imbalance] SIGNAL: STRONG_BUY @ 2.4295 | SL=2.4015 TP=2.8295 | Regime=UNKNOWN | Score=5.42
2026-06-05 14:14:14.448 | WARNING  | execution.order_manager:validate_signal_with_fee_filter:245 - [OrderManager] Fee filter REJECTED: Spread 0.0412% is 4.1x expected 0.0100%. Likely illiquidity. Reject.
2026-06-05 14:14:14.545 | INFO     | knowledge.strategy_library:evaluate:302 - [Stacked Imbalance] SIGNAL: STRONG_BUY @ 2.4295 | SL=2.4015 TP=2.8295 | Regime=UNKNOWN | Score=5.42
2026-06-05 14:14:14.546 | WARNING  | execution.order_manager:validate_signal_with_fee_filter:245 - [OrderManager] Fee filter REJECTED: Spread 0.0412% is 4.1x expected 0.0100%. Likely illiquidity. Reject.
2026-06-05 14:14:14.645 | INFO     | knowledge.strategy_library:evaluate:302 - [Stacked Imbalance] SIGNAL: STRONG_BUY @ 2.4285 | SL=2.4005 TP=2.8285 | Regime=UNKNOWN | Score=5.42
2026-06-05 14:14:14.646 | WARNING  | execution.order_manager:validate_signal_with_fee_filter:245 - [OrderManager] Fee filter REJECTED: Spread 0.0412% is 4.1x expected 0.0100%. Likely illiquidity. Reject.
2026-06-05 14:14:14.749 | INFO     | knowledge.strategy_library:evaluate:302 - [Stacked Imbalance] SIGNAL: STRONG_BUY @ 2.4285 | SL=2.4005 TP=2.8285 | Regime=UNKNOWN | Score=5.42
2026-06-05 14:14:14.750 | WARNING  | execution.order_manager:validate_signal_with_fee_filter:245 - [OrderManager] Fee filter REJECTED: Spread 0.0412% is 4.1x expected 0.0100%. Likely illiquidity. Reject.
2026-06-05 14:14:14.845 | INFO     | knowledge.strategy_library:evaluate:302 - [Stacked Imbalance] SIGNAL: STRONG_BUY @ 2.4285 | SL=2.4005 TP=2.8285 | Regime=UNKNOWN | Score=5.42
2026-06-05 14:14:14.846 | WARNING  | execution.order_manager:validate_signal_with_fee_filter:245 - [OrderManager] Fee filter REJECTED: Spread 0.0412% is 4.1x expected 0.0100%. Likely illiquidity. Reject.
2026-06-05 14:14:14.944 | INFO     | knowledge.strategy_library:evaluate:302 - [Stacked Imbalance] SIGNAL: STRONG_BUY @ 2.4285 | SL=2.4005 TP=2.8285 | Regime=UNKNOWN | Score=5.42
2026-06-05 14:14:14.948 | WARNING  | execution.order_manager:validate_signal_with_fee_filter:245 - [OrderManager] Fee filter REJECTED: Spread 0.0412% is 4.1x expected 0.0100%. Likely illiquidity. Reject.
2026-06-05 14:14:15.146 | INFO     | knowledge.strategy_library:evaluate:302 - [Stacked Imbalance] SIGNAL: STRONG_BUY @ 2.4285 | SL=2.4005 TP=2.8285 | Regime=UNKNOWN | Score=5.42
2026-06-05 14:14:15.147 | WARNING  | execution.order_manager:validate_signal_with_fee_filter:245 - [OrderManager] Fee filter REJECTED: Spread 0.0412% is 4.1x expected 0.0100%. Likely illiquidity. Reject.
2026-06-05 14:14:15.244 | INFO     | knowledge.strategy_library:evaluate:302 - [Stacked Imbalance] SIGNAL: STRONG_BUY @ 2.4285 | SL=2.4005 TP=2.8285 | Regime=UNKNOWN | Score=5.42
2026-06-05 14:14:15.246 | WARNING  | execution.order_manager:validate_signal_with_fee_filter:245 - [OrderManager] Fee filter REJECTED: Spread 0.0412% is 4.1x expected 0.0100%. Likely illiquidity. Reject.
2026-06-05 14:14:16.045 | INFO     | knowledge.strategy_library:evaluate:302 - [Stacked Imbalance] SIGNAL: STRONG_BUY @ 2.4285 | SL=2.4005 TP=2.8285 | Regime=UNKNOWN | Score=5.42
2026-06-05 14:14:16.046 | WARNING  | execution.order_manager:validate_signal_with_fee_filter:245 - [OrderManager] Fee filter REJECTED: Spread 0.0412% is 4.1x expected 0.0100%. Likely illiquidity. Reject.
2026-06-05 14:14:16.344 | INFO     | knowledge.strategy_library:evaluate:302 - [Stacked Imbalance] SIGNAL: STRONG_BUY @ 2.4285 | SL=2.4005 TP=2.8285 | Regime=UNKNOWN | Score=5.42
2026-06-05 14:14:16.345 | WARNING  | execution.order_manager:validate_signal_with_fee_filter:245 - [OrderManager] Fee filter REJECTED: Spread 0.0412% is 4.1x expected 0.0100%. Likely illiquidity. Reject.
2026-06-05 14:14:16.545 | INFO     | knowledge.strategy_library:evaluate:302 - [Stacked Imbalance] SIGNAL: STRONG_BUY @ 2.4285 | SL=2.4005 TP=2.8285 | Regime=UNKNOWN | Score=5.42
2026-06-05 14:14:16.546 | WARNING  | execution.order_manager:validate_signal_with_fee_filter:245 - [OrderManager] Fee filter REJECTED: Spread 0.0412% is 4.1x expected 0.0100%. Likely illiquidity. Reject.
2026-06-05 14:14:16.652 | INFO     | knowledge.strategy_library:evaluate:302 - [Stacked Imbalance] SIGNAL: STRONG_BUY @ 2.4285 | SL=2.4005 TP=2.8285 | Regime=UNKNOWN | Score=5.42
2026-06-05 14:14:16.654 | WARNING  | execution.order_manager:validate_signal_with_fee_filter:245 - [OrderManager] Fee filter REJECTED: Spread 0.0412% is 4.1x expected 0.0100%. Likely illiquidity. Reject.
2026-06-05 14:14:16.747 | INFO     | knowledge.strategy_library:evaluate:302 - [Stacked Imbalance] SIGNAL: STRONG_BUY @ 2.4285 | SL=2.4005 TP=2.8285 | Regime=UNKNOWN | Score=5.42
2026-06-05 14:14:16.748 | WARNING  | execution.order_manager:validate_signal_with_fee_filter:245 - [OrderManager] Fee filter REJECTED: Spread 0.0412% is 4.1x expected 0.0100%. Likely illiquidity. Reject.
2026-06-05 14:14:17.758 | INFO     | knowledge.strategy_library:evaluate:302 - [Stacked Imbalance] SIGNAL: STRONG_BUY @ 2.4285 | SL=2.4005 TP=2.8285 | Regime=UNKNOWN | Score=5.42
2026-06-05 14:14:17.760 | WARNING  | execution.order_manager:validate_signal_with_fee_filter:245 - [OrderManager] Fee filter REJECTED: Spread 0.0412% is 4.1x expected 0.0100%. Likely illiquidity. Reject.
2026-06-05 14:14:17.853 | INFO     | knowledge.strategy_library:evaluate:302 - [Stacked Imbalance] SIGNAL: STRONG_BUY @ 2.4295 | SL=2.4015 TP=2.8295 | Regime=UNKNOWN | Score=5.42
2026-06-05 14:14:17.854 | WARNING  | execution.order_manager:validate_signal_with_fee_filter:245 - [OrderManager] Fee filter REJECTED: Spread 0.0412% is 4.1x expected 0.0100%. Likely illiquidity. Reject.
2026-06-05 14:14:17.941 | INFO     | knowledge.strategy_library:evaluate:302 - [Stacked Imbalance] SIGNAL: STRONG_BUY @ 2.4295 | SL=2.4015 TP=2.8295 | Regime=UNKNOWN | Score=5.42
2026-06-05 14:14:17.942 | WARNING  | execution.order_manager:validate_signal_with_fee_filter:245 - [OrderManager] Fee filter REJECTED: Spread 0.0412% is 4.1x expected 0.0100%. Likely illiquidity. Reject.
2026-06-05 14:14:18.045 | INFO     | knowledge.strategy_library:evaluate:302 - [Stacked Imbalance] SIGNAL: STRONG_BUY @ 2.4295 | SL=2.4015 TP=2.8295 | Regime=UNKNOWN | Score=5.42
2026-06-05 14:14:18.046 | WARNING  | execution.order_manager:validate_signal_with_fee_filter:245 - [OrderManager] Fee filter REJECTED: Spread 0.0412% is 4.1x expected 0.0100%. Likely illiquidity. Reject.
2026-06-05 14:14:18.144 | INFO     | knowledge.strategy_library:evaluate:302 - [Stacked Imbalance] SIGNAL: STRONG_BUY @ 2.4295 | SL=2.4015 TP=2.8295 | Regime=UNKNOWN | Score=5.42
2026-06-05 14:14:18.145 | WARNING  | execution.order_manager:validate_signal_with_fee_filter:245 - [OrderManager] Fee filter REJECTED: Spread 0.0412% is 4.1x expected 0.0100%. Likely illiquidity. Reject.
2026-06-05 14:14:18.448 | INFO     | knowledge.strategy_library:evaluate:302 - [Stacked Imbalance] SIGNAL: STRONG_BUY @ 2.4295 | SL=2.4015 TP=2.8295 | Regime=UNKNOWN | Score=5.42
2026-06-05 14:14:18.449 | WARNING  | execution.order_manager:validate_signal_with_fee_filter:245 - [OrderManager] Fee filter REJECTED: Spread 0.0412% is 4.1x expected 0.0100%. Likely illiquidity. Reject.
2026-06-05 14:14:18.544 | INFO     | knowledge.strategy_library:evaluate:302 - [Stacked Imbalance] SIGNAL: STRONG_BUY @ 2.4285 | SL=2.4005 TP=2.8285 | Regime=UNKNOWN | Score=5.42
2026-06-05 14:14:18.545 | WARNING  | execution.order_manager:validate_signal_with_fee_filter:245 - [OrderManager] Fee filter REJECTED: Spread 0.0412% is 4.1x expected 0.0100%. Likely illiquidity. Reject.
2026-06-05 14:14:18.647 | INFO     | knowledge.strategy_library:evaluate:302 - [Stacked Imbalance] SIGNAL: STRONG_BUY @ 2.4285 | SL=2.4005 TP=2.8285 | Regime=UNKNOWN | Score=5.42
2026-06-05 14:14:18.648 | WARNING  | execution.order_manager:validate_signal_with_fee_filter:245 - [OrderManager] Fee filter REJECTED: Spread 0.0412% is 4.1x expected 0.0100%. Likely illiquidity. Reject.
2026-06-05 14:14:18.749 | INFO     | knowledge.strategy_library:evaluate:302 - [Stacked Imbalance] SIGNAL: STRONG_BUY @ 2.4285 | SL=2.4005 TP=2.8285 | Regime=UNKNOWN | Score=5.42
2026-06-05 14:14:18.750 | WARNING  | execution.order_manager:validate_signal_with_fee_filter:245 - [OrderManager] Fee filter REJECTED: Spread 0.0412% is 4.1x expected 0.0100%. Likely illiquidity. Reject.
2026-06-05 14:14:18.943 | INFO     | knowledge.strategy_library:evaluate:302 - [Stacked Imbalance] SIGNAL: STRONG_BUY @ 2.4285 | SL=2.4005 TP=2.8285 | Regime=UNKNOWN | Score=5.42
2026-06-05 14:14:18.944 | WARNING  | execution.order_manager:validate_signal_with_fee_filter:245 - [OrderManager] Fee filter REJECTED: Spread 0.0412% is 4.1x expected 0.0100%. Likely illiquidity. Reject.
2026-06-05 14:14:19.056 | INFO     | knowledge.strategy_library:evaluate:302 - [Stacked Imbalance] SIGNAL: STRONG_BUY @ 2.4285 | SL=2.4005 TP=2.8285 | Regime=UNKNOWN | Score=5.42
2026-06-05 14:14:19.057 | WARNING  | execution.order_manager:validate_signal_with_fee_filter:245 - [OrderManager] Fee filter REJECTED: Spread 0.0412% is 4.1x expected 0.0100%. Likely illiquidity. Reject.
2026-06-05 14:14:19.582 | INFO     | knowledge.strategy_library:evaluate:302 - [Stacked Imbalance] SIGNAL: STRONG_BUY @ 2.4285 | SL=2.4005 TP=2.8285 | Regime=UNKNOWN | Score=5.42
2026-06-05 14:14:19.582 | WARNING  | execution.order_manager:validate_signal_with_fee_filter:245 - [OrderManager] Fee filter REJECTED: Spread 0.0412% is 4.1x expected 0.0100%. Likely illiquidity. Reject.
2026-06-05 14:14:19.641 | INFO     | knowledge.strategy_library:evaluate:302 - [Stacked Imbalance] SIGNAL: STRONG_BUY @ 2.4285 | SL=2.4005 TP=2.8285 | Regime=UNKNOWN | Score=5.42
2026-06-05 14:14:19.641 | WARNING  | execution.order_manager:validate_signal_with_fee_filter:245 - [OrderManager] Fee filter REJECTED: Spread 0.0412% is 4.1x expected 0.0100%. Likely illiquidity. Reject.
2026-06-05 14:14:19.945 | INFO     | knowledge.strategy_library:evaluate:302 - [Stacked Imbalance] SIGNAL: STRONG_BUY @ 2.4285 | SL=2.4005 TP=2.8285 | Regime=UNKNOWN | Score=5.42
2026-06-05 14:14:19.946 | WARNING  | execution.order_manager:validate_signal_with_fee_filter:245 - [OrderManager] Fee filter REJECTED: Spread 0.0412% is 4.1x expected 0.0100%. Likely illiquidity. Reject.
2026-06-05 14:14:20.165 | INFO     | knowledge.strategy_library:evaluate:302 - [Stacked Imbalance] SIGNAL: STRONG_BUY @ 2.4285 | SL=2.4005 TP=2.8285 | Regime=UNKNOWN | Score=5.42
2026-06-05 14:14:20.166 | WARNING  | execution.order_manager:validate_signal_with_fee_filter:245 - [OrderManager] Fee filter REJECTED: Spread 0.0412% is 4.1x expected 0.0100%. Likely illiquidity. Reject.
2026-06-05 14:14:21.742 | INFO     | knowledge.strategy_library:evaluate:302 - [Stacked Imbalance] SIGNAL: STRONG_BUY @ 2.4285 | SL=2.4005 TP=2.8285 | Regime=UNKNOWN | Score=5.42
2026-06-05 14:14:21.743 | WARNING  | execution.order_manager:validate_signal_with_fee_filter:245 - [OrderManager] Fee filter REJECTED: Spread 0.0412% is 4.1x expected 0.0100%. Likely illiquidity. Reject.
2026-06-05 14:14:22.046 | INFO     | knowledge.strategy_library:evaluate:302 - [Stacked Imbalance] SIGNAL: STRONG_BUY @ 2.4285 | SL=2.4005 TP=2.8285 | Regime=UNKNOWN | Score=5.42
2026-06-05 14:14:22.047 | WARNING  | execution.order_manager:validate_signal_with_fee_filter:245 - [OrderManager] Fee filter REJECTED: Spread 0.0412% is 4.1x expected 0.0100%. Likely illiquidity. Reject.
2026-06-05 14:14:22.139 | INFO     | knowledge.strategy_library:evaluate:302 - [Stacked Imbalance] SIGNAL: STRONG_BUY @ 2.4285 | SL=2.4005 TP=2.8285 | Regime=UNKNOWN | Score=5.42
2026-06-05 14:14:22.140 | WARNING  | execution.order_manager:validate_signal_with_fee_filter:245 - [OrderManager] Fee filter REJECTED: Spread 0.0412% is 4.1x expected 0.0100%. Likely illiquidity. Reject.
2026-06-05 14:14:22.939 | INFO     | knowledge.strategy_library:evaluate:302 - [Stacked Imbalance] SIGNAL: STRONG_BUY @ 2.4285 | SL=2.4005 TP=2.8285 | Regime=UNKNOWN | Score=5.42
2026-06-05 14:14:22.940 | WARNING  | execution.order_manager:validate_signal_with_fee_filter:245 - [OrderManager] Fee filter REJECTED: Spread 0.0412% is 4.1x expected 0.0100%. Likely illiquidity. Reject.
2026-06-05 14:14:23.240 | INFO     | knowledge.strategy_library:evaluate:302 - [Stacked Imbalance] SIGNAL: STRONG_BUY @ 2.4285 | SL=2.4005 TP=2.8285 | Regime=UNKNOWN | Score=5.42
2026-06-05 14:14:23.240 | WARNING  | execution.order_manager:validate_signal_with_fee_filter:245 - [OrderManager] Fee filter REJECTED: Spread 0.0412% is 4.1x expected 0.0100%. Likely illiquidity. Reject.
2026-06-05 14:14:23.740 | INFO     | knowledge.strategy_library:evaluate:302 - [Stacked Imbalance] SIGNAL: STRONG_BUY @ 2.4285 | SL=2.4005 TP=2.8285 | Regime=UNKNOWN | Score=6.21
2026-06-05 14:14:23.741 | WARNING  | execution.order_manager:validate_signal_with_fee_filter:245 - [OrderManager] Fee filter REJECTED: Spread 0.0412% is 4.1x expected 0.0100%. Likely illiquidity. Reject.
2026-06-05 14:14:23.840 | INFO     | knowledge.strategy_library:evaluate:302 - [Stacked Imbalance] SIGNAL: STRONG_BUY @ 2.4285 | SL=2.4005 TP=2.8285 | Regime=UNKNOWN | Score=6.07
2026-06-05 14:14:23.840 | WARNING  | execution.order_manager:validate_signal_with_fee_filter:245 - [OrderManager] Fee filter REJECTED: Spread 0.0412% is 4.1x expected 0.0100%. Likely illiquidity. Reject.
2026-06-05 14:14:24.038 | INFO     | knowledge.strategy_library:evaluate:302 - [Stacked Imbalance] SIGNAL: STRONG_BUY @ 2.4285 | SL=2.4005 TP=2.8285 | Regime=UNKNOWN | Score=6.07
2026-06-05 14:14:24.038 | WARNING  | execution.order_manager:validate_signal_with_fee_filter:245 - [OrderManager] Fee filter REJECTED: Spread 0.0412% is 4.1x expected 0.0100%. Likely illiquidity. Reject.
2026-06-05 14:14:24.142 | INFO     | knowledge.strategy_library:evaluate:302 - [Stacked Imbalance] SIGNAL: STRONG_BUY @ 2.4285 | SL=2.4005 TP=2.8285 | Regime=UNKNOWN | Score=6.07
2026-06-05 14:14:24.143 | WARNING  | execution.order_manager:validate_signal_with_fee_filter:245 - [OrderManager] Fee filter REJECTED: Spread 0.0412% is 4.1x expected 0.0100%. Likely illiquidity. Reject.
2026-06-05 14:14:24.440 | INFO     | knowledge.strategy_library:evaluate:302 - [Stacked Imbalance] SIGNAL: STRONG_BUY @ 2.4285 | SL=2.4005 TP=2.8285 | Regime=UNKNOWN | Score=6.07
2026-06-05 14:14:24.441 | WARNING  | execution.order_manager:validate_signal_with_fee_filter:245 - [OrderManager] Fee filter REJECTED: Spread 0.0412% is 4.1x expected 0.0100%. Likely illiquidity. Reject.
2026-06-05 14:15:01.542 | INFO     | knowledge.strategy_library:evaluate:302 - [Stacked Imbalance] SIGNAL: BUY @ 2.4255 | SL=2.4045 TP=2.7255 | Regime=UNKNOWN | Score=5.93
2026-06-05 14:15:01.543 | WARNING  | execution.order_manager:validate_signal_with_fee_filter:245 - [OrderManager] Fee filter REJECTED: Spread 0.0412% is 4.1x expected 0.0100%. Likely illiquidity. Reject.
2026-06-05 14:15:01.644 | INFO     | knowledge.strategy_library:evaluate:302 - [Stacked Imbalance] SIGNAL: BUY @ 2.4255 | SL=2.4045 TP=2.7255 | Regime=UNKNOWN | Score=5.93
2026-06-05 14:15:01.644 | WARNING  | execution.order_manager:validate_signal_with_fee_filter:245 - [OrderManager] Fee filter REJECTED: Spread 0.0412% is 4.1x expected 0.0100%. Likely illiquidity. Reject.
2026-06-05 14:15:01.748 | INFO     | knowledge.strategy_library:evaluate:302 - [Stacked Imbalance] SIGNAL: BUY @ 2.4255 | SL=2.4045 TP=2.7255 | Regime=UNKNOWN | Score=5.89
2026-06-05 14:15:01.749 | WARNING  | execution.order_manager:validate_signal_with_fee_filter:245 - [OrderManager] Fee filter REJECTED: Spread 0.0412% is 4.1x expected 0.0100%. Likely illiquidity. Reject.
2026-06-05 14:15:01.843 | INFO     | knowledge.strategy_library:evaluate:302 - [Stacked Imbalance] SIGNAL: BUY @ 2.4255 | SL=2.4045 TP=2.7255 | Regime=UNKNOWN | Score=5.17
2026-06-05 14:15:01.843 | WARNING  | execution.order_manager:validate_signal_with_fee_filter:245 - [OrderManager] Fee filter REJECTED: Spread 0.0412% is 4.1x expected 0.0100%. Likely illiquidity. Reject.
2026-06-05 14:15:18.674 | INFO     | data.exchange_connector:_process_message:423 - [WS MSGS] total=500 depth=450 aggTrade=50 other=0
2026-06-05 14:15:55.296 | INFO     | knowledge.strategy_library:evaluate:302 - [Stacked Imbalance] SIGNAL: BUY @ 2.4235 | SL=2.3955 TP=2.8235 | Regime=UNKNOWN | Score=3.31
2026-06-05 14:15:55.297 | WARNING  | execution.order_manager:validate_signal_with_fee_filter:245 - [OrderManager] Fee filter REJECTED: Spread 0.0413% is 4.1x expected 0.0100%. Likely illiquidity. Reject.
2026-06-05 14:15:55.360 | INFO     | knowledge.strategy_library:evaluate:302 - [Stacked Imbalance] SIGNAL: BUY @ 2.4235 | SL=2.3955 TP=2.8235 | Regime=UNKNOWN | Score=3.31
2026-06-05 14:15:55.362 | WARNING  | execution.order_manager:validate_signal_with_fee_filter:245 - [OrderManager] Fee filter REJECTED: Spread 0.0413% is 4.1x expected 0.0100%. Likely illiquidity. Reject.
2026-06-05 14:15:56.623 | INFO     | knowledge.strategy_library:evaluate:302 - [Stacked Imbalance] SIGNAL: BUY @ 2.4235 | SL=2.3955 TP=2.8235 | Regime=UNKNOWN | Score=3.53
2026-06-05 14:15:56.624 | WARNING  | execution.order_manager:validate_signal_with_fee_filter:245 - [OrderManager] Fee filter REJECTED: Spread 0.0413% is 4.1x expected 0.0100%. Likely illiquidity. Reject.
2026-06-05 14:15:56.660 | INFO     | knowledge.strategy_library:evaluate:302 - [Stacked Imbalance] SIGNAL: BUY @ 2.4235 | SL=2.3955 TP=2.8235 | Regime=UNKNOWN | Score=3.51
2026-06-05 14:15:56.662 | WARNING  | execution.order_manager:validate_signal_with_fee_filter:245 - [OrderManager] Fee filter REJECTED: Spread 0.0413% is 4.1x expected 0.0100%. Likely illiquidity. Reject.
2026-06-05 14:16:02.058 | INFO     | knowledge.strategy_library:evaluate:302 - [Stacked Imbalance] SIGNAL: BUY @ 2.4225 | SL=2.3945 TP=2.8225 | Regime=UNKNOWN | Score=2.51
2026-06-05 14:16:02.059 | WARNING  | execution.order_manager:validate_signal_with_fee_filter:245 - [OrderManager] Fee filter REJECTED: Spread 0.0413% is 4.1x expected 0.0100%. Likely illiquidity. Reject.
2026-06-05 14:16:02.149 | INFO     | knowledge.strategy_library:evaluate:302 - [Stacked Imbalance] SIGNAL: BUY @ 2.4235 | SL=2.3955 TP=2.8235 | Regime=UNKNOWN | Score=2.63
2026-06-05 14:16:02.151 | WARNING  | execution.order_manager:validate_signal_with_fee_filter:245 - [OrderManager] Fee filter REJECTED: Spread 0.0413% is 4.1x expected 0.0100%. Likely illiquidity. Reject.
2026-06-05 14:16:02.251 | INFO     | knowledge.strategy_library:evaluate:302 - [Stacked Imbalance] SIGNAL: BUY @ 2.4235 | SL=2.3955 TP=2.8235 | Regime=UNKNOWN | Score=2.57
2026-06-05 14:16:02.253 | WARNING  | execution.order_manager:validate_signal_with_fee_filter:245 - [OrderManager] Fee filter REJECTED: Spread 0.0413% is 4.1x expected 0.0100%. Likely illiquidity. Reject.
2026-06-05 14:16:02.358 | INFO     | knowledge.strategy_library:evaluate:302 - [Stacked Imbalance] SIGNAL: BUY @ 2.4235 | SL=2.3955 TP=2.8235 | Regime=UNKNOWN | Score=2.72
2026-06-05 14:16:02.359 | WARNING  | execution.order_manager:validate_signal_with_fee_filter:245 - [OrderManager] Fee filter REJECTED: Spread 0.0413% is 4.1x expected 0.0100%. Likely illiquidity. Reject.
2026-06-05 14:16:02.452 | INFO     | knowledge.strategy_library:evaluate:302 - [Stacked Imbalance] SIGNAL: BUY @ 2.4235 | SL=2.3955 TP=2.8235 | Regime=UNKNOWN | Score=3.20
2026-06-05 14:16:02.453 | WARNING  | execution.order_manager:validate_signal_with_fee_filter:245 - [OrderManager] Fee filter REJECTED: Spread 0.0413% is 4.1x expected 0.0100%. Likely illiquidity. Reject.
2026-06-05 14:16:02.551 | INFO     | knowledge.strategy_library:evaluate:302 - [Stacked Imbalance] SIGNAL: BUY @ 2.4235 | SL=2.3955 TP=2.8235 | Regime=UNKNOWN | Score=3.09
2026-06-05 14:16:02.553 | WARNING  | execution.order_manager:validate_signal_with_fee_filter:245 - [OrderManager] Fee filter REJECTED: Spread 0.0413% is 4.1x expected 0.0100%. Likely illiquidity. Reject.
2026-06-05 14:16:02.646 | INFO     | knowledge.strategy_library:evaluate:302 - [Stacked Imbalance] SIGNAL: BUY @ 2.4235 | SL=2.3955 TP=2.8235 | Regime=UNKNOWN | Score=3.03
2026-06-05 14:16:02.647 | WARNING  | execution.order_manager:validate_signal_with_fee_filter:245 - [OrderManager] Fee filter REJECTED: Spread 0.0413% is 4.1x expected 0.0100%. Likely illiquidity. Reject.
2026-06-05 14:16:12.403 | INFO     | knowledge.strategy_library:evaluate:302 - [Stacked Imbalance] SIGNAL: STRONG_BUY @ 2.4270 | SL=2.3920 TP=2.9270 | Regime=UNKNOWN | Score=4.50
2026-06-05 14:16:12.404 | WARNING  | execution.order_manager:validate_signal_with_fee_filter:245 - [OrderManager] Fee filter REJECTED: Spread 0.0824% is 8.2x expected 0.0100%. Likely illiquidity. Reject.
2026-06-05 14:16:12.582 | INFO     | knowledge.strategy_library:evaluate:302 - [Stacked Imbalance] SIGNAL: STRONG_BUY @ 2.4295 | SL=2.3805 TP=3.1295 | Regime=UNKNOWN | Score=5.03
2026-06-05 14:16:12.583 | WARNING  | execution.order_manager:validate_signal_with_fee_filter:245 - [OrderManager] Fee filter REJECTED: Spread 0.0412% is 4.1x expected 0.0100%. Likely illiquidity. Reject.
2026-06-05 14:16:12.713 | INFO     | knowledge.strategy_library:evaluate:302 - [Stacked Imbalance] SIGNAL: STRONG_BUY @ 2.4305 | SL=2.3745 TP=3.2305 | Regime=UNKNOWN | Score=4.50
2026-06-05 14:16:12.715 | WARNING  | execution.order_manager:validate_signal_with_fee_filter:245 - [OrderManager] Fee filter REJECTED: Spread 0.0411% is 4.1x expected 0.0100%. Likely illiquidity. Reject.
2026-06-05 14:16:12.818 | INFO     | knowledge.strategy_library:evaluate:302 - [Stacked Imbalance] SIGNAL: STRONG_BUY @ 2.4310 | SL=2.3680 TP=3.3310 | Regime=UNKNOWN | Score=4.50
2026-06-05 14:16:12.819 | WARNING  | execution.order_manager:validate_signal_with_fee_filter:245 - [OrderManager] Fee filter REJECTED: Spread 0.0823% is 8.2x expected 0.0100%. Likely illiquidity. Reject.
2026-06-05 14:16:12.881 | INFO     | knowledge.strategy_library:evaluate:302 - [Stacked Imbalance] SIGNAL: STRONG_BUY @ 2.4315 | SL=2.3685 TP=3.3315 | Regime=UNKNOWN | Score=4.50
2026-06-05 14:16:12.882 | WARNING  | execution.order_manager:validate_signal_with_fee_filter:245 - [OrderManager] Fee filter REJECTED: Spread 0.0411% is 4.1x expected 0.0100%. Likely illiquidity. Reject.
2026-06-05 14:16:12.942 | INFO     | knowledge.strategy_library:evaluate:302 - [Stacked Imbalance] SIGNAL: STRONG_BUY @ 2.4345 | SL=2.3505 TP=3.6345 | Regime=UNKNOWN | Score=4.50
2026-06-05 14:16:12.944 | WARNING  | execution.order_manager:validate_signal_with_fee_filter:245 - [OrderManager] Fee filter REJECTED: Spread 0.0411% is 4.1x expected 0.0100%. Likely illiquidity. Reject.
2026-06-05 14:16:13.002 | INFO     | knowledge.strategy_library:evaluate:302 - [Stacked Imbalance] SIGNAL: STRONG_BUY @ 2.4335 | SL=2.3425 TP=3.7335 | Regime=UNKNOWN | Score=4.50
2026-06-05 14:16:13.004 | WARNING  | execution.order_manager:validate_signal_with_fee_filter:245 - [OrderManager] Fee filter REJECTED: Spread 0.1233% is 12.3x expected 0.0100%. Likely illiquidity. Reject.
2026-06-05 14:16:13.085 | INFO     | knowledge.strategy_library:evaluate:302 - [Stacked Imbalance] SIGNAL: STRONG_BUY @ 2.4335 | SL=2.3425 TP=3.7335 | Regime=UNKNOWN | Score=4.50
2026-06-05 14:16:13.085 | WARNING  | execution.order_manager:validate_signal_with_fee_filter:245 - [OrderManager] Fee filter REJECTED: Spread 0.0411% is 4.1x expected 0.0100%. Likely illiquidity. Reject.
2026-06-05 14:16:13.170 | INFO     | knowledge.strategy_library:evaluate:302 - [Absorption] SIGNAL: STRONG_BUY @ 2.4335 | SL=2.3425 TP=3.7335 | Regime=ACCUMULATION | Score=8.19
2026-06-05 14:16:13.172 | WARNING  | execution.order_manager:validate_signal_with_fee_filter:245 - [OrderManager] Fee filter REJECTED: Spread 0.0411% is 4.1x expected 0.0100%. Likely illiquidity. Reject.
2026-06-05 14:16:13.173 | INFO     | knowledge.strategy_library:evaluate:302 - [Stacked Imbalance] SIGNAL: STRONG_BUY @ 2.4335 | SL=2.3425 TP=3.7335 | Regime=ACCUMULATION | Score=4.41
2026-06-05 14:16:13.174 | WARNING  | execution.order_manager:validate_signal_with_fee_filter:245 - [OrderManager] Fee filter REJECTED: Spread 0.0411% is 4.1x expected 0.0100%. Likely illiquidity. Reject.
2026-06-05 14:16:13.303 | INFO     | knowledge.strategy_library:evaluate:302 - [Absorption] SIGNAL: STRONG_BUY @ 2.4325 | SL=2.3415 TP=3.7325 | Regime=ACCUMULATION | Score=6.23
2026-06-05 14:16:13.304 | WARNING  | execution.order_manager:validate_signal_with_fee_filter:245 - [OrderManager] Fee filter REJECTED: Spread 0.0411% is 4.1x expected 0.0100%. Likely illiquidity. Reject.
2026-06-05 14:16:13.306 | INFO     | knowledge.strategy_library:evaluate:302 - [Stacked Imbalance] SIGNAL: STRONG_BUY @ 2.4325 | SL=2.3415 TP=3.7325 | Regime=ACCUMULATION | Score=4.25
2026-06-05 14:16:13.307 | WARNING  | execution.order_manager:validate_signal_with_fee_filter:245 - [OrderManager] Fee filter REJECTED: Spread 0.0411% is 4.1x expected 0.0100%. Likely illiquidity. Reject.
2026-06-05 14:16:13.358 | INFO     | knowledge.strategy_library:evaluate:302 - [Absorption] SIGNAL: STRONG_BUY @ 2.4320 | SL=2.3410 TP=3.7320 | Regime=ACCUMULATION | Score=6.23
2026-06-05 14:16:13.358 | WARNING  | execution.order_manager:validate_signal_with_fee_filter:245 - [OrderManager] Fee filter REJECTED: Spread 0.0822% is 8.2x expected 0.0100%. Likely illiquidity. Reject.
2026-06-05 14:16:13.359 | INFO     | knowledge.strategy_library:evaluate:302 - [Stacked Imbalance] SIGNAL: STRONG_BUY @ 2.4320 | SL=2.3410 TP=3.7320 | Regime=ACCUMULATION | Score=4.22
2026-06-05 14:16:13.360 | WARNING  | execution.order_manager:validate_signal_with_fee_filter:245 - [OrderManager] Fee filter REJECTED: Spread 0.0822% is 8.2x expected 0.0100%. Likely illiquidity. Reject.
2026-06-05 14:16:13.453 | INFO     | knowledge.strategy_library:evaluate:302 - [Absorption] SIGNAL: STRONG_BUY @ 2.4320 | SL=2.3410 TP=3.7320 | Regime=ACCUMULATION | Score=6.29
2026-06-05 14:16:13.455 | WARNING  | execution.order_manager:validate_signal_with_fee_filter:245 - [OrderManager] Fee filter REJECTED: Spread 0.0822% is 8.2x expected 0.0100%. Likely illiquidity. Reject.
2026-06-05 14:16:13.456 | INFO     | knowledge.strategy_library:evaluate:302 - [Stacked Imbalance] SIGNAL: STRONG_BUY @ 2.4320 | SL=2.3410 TP=3.7320 | Regime=ACCUMULATION | Score=4.22
2026-06-05 14:16:13.457 | WARNING  | execution.order_manager:validate_signal_with_fee_filter:245 - [OrderManager] Fee filter REJECTED: Spread 0.0822% is 8.2x expected 0.0100%. Likely illiquidity. Reject.
2026-06-05 14:16:13.545 | INFO     | knowledge.strategy_library:evaluate:302 - [Absorption] SIGNAL: STRONG_BUY @ 2.4320 | SL=2.3410 TP=3.7320 | Regime=ACCUMULATION | Score=8.23
2026-06-05 14:16:13.545 | WARNING  | execution.order_manager:validate_signal_with_fee_filter:245 - [OrderManager] Fee filter REJECTED: Spread 0.0822% is 8.2x expected 0.0100%. Likely illiquidity. Reject.
2026-06-05 14:16:13.546 | INFO     | knowledge.strategy_library:evaluate:302 - [Stacked Imbalance] SIGNAL: STRONG_BUY @ 2.4320 | SL=2.3410 TP=3.7320 | Regime=ACCUMULATION | Score=4.34
2026-06-05 14:16:13.547 | WARNING  | execution.order_manager:validate_signal_with_fee_filter:245 - [OrderManager] Fee filter REJECTED: Spread 0.0822% is 8.2x expected 0.0100%. Likely illiquidity. Reject.
2026-06-05 14:16:13.658 | INFO     | knowledge.strategy_library:evaluate:302 - [Absorption] SIGNAL: STRONG_BUY @ 2.4325 | SL=2.3415 TP=3.7325 | Regime=ACCUMULATION | Score=6.55
2026-06-05 14:16:13.659 | WARNING  | execution.order_manager:validate_signal_with_fee_filter:245 - [OrderManager] Fee filter REJECTED: Spread 0.0411% is 4.1x expected 0.0100%. Likely illiquidity. Reject.
2026-06-05 14:16:13.660 | INFO     | knowledge.strategy_library:evaluate:302 - [Stacked Imbalance] SIGNAL: STRONG_BUY @ 2.4325 | SL=2.3415 TP=3.7325 | Regime=ACCUMULATION | Score=4.22
2026-06-05 14:16:13.662 | WARNING  | execution.order_manager:validate_signal_with_fee_filter:245 - [OrderManager] Fee filter REJECTED: Spread 0.0411% is 4.1x expected 0.0100%. Likely illiquidity. Reject.
2026-06-05 14:16:13.753 | INFO     | knowledge.strategy_library:evaluate:302 - [Absorption] SIGNAL: STRONG_BUY @ 2.4320 | SL=2.3410 TP=3.7320 | Regime=ACCUMULATION | Score=7.57
2026-06-05 14:16:13.755 | WARNING  | execution.order_manager:validate_signal_with_fee_filter:245 - [OrderManager] Fee filter REJECTED: Spread 0.0822% is 8.2x expected 0.0100%. Likely illiquidity. Reject.
2026-06-05 14:16:13.756 | INFO     | knowledge.strategy_library:evaluate:302 - [Stacked Imbalance] SIGNAL: STRONG_BUY @ 2.4320 | SL=2.3410 TP=3.7320 | Regime=ACCUMULATION | Score=4.22
2026-06-05 14:16:13.758 | WARNING  | execution.order_manager:validate_signal_with_fee_filter:245 - [OrderManager] Fee filter REJECTED: Spread 0.0822% is 8.2x expected 0.0100%. Likely illiquidity. Reject.
2026-06-05 14:16:13.849 | INFO     | knowledge.strategy_library:evaluate:302 - [Absorption] SIGNAL: STRONG_BUY @ 2.4320 | SL=2.3410 TP=3.7320 | Regime=ACCUMULATION | Score=8.23
2026-06-05 14:16:13.851 | WARNING  | execution.order_manager:validate_signal_with_fee_filter:245 - [OrderManager] Fee filter REJECTED: Spread 0.0822% is 8.2x expected 0.0100%. Likely illiquidity. Reject.
2026-06-05 14:16:13.852 | INFO     | knowledge.strategy_library:evaluate:302 - [Stacked Imbalance] SIGNAL: STRONG_BUY @ 2.4320 | SL=2.3410 TP=3.7320 | Regime=ACCUMULATION | Score=4.44
2026-06-05 14:16:13.853 | WARNING  | execution.order_manager:validate_signal_with_fee_filter:245 - [OrderManager] Fee filter REJECTED: Spread 0.0822% is 8.2x expected 0.0100%. Likely illiquidity. Reject.
2026-06-05 14:16:13.959 | INFO     | knowledge.strategy_library:evaluate:302 - [Absorption] SIGNAL: STRONG_BUY @ 2.4320 | SL=2.3410 TP=3.7320 | Regime=ACCUMULATION | Score=8.23
2026-06-05 14:16:13.961 | WARNING  | execution.order_manager:validate_signal_with_fee_filter:245 - [OrderManager] Fee filter REJECTED: Spread 0.0822% is 8.2x expected 0.0100%. Likely illiquidity. Reject.
2026-06-05 14:16:13.962 | INFO     | knowledge.strategy_library:evaluate:302 - [Stacked Imbalance] SIGNAL: STRONG_BUY @ 2.4320 | SL=2.3410 TP=3.7320 | Regime=ACCUMULATION | Score=4.46
2026-06-05 14:16:13.963 | WARNING  | execution.order_manager:validate_signal_with_fee_filter:245 - [OrderManager] Fee filter REJECTED: Spread 0.0822% is 8.2x expected 0.0100%. Likely illiquidity. Reject.
2026-06-05 14:16:14.050 | INFO     | knowledge.strategy_library:evaluate:302 - [Absorption] SIGNAL: STRONG_BUY @ 2.4325 | SL=2.3415 TP=3.7325 | Regime=ACCUMULATION | Score=6.23
2026-06-05 14:16:14.051 | WARNING  | execution.order_manager:validate_signal_with_fee_filter:245 - [OrderManager] Fee filter REJECTED: Spread 0.0411% is 4.1x expected 0.0100%. Likely illiquidity. Reject.
2026-06-05 14:16:14.052 | INFO     | knowledge.strategy_library:evaluate:302 - [Stacked Imbalance] SIGNAL: STRONG_BUY @ 2.4325 | SL=2.3415 TP=3.7325 | Regime=ACCUMULATION | Score=4.22
2026-06-05 14:16:14.053 | WARNING  | execution.order_manager:validate_signal_with_fee_filter:245 - [OrderManager] Fee filter REJECTED: Spread 0.0411% is 4.1x expected 0.0100%. Likely illiquidity. Reject.
2026-06-05 14:16:14.151 | INFO     | knowledge.strategy_library:evaluate:302 - [Absorption] SIGNAL: STRONG_BUY @ 2.4320 | SL=2.3410 TP=3.7320 | Regime=ACCUMULATION | Score=8.23
2026-06-05 14:16:14.152 | WARNING  | execution.order_manager:validate_signal_with_fee_filter:245 - [OrderManager] Fee filter REJECTED: Spread 0.0822% is 8.2x expected 0.0100%. Likely illiquidity. Reject.
2026-06-05 14:16:14.154 | INFO     | knowledge.strategy_library:evaluate:302 - [Stacked Imbalance] SIGNAL: STRONG_BUY @ 2.4320 | SL=2.3410 TP=3.7320 | Regime=ACCUMULATION | Score=4.27
2026-06-05 14:16:14.154 | WARNING  | execution.order_manager:validate_signal_with_fee_filter:245 - [OrderManager] Fee filter REJECTED: Spread 0.0822% is 8.2x expected 0.0100%. Likely illiquidity. Reject.
2026-06-05 14:16:14.254 | INFO     | knowledge.strategy_library:evaluate:302 - [Absorption] SIGNAL: STRONG_BUY @ 2.4325 | SL=2.3415 TP=3.7325 | Regime=ACCUMULATION | Score=6.23
2026-06-05 14:16:14.255 | WARNING  | execution.order_manager:validate_signal_with_fee_filter:245 - [OrderManager] Fee filter REJECTED: Spread 0.0411% is 4.1x expected 0.0100%. Likely illiquidity. Reject.
2026-06-05 14:16:14.256 | INFO     | knowledge.strategy_library:evaluate:302 - [Stacked Imbalance] SIGNAL: STRONG_BUY @ 2.4325 | SL=2.3415 TP=3.7325 | Regime=ACCUMULATION | Score=4.22
2026-06-05 14:16:14.257 | WARNING  | execution.order_manager:validate_signal_with_fee_filter:245 - [OrderManager] Fee filter REJECTED: Spread 0.0411% is 4.1x expected 0.0100%. Likely illiquidity. Reject.
2026-06-05 14:16:14.348 | INFO     | knowledge.strategy_library:evaluate:302 - [Absorption] SIGNAL: STRONG_BUY @ 2.4320 | SL=2.3410 TP=3.7320 | Regime=ACCUMULATION | Score=8.23
2026-06-05 14:16:14.349 | WARNING  | execution.order_manager:validate_signal_with_fee_filter:245 - [OrderManager] Fee filter REJECTED: Spread 0.0822% is 8.2x expected 0.0100%. Likely illiquidity. Reject.
2026-06-05 14:16:14.351 | INFO     | knowledge.strategy_library:evaluate:302 - [Stacked Imbalance] SIGNAL: STRONG_BUY @ 2.4320 | SL=2.3410 TP=3.7320 | Regime=ACCUMULATION | Score=4.27
2026-06-05 14:16:14.352 | WARNING  | execution.order_manager:validate_signal_with_fee_filter:245 - [OrderManager] Fee filter REJECTED: Spread 0.0822% is 8.2x expected 0.0100%. Likely illiquidity. Reject.
2026-06-05 14:16:14.447 | INFO     | knowledge.strategy_library:evaluate:302 - [Absorption] SIGNAL: STRONG_BUY @ 2.4320 | SL=2.3410 TP=3.7320 | Regime=ACCUMULATION | Score=8.23
2026-06-05 14:16:14.448 | WARNING  | execution.order_manager:validate_signal_with_fee_filter:245 - [OrderManager] Fee filter REJECTED: Spread 0.0822% is 8.2x expected 0.0100%. Likely illiquidity. Reject.
2026-06-05 14:16:14.450 | INFO     | knowledge.strategy_library:evaluate:302 - [Stacked Imbalance] SIGNAL: STRONG_BUY @ 2.4320 | SL=2.3410 TP=3.7320 | Regime=ACCUMULATION | Score=4.27
2026-06-05 14:16:14.452 | WARNING  | execution.order_manager:validate_signal_with_fee_filter:245 - [OrderManager] Fee filter REJECTED: Spread 0.0822% is 8.2x expected 0.0100%. Likely illiquidity. Reject.
2026-06-05 14:16:14.551 | INFO     | knowledge.strategy_library:evaluate:302 - [Absorption] SIGNAL: STRONG_BUY @ 2.4315 | SL=2.3405 TP=3.7315 | Regime=ACCUMULATION | Score=7.47
2026-06-05 14:16:14.552 | WARNING  | execution.order_manager:validate_signal_with_fee_filter:245 - [OrderManager] Fee filter REJECTED: Spread 0.0411% is 4.1x expected 0.0100%. Likely illiquidity. Reject.
2026-06-05 14:16:14.553 | INFO     | knowledge.strategy_library:evaluate:302 - [Stacked Imbalance] SIGNAL: STRONG_BUY @ 2.4315 | SL=2.3405 TP=3.7315 | Regime=ACCUMULATION | Score=4.22
2026-06-05 14:16:14.554 | WARNING  | execution.order_manager:validate_signal_with_fee_filter:245 - [OrderManager] Fee filter REJECTED: Spread 0.0411% is 4.1x expected 0.0100%. Likely illiquidity. Reject.
2026-06-05 14:16:14.648 | INFO     | knowledge.strategy_library:evaluate:302 - [Absorption] SIGNAL: STRONG_BUY @ 2.4315 | SL=2.3405 TP=3.7315 | Regime=ACCUMULATION | Score=7.47
2026-06-05 14:16:14.650 | WARNING  | execution.order_manager:validate_signal_with_fee_filter:245 - [OrderManager] Fee filter REJECTED: Spread 0.0411% is 4.1x expected 0.0100%. Likely illiquidity. Reject.
2026-06-05 14:16:14.652 | INFO     | knowledge.strategy_library:evaluate:302 - [Stacked Imbalance] SIGNAL: STRONG_BUY @ 2.4315 | SL=2.3405 TP=3.7315 | Regime=ACCUMULATION | Score=4.22
2026-06-05 14:16:14.653 | WARNING  | execution.order_manager:validate_signal_with_fee_filter:245 - [OrderManager] Fee filter REJECTED: Spread 0.0411% is 4.1x expected 0.0100%. Likely illiquidity. Reject.
2026-06-05 14:16:14.759 | INFO     | knowledge.strategy_library:evaluate:302 - [Absorption] SIGNAL: STRONG_BUY @ 2.4315 | SL=2.3405 TP=3.7315 | Regime=ACCUMULATION | Score=8.14
2026-06-05 14:16:14.760 | WARNING  | execution.order_manager:validate_signal_with_fee_filter:245 - [OrderManager] Fee filter REJECTED: Spread 0.0411% is 4.1x expected 0.0100%. Likely illiquidity. Reject.
2026-06-05 14:16:14.762 | INFO     | knowledge.strategy_library:evaluate:302 - [Stacked Imbalance] SIGNAL: STRONG_BUY @ 2.4315 | SL=2.3405 TP=3.7315 | Regime=ACCUMULATION | Score=4.22
2026-06-05 14:16:14.763 | WARNING  | execution.order_manager:validate_signal_with_fee_filter:245 - [OrderManager] Fee filter REJECTED: Spread 0.0411% is 4.1x expected 0.0100%. Likely illiquidity. Reject.
2026-06-05 14:16:14.865 | INFO     | knowledge.strategy_library:evaluate:302 - [Absorption] SIGNAL: STRONG_BUY @ 2.4315 | SL=2.3405 TP=3.7315 | Regime=ACCUMULATION | Score=8.08
2026-06-05 14:16:14.868 | WARNING  | execution.order_manager:validate_signal_with_fee_filter:245 - [OrderManager] Fee filter REJECTED: Spread 0.0411% is 4.1x expected 0.0100%. Likely illiquidity. Reject.
2026-06-05 14:16:14.870 | INFO     | knowledge.strategy_library:evaluate:302 - [Stacked Imbalance] SIGNAL: STRONG_BUY @ 2.4315 | SL=2.3405 TP=3.7315 | Regime=ACCUMULATION | Score=4.22
2026-06-05 14:16:14.871 | WARNING  | execution.order_manager:validate_signal_with_fee_filter:245 - [OrderManager] Fee filter REJECTED: Spread 0.0411% is 4.1x expected 0.0100%. Likely illiquidity. Reject.
2026-06-05 14:16:14.960 | INFO     | knowledge.strategy_library:evaluate:302 - [Absorption] SIGNAL: STRONG_BUY @ 2.4315 | SL=2.3405 TP=3.7315 | Regime=ACCUMULATION | Score=8.08
2026-06-05 14:16:14.962 | WARNING  | execution.order_manager:validate_signal_with_fee_filter:245 - [OrderManager] Fee filter REJECTED: Spread 0.0411% is 4.1x expected 0.0100%. Likely illiquidity. Reject.
2026-06-05 14:16:14.963 | INFO     | knowledge.strategy_library:evaluate:302 - [Stacked Imbalance] SIGNAL: STRONG_BUY @ 2.4315 | SL=2.3405 TP=3.7315 | Regime=ACCUMULATION | Score=4.22
2026-06-05 14:16:14.965 | WARNING  | execution.order_manager:validate_signal_with_fee_filter:245 - [OrderManager] Fee filter REJECTED: Spread 0.0411% is 4.1x expected 0.0100%. Likely illiquidity. Reject.
2026-06-05 14:16:15.055 | INFO     | knowledge.strategy_library:evaluate:302 - [Absorption] SIGNAL: STRONG_BUY @ 2.4315 | SL=2.3405 TP=3.7315 | Regime=ACCUMULATION | Score=8.23
2026-06-05 14:16:15.056 | WARNING  | execution.order_manager:validate_signal_with_fee_filter:245 - [OrderManager] Fee filter REJECTED: Spread 0.0411% is 4.1x expected 0.0100%. Likely illiquidity. Reject.
2026-06-05 14:16:15.057 | INFO     | knowledge.strategy_library:evaluate:302 - [Stacked Imbalance] SIGNAL: STRONG_BUY @ 2.4315 | SL=2.3405 TP=3.7315 | Regime=ACCUMULATION | Score=4.46
2026-06-05 14:16:15.058 | WARNING  | execution.order_manager:validate_signal_with_fee_filter:245 - [OrderManager] Fee filter REJECTED: Spread 0.0411% is 4.1x expected 0.0100%. Likely illiquidity. Reject.
2026-06-05 14:16:15.155 | INFO     | knowledge.strategy_library:evaluate:302 - [Absorption] SIGNAL: STRONG_BUY @ 2.4315 | SL=2.3405 TP=3.7315 | Regime=ACCUMULATION | Score=8.23
2026-06-05 14:16:15.156 | WARNING  | execution.order_manager:validate_signal_with_fee_filter:245 - [OrderManager] Fee filter REJECTED: Spread 0.0411% is 4.1x expected 0.0100%. Likely illiquidity. Reject.
2026-06-05 14:16:15.159 | INFO     | knowledge.strategy_library:evaluate:302 - [Stacked Imbalance] SIGNAL: STRONG_BUY @ 2.4315 | SL=2.3405 TP=3.7315 | Regime=ACCUMULATION | Score=4.36
2026-06-05 14:16:15.160 | WARNING  | execution.order_manager:validate_signal_with_fee_filter:245 - [OrderManager] Fee filter REJECTED: Spread 0.0411% is 4.1x expected 0.0100%. Likely illiquidity. Reject.
2026-06-05 14:16:15.255 | INFO     | knowledge.strategy_library:evaluate:302 - [Absorption] SIGNAL: STRONG_BUY @ 2.4315 | SL=2.3405 TP=3.7315 | Regime=ACCUMULATION | Score=6.23
2026-06-05 14:16:15.257 | WARNING  | execution.order_manager:validate_signal_with_fee_filter:245 - [OrderManager] Fee filter REJECTED: Spread 0.0411% is 4.1x expected 0.0100%. Likely illiquidity. Reject.
2026-06-05 14:16:15.258 | INFO     | knowledge.strategy_library:evaluate:302 - [Stacked Imbalance] SIGNAL: STRONG_BUY @ 2.4315 | SL=2.3405 TP=3.7315 | Regime=ACCUMULATION | Score=4.22
2026-06-05 14:16:15.259 | WARNING  | execution.order_manager:validate_signal_with_fee_filter:245 - [OrderManager] Fee filter REJECTED: Spread 0.0411% is 4.1x expected 0.0100%. Likely illiquidity. Reject.
2026-06-05 14:16:15.548 | INFO     | knowledge.strategy_library:evaluate:302 - [Absorption] SIGNAL: STRONG_BUY @ 2.4315 | SL=2.3405 TP=3.7315 | Regime=ACCUMULATION | Score=6.23
2026-06-05 14:16:15.549 | WARNING  | execution.order_manager:validate_signal_with_fee_filter:245 - [OrderManager] Fee filter REJECTED: Spread 0.0411% is 4.1x expected 0.0100%. Likely illiquidity. Reject.
2026-06-05 14:16:15.550 | INFO     | knowledge.strategy_library:evaluate:302 - [Stacked Imbalance] SIGNAL: STRONG_BUY @ 2.4315 | SL=2.3405 TP=3.7315 | Regime=ACCUMULATION | Score=4.22
2026-06-05 14:16:15.552 | WARNING  | execution.order_manager:validate_signal_with_fee_filter:245 - [OrderManager] Fee filter REJECTED: Spread 0.0411% is 4.1x expected 0.0100%. Likely illiquidity. Reject.
2026-06-05 14:16:15.652 | INFO     | knowledge.strategy_library:evaluate:302 - [Absorption] SIGNAL: STRONG_BUY @ 2.4315 | SL=2.3405 TP=3.7315 | Regime=ACCUMULATION | Score=6.23
2026-06-05 14:16:15.653 | WARNING  | execution.order_manager:validate_signal_with_fee_filter:245 - [OrderManager] Fee filter REJECTED: Spread 0.0411% is 4.1x expected 0.0100%. Likely illiquidity. Reject.
2026-06-05 14:16:15.655 | INFO     | knowledge.strategy_library:evaluate:302 - [Stacked Imbalance] SIGNAL: STRONG_BUY @ 2.4315 | SL=2.3405 TP=3.7315 | Regime=ACCUMULATION | Score=4.22
2026-06-05 14:16:15.656 | WARNING  | execution.order_manager:validate_signal_with_fee_filter:245 - [OrderManager] Fee filter REJECTED: Spread 0.0411% is 4.1x expected 0.0100%. Likely illiquidity. Reject.
2026-06-05 14:16:15.749 | INFO     | knowledge.strategy_library:evaluate:302 - [Absorption] SIGNAL: STRONG_BUY @ 2.4315 | SL=2.3405 TP=3.7315 | Regime=ACCUMULATION | Score=6.23
2026-06-05 14:16:15.751 | WARNING  | execution.order_manager:validate_signal_with_fee_filter:245 - [OrderManager] Fee filter REJECTED: Spread 0.0411% is 4.1x expected 0.0100%. Likely illiquidity. Reject.
2026-06-05 14:16:15.751 | INFO     | knowledge.strategy_library:evaluate:302 - [Stacked Imbalance] SIGNAL: STRONG_BUY @ 2.4315 | SL=2.3405 TP=3.7315 | Regime=ACCUMULATION | Score=4.22
2026-06-05 14:16:15.754 | WARNING  | execution.order_manager:validate_signal_with_fee_filter:245 - [OrderManager] Fee filter REJECTED: Spread 0.0411% is 4.1x expected 0.0100%. Likely illiquidity. Reject.
2026-06-05 14:16:15.854 | INFO     | knowledge.strategy_library:evaluate:302 - [Absorption] SIGNAL: STRONG_BUY @ 2.4315 | SL=2.3405 TP=3.7315 | Regime=ACCUMULATION | Score=6.23
2026-06-05 14:16:15.856 | WARNING  | execution.order_manager:validate_signal_with_fee_filter:245 - [OrderManager] Fee filter REJECTED: Spread 0.0411% is 4.1x expected 0.0100%. Likely illiquidity. Reject.
2026-06-05 14:16:15.857 | INFO     | knowledge.strategy_library:evaluate:302 - [Stacked Imbalance] SIGNAL: STRONG_BUY @ 2.4315 | SL=2.3405 TP=3.7315 | Regime=ACCUMULATION | Score=4.22
2026-06-05 14:16:15.859 | WARNING  | execution.order_manager:validate_signal_with_fee_filter:245 - [OrderManager] Fee filter REJECTED: Spread 0.0411% is 4.1x expected 0.0100%. Likely illiquidity. Reject.
2026-06-05 14:16:16.257 | INFO     | knowledge.strategy_library:evaluate:302 - [Absorption] SIGNAL: STRONG_BUY @ 2.4315 | SL=2.3405 TP=3.7315 | Regime=ACCUMULATION | Score=6.23
2026-06-05 14:16:16.259 | WARNING  | execution.order_manager:validate_signal_with_fee_filter:245 - [OrderManager] Fee filter REJECTED: Spread 0.0411% is 4.1x expected 0.0100%. Likely illiquidity. Reject.
2026-06-05 14:16:16.260 | INFO     | knowledge.strategy_library:evaluate:302 - [Stacked Imbalance] SIGNAL: STRONG_BUY @ 2.4315 | SL=2.3405 TP=3.7315 | Regime=ACCUMULATION | Score=4.22
2026-06-05 14:16:16.261 | WARNING  | execution.order_manager:validate_signal_with_fee_filter:245 - [OrderManager] Fee filter REJECTED: Spread 0.0411% is 4.1x expected 0.0100%. Likely illiquidity. Reject.
2026-06-05 14:16:16.693 | INFO     | knowledge.strategy_library:evaluate:302 - [Absorption] SIGNAL: STRONG_BUY @ 2.4315 | SL=2.3405 TP=3.7315 | Regime=ACCUMULATION | Score=6.23
2026-06-05 14:16:16.695 | WARNING  | execution.order_manager:validate_signal_with_fee_filter:245 - [OrderManager] Fee filter REJECTED: Spread 0.0411% is 4.1x expected 0.0100%. Likely illiquidity. Reject.
2026-06-05 14:16:16.696 | INFO     | knowledge.strategy_library:evaluate:302 - [Stacked Imbalance] SIGNAL: STRONG_BUY @ 2.4315 | SL=2.3405 TP=3.7315 | Regime=ACCUMULATION | Score=4.22
2026-06-05 14:16:16.697 | WARNING  | execution.order_manager:validate_signal_with_fee_filter:245 - [OrderManager] Fee filter REJECTED: Spread 0.0411% is 4.1x expected 0.0100%. Likely illiquidity. Reject.
2026-06-05 14:16:16.902 | INFO     | knowledge.strategy_library:evaluate:302 - [Absorption] SIGNAL: STRONG_BUY @ 2.4315 | SL=2.3405 TP=3.7315 | Regime=ACCUMULATION | Score=6.23
2026-06-05 14:16:16.904 | WARNING  | execution.order_manager:validate_signal_with_fee_filter:245 - [OrderManager] Fee filter REJECTED: Spread 0.0411% is 4.1x expected 0.0100%. Likely illiquidity. Reject.
2026-06-05 14:16:16.905 | INFO     | knowledge.strategy_library:evaluate:302 - [Stacked Imbalance] SIGNAL: STRONG_BUY @ 2.4315 | SL=2.3405 TP=3.7315 | Regime=ACCUMULATION | Score=4.22
2026-06-05 14:16:16.906 | WARNING  | execution.order_manager:validate_signal_with_fee_filter:245 - [OrderManager] Fee filter REJECTED: Spread 0.0411% is 4.1x expected 0.0100%. Likely illiquidity. Reject.
2026-06-05 14:16:16.952 | INFO     | knowledge.strategy_library:evaluate:302 - [Absorption] SIGNAL: STRONG_BUY @ 2.4315 | SL=2.3405 TP=3.7315 | Regime=ACCUMULATION | Score=6.23
2026-06-05 14:16:16.953 | WARNING  | execution.order_manager:validate_signal_with_fee_filter:245 - [OrderManager] Fee filter REJECTED: Spread 0.0411% is 4.1x expected 0.0100%. Likely illiquidity. Reject.
2026-06-05 14:16:16.955 | INFO     | knowledge.strategy_library:evaluate:302 - [Stacked Imbalance] SIGNAL: STRONG_BUY @ 2.4315 | SL=2.3405 TP=3.7315 | Regime=ACCUMULATION | Score=4.22
2026-06-05 14:16:16.956 | WARNING  | execution.order_manager:validate_signal_with_fee_filter:245 - [OrderManager] Fee filter REJECTED: Spread 0.0411% is 4.1x expected 0.0100%. Likely illiquidity. Reject.
2026-06-05 14:16:17.049 | INFO     | knowledge.strategy_library:evaluate:302 - [Absorption] SIGNAL: STRONG_BUY @ 2.4315 | SL=2.3405 TP=3.7315 | Regime=ACCUMULATION | Score=6.23
2026-06-05 14:16:17.050 | WARNING  | execution.order_manager:validate_signal_with_fee_filter:245 - [OrderManager] Fee filter REJECTED: Spread 0.0411% is 4.1x expected 0.0100%. Likely illiquidity. Reject.
2026-06-05 14:16:17.051 | INFO     | knowledge.strategy_library:evaluate:302 - [Stacked Imbalance] SIGNAL: STRONG_BUY @ 2.4315 | SL=2.3405 TP=3.7315 | Regime=ACCUMULATION | Score=4.22
2026-06-05 14:16:17.053 | WARNING  | execution.order_manager:validate_signal_with_fee_filter:245 - [OrderManager] Fee filter REJECTED: Spread 0.0411% is 4.1x expected 0.0100%. Likely illiquidity. Reject.
2026-06-05 14:16:17.450 | INFO     | knowledge.strategy_library:evaluate:302 - [Absorption] SIGNAL: STRONG_BUY @ 2.4315 | SL=2.3405 TP=3.7315 | Regime=ACCUMULATION | Score=6.23
2026-06-05 14:16:17.451 | WARNING  | execution.order_manager:validate_signal_with_fee_filter:245 - [OrderManager] Fee filter REJECTED: Spread 0.0411% is 4.1x expected 0.0100%. Likely illiquidity. Reject.
2026-06-05 14:16:17.452 | INFO     | knowledge.strategy_library:evaluate:302 - [Stacked Imbalance] SIGNAL: STRONG_BUY @ 2.4315 | SL=2.3405 TP=3.7315 | Regime=ACCUMULATION | Score=4.22
2026-06-05 14:16:17.453 | WARNING  | execution.order_manager:validate_signal_with_fee_filter:245 - [OrderManager] Fee filter REJECTED: Spread 0.0411% is 4.1x expected 0.0100%. Likely illiquidity. Reject.
2026-06-05 14:16:18.283 | INFO     | knowledge.strategy_library:evaluate:302 - [Absorption] SIGNAL: STRONG_BUY @ 2.4315 | SL=2.3405 TP=3.7315 | Regime=ACCUMULATION | Score=6.23
2026-06-05 14:16:18.285 | WARNING  | execution.order_manager:validate_signal_with_fee_filter:245 - [OrderManager] Fee filter REJECTED: Spread 0.0411% is 4.1x expected 0.0100%. Likely illiquidity. Reject.
2026-06-05 14:16:18.286 | INFO     | knowledge.strategy_library:evaluate:302 - [Stacked Imbalance] SIGNAL: STRONG_BUY @ 2.4315 | SL=2.3405 TP=3.7315 | Regime=ACCUMULATION | Score=4.22
2026-06-05 14:16:18.287 | WARNING  | execution.order_manager:validate_signal_with_fee_filter:245 - [OrderManager] Fee filter REJECTED: Spread 0.0411% is 4.1x expected 0.0100%. Likely illiquidity. Reject.
2026-06-05 14:16:18.348 | INFO     | knowledge.strategy_library:evaluate:302 - [Absorption] SIGNAL: STRONG_BUY @ 2.4315 | SL=2.3405 TP=3.7315 | Regime=ACCUMULATION | Score=6.23
2026-06-05 14:16:18.350 | WARNING  | execution.order_manager:validate_signal_with_fee_filter:245 - [OrderManager] Fee filter REJECTED: Spread 0.0411% is 4.1x expected 0.0100%. Likely illiquidity. Reject.
2026-06-05 14:16:18.351 | INFO     | knowledge.strategy_library:evaluate:302 - [Stacked Imbalance] SIGNAL: STRONG_BUY @ 2.4315 | SL=2.3405 TP=3.7315 | Regime=ACCUMULATION | Score=4.22
2026-06-05 14:16:18.352 | WARNING  | execution.order_manager:validate_signal_with_fee_filter:245 - [OrderManager] Fee filter REJECTED: Spread 0.0411% is 4.1x expected 0.0100%. Likely illiquidity. Reject.
2026-06-05 14:16:18.849 | INFO     | knowledge.strategy_library:evaluate:302 - [Absorption] SIGNAL: STRONG_BUY @ 2.4315 | SL=2.3405 TP=3.7315 | Regime=ACCUMULATION | Score=6.23
2026-06-05 14:16:18.850 | WARNING  | execution.order_manager:validate_signal_with_fee_filter:245 - [OrderManager] Fee filter REJECTED: Spread 0.0411% is 4.1x expected 0.0100%. Likely illiquidity. Reject.
2026-06-05 14:16:18.852 | INFO     | knowledge.strategy_library:evaluate:302 - [Stacked Imbalance] SIGNAL: STRONG_BUY @ 2.4315 | SL=2.3405 TP=3.7315 | Regime=ACCUMULATION | Score=4.22
2026-06-05 14:16:18.853 | WARNING  | execution.order_manager:validate_signal_with_fee_filter:245 - [OrderManager] Fee filter REJECTED: Spread 0.0411% is 4.1x expected 0.0100%. Likely illiquidity. Reject.
2026-06-05 14:16:18.951 | INFO     | knowledge.strategy_library:evaluate:302 - [Absorption] SIGNAL: STRONG_BUY @ 2.4315 | SL=2.3405 TP=3.7315 | Regime=ACCUMULATION | Score=6.23
2026-06-05 14:16:18.952 | WARNING  | execution.order_manager:validate_signal_with_fee_filter:245 - [OrderManager] Fee filter REJECTED: Spread 0.0411% is 4.1x expected 0.0100%. Likely illiquidity. Reject.
2026-06-05 14:16:18.954 | INFO     | knowledge.strategy_library:evaluate:302 - [Stacked Imbalance] SIGNAL: STRONG_BUY @ 2.4315 | SL=2.3405 TP=3.7315 | Regime=ACCUMULATION | Score=4.22
2026-06-05 14:16:18.955 | WARNING  | execution.order_manager:validate_signal_with_fee_filter:245 - [OrderManager] Fee filter REJECTED: Spread 0.0411% is 4.1x expected 0.0100%. Likely illiquidity. Reject.
2026-06-05 14:16:19.051 | INFO     | knowledge.strategy_library:evaluate:302 - [Absorption] SIGNAL: STRONG_BUY @ 2.4315 | SL=2.3405 TP=3.7315 | Regime=ACCUMULATION | Score=6.23
2026-06-05 14:16:19.052 | WARNING  | execution.order_manager:validate_signal_with_fee_filter:245 - [OrderManager] Fee filter REJECTED: Spread 0.0411% is 4.1x expected 0.0100%. Likely illiquidity. Reject.
2026-06-05 14:16:19.053 | INFO     | knowledge.strategy_library:evaluate:302 - [Stacked Imbalance] SIGNAL: STRONG_BUY @ 2.4315 | SL=2.3405 TP=3.7315 | Regime=ACCUMULATION | Score=4.22
2026-06-05 14:16:19.054 | WARNING  | execution.order_manager:validate_signal_with_fee_filter:245 - [OrderManager] Fee filter REJECTED: Spread 0.0411% is 4.1x expected 0.0100%. Likely illiquidity. Reject.
2026-06-05 14:16:19.355 | INFO     | knowledge.strategy_library:evaluate:302 - [Absorption] SIGNAL: STRONG_BUY @ 2.4305 | SL=2.3395 TP=3.7305 | Regime=ACCUMULATION | Score=11.29
2026-06-05 14:16:19.357 | WARNING  | execution.order_manager:validate_signal_with_fee_filter:245 - [OrderManager] Fee filter REJECTED: Spread 0.0411% is 4.1x expected 0.0100%. Likely illiquidity. Reject.
2026-06-05 14:16:19.358 | INFO     | knowledge.strategy_library:evaluate:302 - [Stacked Imbalance] SIGNAL: STRONG_BUY @ 2.4305 | SL=2.3395 TP=3.7305 | Regime=ACCUMULATION | Score=8.00
2026-06-05 14:16:19.359 | WARNING  | execution.order_manager:validate_signal_with_fee_filter:245 - [OrderManager] Fee filter REJECTED: Spread 0.0411% is 4.1x expected 0.0100%. Likely illiquidity. Reject.
2026-06-05 14:16:19.453 | INFO     | knowledge.strategy_library:evaluate:302 - [Absorption] SIGNAL: STRONG_BUY @ 2.4305 | SL=2.3395 TP=3.7305 | Regime=ACCUMULATION | Score=10.86
2026-06-05 14:16:19.454 | WARNING  | execution.order_manager:validate_signal_with_fee_filter:245 - [OrderManager] Fee filter REJECTED: Spread 0.0411% is 4.1x expected 0.0100%. Likely illiquidity. Reject.
2026-06-05 14:16:19.456 | INFO     | knowledge.strategy_library:evaluate:302 - [Stacked Imbalance] SIGNAL: STRONG_BUY @ 2.4305 | SL=2.3395 TP=3.7305 | Regime=ACCUMULATION | Score=8.00
2026-06-05 14:16:19.456 | WARNING  | execution.order_manager:validate_signal_with_fee_filter:245 - [OrderManager] Fee filter REJECTED: Spread 0.0411% is 4.1x expected 0.0100%. Likely illiquidity. Reject.
2026-06-05 14:16:19.571 | INFO     | knowledge.strategy_library:evaluate:302 - [Absorption] SIGNAL: STRONG_BUY @ 2.4305 | SL=2.3395 TP=3.7305 | Regime=ACCUMULATION | Score=11.05
2026-06-05 14:16:19.572 | WARNING  | execution.order_manager:validate_signal_with_fee_filter:245 - [OrderManager] Fee filter REJECTED: Spread 0.0411% is 4.1x expected 0.0100%. Likely illiquidity. Reject.
2026-06-05 14:16:19.573 | INFO     | knowledge.strategy_library:evaluate:302 - [Stacked Imbalance] SIGNAL: STRONG_BUY @ 2.4305 | SL=2.3395 TP=3.7305 | Regime=ACCUMULATION | Score=8.00
2026-06-05 14:16:19.575 | WARNING  | execution.order_manager:validate_signal_with_fee_filter:245 - [OrderManager] Fee filter REJECTED: Spread 0.0411% is 4.1x expected 0.0100%. Likely illiquidity. Reject.
2026-06-05 14:16:19.663 | INFO     | knowledge.strategy_library:evaluate:302 - [Absorption] SIGNAL: STRONG_BUY @ 2.4305 | SL=2.3395 TP=3.7305 | Regime=ACCUMULATION | Score=11.05
2026-06-05 14:16:19.665 | WARNING  | execution.order_manager:validate_signal_with_fee_filter:245 - [OrderManager] Fee filter REJECTED: Spread 0.0411% is 4.1x expected 0.0100%. Likely illiquidity. Reject.
2026-06-05 14:16:19.667 | INFO     | knowledge.strategy_library:evaluate:302 - [Stacked Imbalance] SIGNAL: STRONG_BUY @ 2.4305 | SL=2.3395 TP=3.7305 | Regime=ACCUMULATION | Score=8.00
2026-06-05 14:16:19.668 | WARNING  | execution.order_manager:validate_signal_with_fee_filter:245 - [OrderManager] Fee filter REJECTED: Spread 0.0411% is 4.1x expected 0.0100%. Likely illiquidity. Reject.
2026-06-05 14:16:19.952 | INFO     | knowledge.strategy_library:evaluate:302 - [Absorption] SIGNAL: STRONG_BUY @ 2.4305 | SL=2.3395 TP=3.7305 | Regime=ACCUMULATION | Score=11.05
2026-06-05 14:16:19.952 | WARNING  | execution.order_manager:validate_signal_with_fee_filter:245 - [OrderManager] Fee filter REJECTED: Spread 0.0411% is 4.1x expected 0.0100%. Likely illiquidity. Reject.
2026-06-05 14:16:19.953 | INFO     | knowledge.strategy_library:evaluate:302 - [Stacked Imbalance] SIGNAL: STRONG_BUY @ 2.4305 | SL=2.3395 TP=3.7305 | Regime=ACCUMULATION | Score=8.00
2026-06-05 14:16:19.954 | WARNING  | execution.order_manager:validate_signal_with_fee_filter:245 - [OrderManager] Fee filter REJECTED: Spread 0.0411% is 4.1x expected 0.0100%. Likely illiquidity. Reject.
2026-06-05 14:16:20.553 | INFO     | knowledge.strategy_library:evaluate:302 - [Absorption] SIGNAL: STRONG_BUY @ 2.4305 | SL=2.3395 TP=3.7305 | Regime=ACCUMULATION | Score=11.05
2026-06-05 14:16:20.554 | WARNING  | execution.order_manager:validate_signal_with_fee_filter:245 - [OrderManager] Fee filter REJECTED: Spread 0.0411% is 4.1x expected 0.0100%. Likely illiquidity. Reject.
2026-06-05 14:16:20.556 | INFO     | knowledge.strategy_library:evaluate:302 - [Stacked Imbalance] SIGNAL: STRONG_BUY @ 2.4305 | SL=2.3395 TP=3.7305 | Regime=ACCUMULATION | Score=8.00
2026-06-05 14:16:20.557 | WARNING  | execution.order_manager:validate_signal_with_fee_filter:245 - [OrderManager] Fee filter REJECTED: Spread 0.0411% is 4.1x expected 0.0100%. Likely illiquidity. Reject.
2026-06-05 14:16:20.653 | INFO     | knowledge.strategy_library:evaluate:302 - [Absorption] SIGNAL: STRONG_BUY @ 2.4305 | SL=2.3395 TP=3.7305 | Regime=ACCUMULATION | Score=11.05
2026-06-05 14:16:20.654 | WARNING  | execution.order_manager:validate_signal_with_fee_filter:245 - [OrderManager] Fee filter REJECTED: Spread 0.0411% is 4.1x expected 0.0100%. Likely illiquidity. Reject.
2026-06-05 14:16:20.656 | INFO     | knowledge.strategy_library:evaluate:302 - [Stacked Imbalance] SIGNAL: STRONG_BUY @ 2.4305 | SL=2.3395 TP=3.7305 | Regime=ACCUMULATION | Score=8.00
2026-06-05 14:16:20.657 | WARNING  | execution.order_manager:validate_signal_with_fee_filter:245 - [OrderManager] Fee filter REJECTED: Spread 0.0411% is 4.1x expected 0.0100%. Likely illiquidity. Reject.
2026-06-05 14:16:20.854 | INFO     | knowledge.strategy_library:evaluate:302 - [Absorption] SIGNAL: STRONG_BUY @ 2.4315 | SL=2.3405 TP=3.7315 | Regime=ACCUMULATION | Score=10.27
2026-06-05 14:16:20.855 | WARNING  | execution.order_manager:validate_signal_with_fee_filter:245 - [OrderManager] Fee filter REJECTED: Spread 0.0411% is 4.1x expected 0.0100%. Likely illiquidity. Reject.
2026-06-05 14:16:20.856 | INFO     | knowledge.strategy_library:evaluate:302 - [Stacked Imbalance] SIGNAL: STRONG_BUY @ 2.4315 | SL=2.3405 TP=3.7315 | Regime=ACCUMULATION | Score=8.00
2026-06-05 14:16:20.858 | WARNING  | execution.order_manager:validate_signal_with_fee_filter:245 - [OrderManager] Fee filter REJECTED: Spread 0.0411% is 4.1x expected 0.0100%. Likely illiquidity. Reject.
2026-06-05 14:16:20.958 | INFO     | knowledge.strategy_library:evaluate:302 - [Absorption] SIGNAL: STRONG_BUY @ 2.4315 | SL=2.3405 TP=3.7315 | Regime=ACCUMULATION | Score=10.76
2026-06-05 14:16:20.960 | WARNING  | execution.order_manager:validate_signal_with_fee_filter:245 - [OrderManager] Fee filter REJECTED: Spread 0.0411% is 4.1x expected 0.0100%. Likely illiquidity. Reject.
2026-06-05 14:16:20.961 | INFO     | knowledge.strategy_library:evaluate:302 - [Stacked Imbalance] SIGNAL: STRONG_BUY @ 2.4315 | SL=2.3405 TP=3.7315 | Regime=ACCUMULATION | Score=8.00
2026-06-05 14:16:20.962 | WARNING  | execution.order_manager:validate_signal_with_fee_filter:245 - [OrderManager] Fee filter REJECTED: Spread 0.0411% is 4.1x expected 0.0100%. Likely illiquidity. Reject.
2026-06-05 14:16:21.053 | INFO     | knowledge.strategy_library:evaluate:302 - [Absorption] SIGNAL: STRONG_BUY @ 2.4315 | SL=2.3405 TP=3.7315 | Regime=ACCUMULATION | Score=10.52
2026-06-05 14:16:21.054 | WARNING  | execution.order_manager:validate_signal_with_fee_filter:245 - [OrderManager] Fee filter REJECTED: Spread 0.0411% is 4.1x expected 0.0100%. Likely illiquidity. Reject.
2026-06-05 14:16:21.055 | INFO     | knowledge.strategy_library:evaluate:302 - [Stacked Imbalance] SIGNAL: STRONG_BUY @ 2.4315 | SL=2.3405 TP=3.7315 | Regime=ACCUMULATION | Score=8.00
2026-06-05 14:16:21.057 | WARNING  | execution.order_manager:validate_signal_with_fee_filter:245 - [OrderManager] Fee filter REJECTED: Spread 0.0411% is 4.1x expected 0.0100%. Likely illiquidity. Reject.
2026-06-05 14:16:21.258 | INFO     | knowledge.strategy_library:evaluate:302 - [Absorption] SIGNAL: STRONG_BUY @ 2.4315 | SL=2.3405 TP=3.7315 | Regime=ACCUMULATION | Score=10.52
2026-06-05 14:16:21.260 | WARNING  | execution.order_manager:validate_signal_with_fee_filter:245 - [OrderManager] Fee filter REJECTED: Spread 0.0411% is 4.1x expected 0.0100%. Likely illiquidity. Reject.
2026-06-05 14:16:21.261 | INFO     | knowledge.strategy_library:evaluate:302 - [Stacked Imbalance] SIGNAL: STRONG_BUY @ 2.4315 | SL=2.3405 TP=3.7315 | Regime=ACCUMULATION | Score=8.00
2026-06-05 14:16:21.262 | WARNING  | execution.order_manager:validate_signal_with_fee_filter:245 - [OrderManager] Fee filter REJECTED: Spread 0.0411% is 4.1x expected 0.0100%. Likely illiquidity. Reject.
2026-06-05 14:16:21.852 | INFO     | knowledge.strategy_library:evaluate:302 - [Absorption] SIGNAL: STRONG_BUY @ 2.4315 | SL=2.3405 TP=3.7315 | Regime=ACCUMULATION | Score=10.52
2026-06-05 14:16:21.853 | WARNING  | execution.order_manager:validate_signal_with_fee_filter:245 - [OrderManager] Fee filter REJECTED: Spread 0.0411% is 4.1x expected 0.0100%. Likely illiquidity. Reject.
2026-06-05 14:16:21.854 | INFO     | knowledge.strategy_library:evaluate:302 - [Stacked Imbalance] SIGNAL: STRONG_BUY @ 2.4315 | SL=2.3405 TP=3.7315 | Regime=ACCUMULATION | Score=8.00
2026-06-05 14:16:21.855 | WARNING  | execution.order_manager:validate_signal_with_fee_filter:245 - [OrderManager] Fee filter REJECTED: Spread 0.0411% is 4.1x expected 0.0100%. Likely illiquidity. Reject.
2026-06-05 14:16:22.003 | INFO     | knowledge.strategy_library:evaluate:302 - [Absorption] SIGNAL: STRONG_BUY @ 2.4315 | SL=2.3405 TP=3.7315 | Regime=ACCUMULATION | Score=10.52
2026-06-05 14:16:22.016 | WARNING  | execution.order_manager:validate_signal_with_fee_filter:245 - [OrderManager] Fee filter REJECTED: Spread 0.0411% is 4.1x expected 0.0100%. Likely illiquidity. Reject.
2026-06-05 14:16:22.030 | INFO     | knowledge.strategy_library:evaluate:302 - [Stacked Imbalance] SIGNAL: STRONG_BUY @ 2.4315 | SL=2.3405 TP=3.7315 | Regime=ACCUMULATION | Score=8.01
2026-06-05 14:16:22.032 | WARNING  | execution.order_manager:validate_signal_with_fee_filter:245 - [OrderManager] Fee filter REJECTED: Spread 0.0411% is 4.1x expected 0.0100%. Likely illiquidity. Reject.
2026-06-05 14:16:22.079 | INFO     | knowledge.strategy_library:evaluate:302 - [Absorption] SIGNAL: STRONG_BUY @ 2.4315 | SL=2.3405 TP=3.7315 | Regime=ACCUMULATION | Score=10.52
2026-06-05 14:16:22.082 | WARNING  | execution.order_manager:validate_signal_with_fee_filter:245 - [OrderManager] Fee filter REJECTED: Spread 0.0411% is 4.1x expected 0.0100%. Likely illiquidity. Reject.
2026-06-05 14:16:22.083 | INFO     | knowledge.strategy_library:evaluate:302 - [Stacked Imbalance] SIGNAL: STRONG_BUY @ 2.4315 | SL=2.3405 TP=3.7315 | Regime=ACCUMULATION | Score=8.01
2026-06-05 14:16:22.084 | WARNING  | execution.order_manager:validate_signal_with_fee_filter:245 - [OrderManager] Fee filter REJECTED: Spread 0.0411% is 4.1x expected 0.0100%. Likely illiquidity. Reject.
2026-06-05 14:16:22.469 | INFO     | knowledge.strategy_library:evaluate:302 - [Absorption] SIGNAL: STRONG_BUY @ 2.4315 | SL=2.3405 TP=3.7315 | Regime=ACCUMULATION | Score=10.52
2026-06-05 14:16:22.470 | WARNING  | execution.order_manager:validate_signal_with_fee_filter:245 - [OrderManager] Fee filter REJECTED: Spread 0.0411% is 4.1x expected 0.0100%. Likely illiquidity. Reject.
2026-06-05 14:16:22.472 | INFO     | knowledge.strategy_library:evaluate:302 - [Stacked Imbalance] SIGNAL: STRONG_BUY @ 2.4315 | SL=2.3405 TP=3.7315 | Regime=ACCUMULATION | Score=8.01
2026-06-05 14:16:22.473 | WARNING  | execution.order_manager:validate_signal_with_fee_filter:245 - [OrderManager] Fee filter REJECTED: Spread 0.0411% is 4.1x expected 0.0100%. Likely illiquidity. Reject.
2026-06-05 14:16:22.551 | INFO     | knowledge.strategy_library:evaluate:302 - [Absorption] SIGNAL: STRONG_BUY @ 2.4315 | SL=2.3405 TP=3.7315 | Regime=ACCUMULATION | Score=10.52
2026-06-05 14:16:22.552 | WARNING  | execution.order_manager:validate_signal_with_fee_filter:245 - [OrderManager] Fee filter REJECTED: Spread 0.0411% is 4.1x expected 0.0100%. Likely illiquidity. Reject.
2026-06-05 14:16:22.553 | INFO     | knowledge.strategy_library:evaluate:302 - [Stacked Imbalance] SIGNAL: STRONG_BUY @ 2.4315 | SL=2.3405 TP=3.7315 | Regime=ACCUMULATION | Score=8.01
2026-06-05 14:16:22.554 | WARNING  | execution.order_manager:validate_signal_with_fee_filter:245 - [OrderManager] Fee filter REJECTED: Spread 0.0411% is 4.1x expected 0.0100%. Likely illiquidity. Reject.
2026-06-05 14:16:23.044 | INFO     | knowledge.strategy_library:evaluate:302 - [Absorption] SIGNAL: STRONG_BUY @ 2.4315 | SL=2.3405 TP=3.7315 | Regime=ACCUMULATION | Score=10.76
2026-06-05 14:16:23.045 | WARNING  | execution.order_manager:validate_signal_with_fee_filter:245 - [OrderManager] Fee filter REJECTED: Spread 0.0411% is 4.1x expected 0.0100%. Likely illiquidity. Reject.
2026-06-05 14:16:23.047 | INFO     | knowledge.strategy_library:evaluate:302 - [Stacked Imbalance] SIGNAL: STRONG_BUY @ 2.4315 | SL=2.3405 TP=3.7315 | Regime=ACCUMULATION | Score=8.01
2026-06-05 14:16:23.048 | WARNING  | execution.order_manager:validate_signal_with_fee_filter:245 - [OrderManager] Fee filter REJECTED: Spread 0.0411% is 4.1x expected 0.0100%. Likely illiquidity. Reject.
2026-06-05 14:16:23.062 | INFO     | knowledge.strategy_library:evaluate:302 - [Absorption] SIGNAL: STRONG_BUY @ 2.4315 | SL=2.3405 TP=3.7315 | Regime=ACCUMULATION | Score=10.75
2026-06-05 14:16:23.064 | WARNING  | execution.order_manager:validate_signal_with_fee_filter:245 - [OrderManager] Fee filter REJECTED: Spread 0.0411% is 4.1x expected 0.0100%. Likely illiquidity. Reject.
2026-06-05 14:16:23.065 | INFO     | knowledge.strategy_library:evaluate:302 - [Stacked Imbalance] SIGNAL: STRONG_BUY @ 2.4315 | SL=2.3405 TP=3.7315 | Regime=ACCUMULATION | Score=8.01
2026-06-05 14:16:23.067 | WARNING  | execution.order_manager:validate_signal_with_fee_filter:245 - [OrderManager] Fee filter REJECTED: Spread 0.0411% is 4.1x expected 0.0100%. Likely illiquidity. Reject.
2026-06-05 14:16:23.149 | INFO     | knowledge.strategy_library:evaluate:302 - [Absorption] SIGNAL: STRONG_BUY @ 2.4315 | SL=2.3405 TP=3.7315 | Regime=ACCUMULATION | Score=12.06
2026-06-05 14:16:23.151 | WARNING  | execution.order_manager:validate_signal_with_fee_filter:245 - [OrderManager] Fee filter REJECTED: Spread 0.0411% is 4.1x expected 0.0100%. Likely illiquidity. Reject.
2026-06-05 14:16:23.152 | INFO     | knowledge.strategy_library:evaluate:302 - [Stacked Imbalance] SIGNAL: STRONG_BUY @ 2.4315 | SL=2.3405 TP=3.7315 | Regime=ACCUMULATION | Score=8.01
2026-06-05 14:16:23.153 | WARNING  | execution.order_manager:validate_signal_with_fee_filter:245 - [OrderManager] Fee filter REJECTED: Spread 0.0411% is 4.1x expected 0.0100%. Likely illiquidity. Reject.
2026-06-05 14:16:23.249 | INFO     | knowledge.strategy_library:evaluate:302 - [Absorption] SIGNAL: STRONG_BUY @ 2.4315 | SL=2.3405 TP=3.7315 | Regime=ACCUMULATION | Score=11.98
2026-06-05 14:16:23.251 | WARNING  | execution.order_manager:validate_signal_with_fee_filter:245 - [OrderManager] Fee filter REJECTED: Spread 0.0411% is 4.1x expected 0.0100%. Likely illiquidity. Reject.
2026-06-05 14:16:23.253 | INFO     | knowledge.strategy_library:evaluate:302 - [Stacked Imbalance] SIGNAL: STRONG_BUY @ 2.4315 | SL=2.3405 TP=3.7315 | Regime=ACCUMULATION | Score=8.01
2026-06-05 14:16:23.254 | WARNING  | execution.order_manager:validate_signal_with_fee_filter:245 - [OrderManager] Fee filter REJECTED: Spread 0.0411% is 4.1x expected 0.0100%. Likely illiquidity. Reject.
2026-06-05 14:16:23.350 | INFO     | knowledge.strategy_library:evaluate:302 - [Absorption] SIGNAL: STRONG_BUY @ 2.4315 | SL=2.3405 TP=3.7315 | Regime=ACCUMULATION | Score=11.98
2026-06-05 14:16:23.351 | WARNING  | execution.order_manager:validate_signal_with_fee_filter:245 - [OrderManager] Fee filter REJECTED: Spread 0.0411% is 4.1x expected 0.0100%. Likely illiquidity. Reject.
2026-06-05 14:16:23.352 | INFO     | knowledge.strategy_library:evaluate:302 - [Stacked Imbalance] SIGNAL: STRONG_BUY @ 2.4315 | SL=2.3405 TP=3.7315 | Regime=ACCUMULATION | Score=8.01
2026-06-05 14:16:23.353 | WARNING  | execution.order_manager:validate_signal_with_fee_filter:245 - [OrderManager] Fee filter REJECTED: Spread 0.0411% is 4.1x expected 0.0100%. Likely illiquidity. Reject.
2026-06-05 14:16:23.551 | INFO     | knowledge.strategy_library:evaluate:302 - [Absorption] SIGNAL: STRONG_BUY @ 2.4315 | SL=2.3405 TP=3.7315 | Regime=ACCUMULATION | Score=11.98
2026-06-05 14:16:23.553 | WARNING  | execution.order_manager:validate_signal_with_fee_filter:245 - [OrderManager] Fee filter REJECTED: Spread 0.0411% is 4.1x expected 0.0100%. Likely illiquidity. Reject.
2026-06-05 14:16:23.554 | INFO     | knowledge.strategy_library:evaluate:302 - [Stacked Imbalance] SIGNAL: STRONG_BUY @ 2.4315 | SL=2.3405 TP=3.7315 | Regime=ACCUMULATION | Score=8.01
2026-06-05 14:16:23.556 | WARNING  | execution.order_manager:validate_signal_with_fee_filter:245 - [OrderManager] Fee filter REJECTED: Spread 0.0411% is 4.1x expected 0.0100%. Likely illiquidity. Reject.
2026-06-05 14:16:23.749 | INFO     | knowledge.strategy_library:evaluate:302 - [Absorption] SIGNAL: STRONG_BUY @ 2.4315 | SL=2.3405 TP=3.7315 | Regime=ACCUMULATION | Score=11.89
2026-06-05 14:16:23.751 | WARNING  | execution.order_manager:validate_signal_with_fee_filter:245 - [OrderManager] Fee filter REJECTED: Spread 0.0411% is 4.1x expected 0.0100%. Likely illiquidity. Reject.
2026-06-05 14:16:23.751 | INFO     | knowledge.strategy_library:evaluate:302 - [Stacked Imbalance] SIGNAL: STRONG_BUY @ 2.4315 | SL=2.3405 TP=3.7315 | Regime=ACCUMULATION | Score=8.01
2026-06-05 14:16:23.753 | WARNING  | execution.order_manager:validate_signal_with_fee_filter:245 - [OrderManager] Fee filter REJECTED: Spread 0.0411% is 4.1x expected 0.0100%. Likely illiquidity. Reject.
2026-06-05 14:16:24.054 | INFO     | knowledge.strategy_library:evaluate:302 - [Absorption] SIGNAL: STRONG_BUY @ 2.4315 | SL=2.3405 TP=3.7315 | Regime=ACCUMULATION | Score=11.93
2026-06-05 14:16:24.055 | WARNING  | execution.order_manager:validate_signal_with_fee_filter:245 - [OrderManager] Fee filter REJECTED: Spread 0.0411% is 4.1x expected 0.0100%. Likely illiquidity. Reject.
2026-06-05 14:16:24.057 | INFO     | knowledge.strategy_library:evaluate:302 - [Stacked Imbalance] SIGNAL: STRONG_BUY @ 2.4315 | SL=2.3405 TP=3.7315 | Regime=ACCUMULATION | Score=8.01
2026-06-05 14:16:24.058 | WARNING  | execution.order_manager:validate_signal_with_fee_filter:245 - [OrderManager] Fee filter REJECTED: Spread 0.0411% is 4.1x expected 0.0100%. Likely illiquidity. Reject.
2026-06-05 14:16:24.168 | INFO     | knowledge.strategy_library:evaluate:302 - [Absorption] SIGNAL: STRONG_BUY @ 2.4315 | SL=2.3405 TP=3.7315 | Regime=ACCUMULATION | Score=10.86
2026-06-05 14:16:24.170 | WARNING  | execution.order_manager:validate_signal_with_fee_filter:245 - [OrderManager] Fee filter REJECTED: Spread 0.0411% is 4.1x expected 0.0100%. Likely illiquidity. Reject.
2026-06-05 14:16:24.172 | INFO     | knowledge.strategy_library:evaluate:302 - [Stacked Imbalance] SIGNAL: STRONG_BUY @ 2.4315 | SL=2.3405 TP=3.7315 | Regime=ACCUMULATION | Score=8.01
2026-06-05 14:16:24.173 | WARNING  | execution.order_manager:validate_signal_with_fee_filter:245 - [OrderManager] Fee filter REJECTED: Spread 0.0411% is 4.1x expected 0.0100%. Likely illiquidity. Reject.
2026-06-05 14:16:24.259 | INFO     | knowledge.strategy_library:evaluate:302 - [Absorption] SIGNAL: STRONG_BUY @ 2.4315 | SL=2.3405 TP=3.7315 | Regime=ACCUMULATION | Score=10.27
2026-06-05 14:16:24.261 | WARNING  | execution.order_manager:validate_signal_with_fee_filter:245 - [OrderManager] Fee filter REJECTED: Spread 0.0411% is 4.1x expected 0.0100%. Likely illiquidity. Reject.
2026-06-05 14:16:24.263 | INFO     | knowledge.strategy_library:evaluate:302 - [Stacked Imbalance] SIGNAL: STRONG_BUY @ 2.4315 | SL=2.3405 TP=3.7315 | Regime=ACCUMULATION | Score=8.01
2026-06-05 14:16:24.264 | WARNING  | execution.order_manager:validate_signal_with_fee_filter:245 - [OrderManager] Fee filter REJECTED: Spread 0.0411% is 4.1x expected 0.0100%. Likely illiquidity. Reject.
2026-06-05 14:16:24.353 | INFO     | knowledge.strategy_library:evaluate:302 - [Absorption] SIGNAL: STRONG_BUY @ 2.4315 | SL=2.3405 TP=3.7315 | Regime=ACCUMULATION | Score=10.27
2026-06-05 14:16:24.355 | WARNING  | execution.order_manager:validate_signal_with_fee_filter:245 - [OrderManager] Fee filter REJECTED: Spread 0.0411% is 4.1x expected 0.0100%. Likely illiquidity. Reject.
2026-06-05 14:16:24.356 | INFO     | knowledge.strategy_library:evaluate:302 - [Stacked Imbalance] SIGNAL: STRONG_BUY @ 2.4315 | SL=2.3405 TP=3.7315 | Regime=ACCUMULATION | Score=8.01
2026-06-05 14:16:24.357 | WARNING  | execution.order_manager:validate_signal_with_fee_filter:245 - [OrderManager] Fee filter REJECTED: Spread 0.0411% is 4.1x expected 0.0100%. Likely illiquidity. Reject.
2026-06-05 14:16:24.452 | INFO     | knowledge.strategy_library:evaluate:302 - [Absorption] SIGNAL: STRONG_BUY @ 2.4315 | SL=2.3405 TP=3.7315 | Regime=ACCUMULATION | Score=10.81
2026-06-05 14:16:24.453 | WARNING  | execution.order_manager:validate_signal_with_fee_filter:245 - [OrderManager] Fee filter REJECTED: Spread 0.0411% is 4.1x expected 0.0100%. Likely illiquidity. Reject.
2026-06-05 14:16:24.454 | INFO     | knowledge.strategy_library:evaluate:302 - [Stacked Imbalance] SIGNAL: STRONG_BUY @ 2.4315 | SL=2.3405 TP=3.7315 | Regime=ACCUMULATION | Score=8.01
2026-06-05 14:16:24.455 | WARNING  | execution.order_manager:validate_signal_with_fee_filter:245 - [OrderManager] Fee filter REJECTED: Spread 0.0411% is 4.1x expected 0.0100%. Likely illiquidity. Reject.
2026-06-05 14:16:24.653 | INFO     | knowledge.strategy_library:evaluate:302 - [Absorption] SIGNAL: STRONG_BUY @ 2.4315 | SL=2.3405 TP=3.7315 | Regime=ACCUMULATION | Score=10.81
2026-06-05 14:16:24.654 | WARNING  | execution.order_manager:validate_signal_with_fee_filter:245 - [OrderManager] Fee filter REJECTED: Spread 0.0411% is 4.1x expected 0.0100%. Likely illiquidity. Reject.
2026-06-05 14:16:24.656 | INFO     | knowledge.strategy_library:evaluate:302 - [Stacked Imbalance] SIGNAL: STRONG_BUY @ 2.4315 | SL=2.3405 TP=3.7315 | Regime=ACCUMULATION | Score=8.01
2026-06-05 14:16:24.657 | WARNING  | execution.order_manager:validate_signal_with_fee_filter:245 - [OrderManager] Fee filter REJECTED: Spread 0.0411% is 4.1x expected 0.0100%. Likely illiquidity. Reject.
2026-06-05 14:16:24.750 | INFO     | knowledge.strategy_library:evaluate:302 - [Absorption] SIGNAL: STRONG_BUY @ 2.4315 | SL=2.3405 TP=3.7315 | Regime=ACCUMULATION | Score=11.05
2026-06-05 14:16:24.752 | WARNING  | execution.order_manager:validate_signal_with_fee_filter:245 - [OrderManager] Fee filter REJECTED: Spread 0.0411% is 4.1x expected 0.0100%. Likely illiquidity. Reject.
2026-06-05 14:16:24.753 | INFO     | knowledge.strategy_library:evaluate:302 - [Stacked Imbalance] SIGNAL: STRONG_BUY @ 2.4315 | SL=2.3405 TP=3.7315 | Regime=ACCUMULATION | Score=8.01
2026-06-05 14:16:24.754 | WARNING  | execution.order_manager:validate_signal_with_fee_filter:245 - [OrderManager] Fee filter REJECTED: Spread 0.0411% is 4.1x expected 0.0100%. Likely illiquidity. Reject.
2026-06-05 14:16:24.854 | INFO     | knowledge.strategy_library:evaluate:302 - [Absorption] SIGNAL: STRONG_BUY @ 2.4315 | SL=2.3405 TP=3.7315 | Regime=ACCUMULATION | Score=11.13
2026-06-05 14:16:24.856 | WARNING  | execution.order_manager:validate_signal_with_fee_filter:245 - [OrderManager] Fee filter REJECTED: Spread 0.0411% is 4.1x expected 0.0100%. Likely illiquidity. Reject.
2026-06-05 14:16:24.857 | INFO     | knowledge.strategy_library:evaluate:302 - [Stacked Imbalance] SIGNAL: STRONG_BUY @ 2.4315 | SL=2.3405 TP=3.7315 | Regime=ACCUMULATION | Score=8.01
2026-06-05 14:16:24.858 | WARNING  | execution.order_manager:validate_signal_with_fee_filter:245 - [OrderManager] Fee filter REJECTED: Spread 0.0411% is 4.1x expected 0.0100%. Likely illiquidity. Reject.
2026-06-05 14:16:24.954 | INFO     | knowledge.strategy_library:evaluate:302 - [Absorption] SIGNAL: STRONG_BUY @ 2.4315 | SL=2.3405 TP=3.7315 | Regime=ACCUMULATION | Score=11.10
2026-06-05 14:16:24.955 | WARNING  | execution.order_manager:validate_signal_with_fee_filter:245 - [OrderManager] Fee filter REJECTED: Spread 0.0411% is 4.1x expected 0.0100%. Likely illiquidity. Reject.
2026-06-05 14:16:24.957 | INFO     | knowledge.strategy_library:evaluate:302 - [Stacked Imbalance] SIGNAL: STRONG_BUY @ 2.4315 | SL=2.3405 TP=3.7315 | Regime=ACCUMULATION | Score=8.01
2026-06-05 14:16:24.958 | WARNING  | execution.order_manager:validate_signal_with_fee_filter:245 - [OrderManager] Fee filter REJECTED: Spread 0.0411% is 4.1x expected 0.0100%. Likely illiquidity. Reject.
2026-06-05 14:16:25.049 | INFO     | knowledge.strategy_library:evaluate:302 - [Absorption] SIGNAL: STRONG_BUY @ 2.4315 | SL=2.3405 TP=3.7315 | Regime=ACCUMULATION | Score=10.98
2026-06-05 14:16:25.051 | WARNING  | execution.order_manager:validate_signal_with_fee_filter:245 - [OrderManager] Fee filter REJECTED: Spread 0.0411% is 4.1x expected 0.0100%. Likely illiquidity. Reject.
2026-06-05 14:16:25.052 | INFO     | knowledge.strategy_library:evaluate:302 - [Stacked Imbalance] SIGNAL: STRONG_BUY @ 2.4315 | SL=2.3405 TP=3.7315 | Regime=ACCUMULATION | Score=8.01
2026-06-05 14:16:25.053 | WARNING  | execution.order_manager:validate_signal_with_fee_filter:245 - [OrderManager] Fee filter REJECTED: Spread 0.0411% is 4.1x expected 0.0100%. Likely illiquidity. Reject.
2026-06-05 14:16:25.249 | INFO     | knowledge.strategy_library:evaluate:302 - [Absorption] SIGNAL: STRONG_BUY @ 2.4315 | SL=2.3405 TP=3.7315 | Regime=ACCUMULATION | Score=11.32
2026-06-05 14:16:25.251 | WARNING  | execution.order_manager:validate_signal_with_fee_filter:245 - [OrderManager] Fee filter REJECTED: Spread 0.0411% is 4.1x expected 0.0100%. Likely illiquidity. Reject.
2026-06-05 14:16:25.252 | INFO     | knowledge.strategy_library:evaluate:302 - [Stacked Imbalance] SIGNAL: STRONG_BUY @ 2.4315 | SL=2.3405 TP=3.7315 | Regime=ACCUMULATION | Score=8.01
2026-06-05 14:16:25.253 | WARNING  | execution.order_manager:validate_signal_with_fee_filter:245 - [OrderManager] Fee filter REJECTED: Spread 0.0411% is 4.1x expected 0.0100%. Likely illiquidity. Reject.
2026-06-05 14:16:25.552 | INFO     | knowledge.strategy_library:evaluate:302 - [Absorption] SIGNAL: STRONG_BUY @ 2.4315 | SL=2.3405 TP=3.7315 | Regime=ACCUMULATION | Score=11.32
2026-06-05 14:16:25.553 | WARNING  | execution.order_manager:validate_signal_with_fee_filter:245 - [OrderManager] Fee filter REJECTED: Spread 0.0411% is 4.1x expected 0.0100%. Likely illiquidity. Reject.
2026-06-05 14:16:25.555 | INFO     | knowledge.strategy_library:evaluate:302 - [Stacked Imbalance] SIGNAL: STRONG_BUY @ 2.4315 | SL=2.3405 TP=3.7315 | Regime=ACCUMULATION | Score=8.01
2026-06-05 14:16:25.556 | WARNING  | execution.order_manager:validate_signal_with_fee_filter:245 - [OrderManager] Fee filter REJECTED: Spread 0.0411% is 4.1x expected 0.0100%. Likely illiquidity. Reject.
2026-06-05 14:16:25.650 | INFO     | knowledge.strategy_library:evaluate:302 - [Absorption] SIGNAL: STRONG_BUY @ 2.4315 | SL=2.3405 TP=3.7315 | Regime=ACCUMULATION | Score=11.51
2026-06-05 14:16:25.652 | WARNING  | execution.order_manager:validate_signal_with_fee_filter:245 - [OrderManager] Fee filter REJECTED: Spread 0.0411% is 4.1x expected 0.0100%. Likely illiquidity. Reject.
2026-06-05 14:16:25.653 | INFO     | knowledge.strategy_library:evaluate:302 - [Stacked Imbalance] SIGNAL: STRONG_BUY @ 2.4315 | SL=2.3405 TP=3.7315 | Regime=ACCUMULATION | Score=8.01
2026-06-05 14:16:25.654 | WARNING  | execution.order_manager:validate_signal_with_fee_filter:245 - [OrderManager] Fee filter REJECTED: Spread 0.0411% is 4.1x expected 0.0100%. Likely illiquidity. Reject.
2026-06-05 14:16:26.151 | INFO     | knowledge.strategy_library:evaluate:302 - [Absorption] SIGNAL: STRONG_BUY @ 2.4325 | SL=2.3415 TP=3.7325 | Regime=ACCUMULATION | Score=10.27
2026-06-05 14:16:26.152 | WARNING  | execution.order_manager:validate_signal_with_fee_filter:245 - [OrderManager] Fee filter REJECTED: Spread 0.0411% is 4.1x expected 0.0100%. Likely illiquidity. Reject.
2026-06-05 14:16:26.260 | INFO     | knowledge.strategy_library:evaluate:302 - [Absorption] SIGNAL: STRONG_BUY @ 2.4335 | SL=2.3425 TP=3.7335 | Regime=ACCUMULATION | Score=10.96
2026-06-05 14:16:26.262 | WARNING  | execution.order_manager:validate_signal_with_fee_filter:245 - [OrderManager] Fee filter REJECTED: Spread 0.0411% is 4.1x expected 0.0100%. Likely illiquidity. Reject.
2026-06-05 14:16:26.353 | INFO     | knowledge.strategy_library:evaluate:302 - [Absorption] SIGNAL: STRONG_BUY @ 2.4335 | SL=2.3425 TP=3.7335 | Regime=ACCUMULATION | Score=10.74
2026-06-05 14:16:26.355 | WARNING  | execution.order_manager:validate_signal_with_fee_filter:245 - [OrderManager] Fee filter REJECTED: Spread 0.0411% is 4.1x expected 0.0100%. Likely illiquidity. Reject.
2026-06-05 14:16:26.471 | INFO     | knowledge.strategy_library:evaluate:302 - [Absorption] SIGNAL: STRONG_BUY @ 2.4335 | SL=2.3425 TP=3.7335 | Regime=ACCUMULATION | Score=10.74
2026-06-05 14:16:26.472 | WARNING  | execution.order_manager:validate_signal_with_fee_filter:245 - [OrderManager] Fee filter REJECTED: Spread 0.0411% is 4.1x expected 0.0100%. Likely illiquidity. Reject.
2026-06-05 14:16:26.770 | INFO     | knowledge.strategy_library:evaluate:302 - [Absorption] SIGNAL: STRONG_BUY @ 2.4335 | SL=2.3425 TP=3.7335 | Regime=ACCUMULATION | Score=10.74
2026-06-05 14:16:26.772 | WARNING  | execution.order_manager:validate_signal_with_fee_filter:245 - [OrderManager] Fee filter REJECTED: Spread 0.0411% is 4.1x expected 0.0100%. Likely illiquidity. Reject.
2026-06-05 14:16:27.036 | INFO     | knowledge.strategy_library:evaluate:302 - [Absorption] SIGNAL: STRONG_BUY @ 2.4335 | SL=2.3425 TP=3.7335 | Regime=ACCUMULATION | Score=10.27
2026-06-05 14:16:27.038 | WARNING  | execution.order_manager:validate_signal_with_fee_filter:245 - [OrderManager] Fee filter REJECTED: Spread 0.0411% is 4.1x expected 0.0100%. Likely illiquidity. Reject.
2026-06-05 14:16:27.053 | INFO     | knowledge.strategy_library:evaluate:302 - [Absorption] SIGNAL: STRONG_BUY @ 2.4335 | SL=2.3425 TP=3.7335 | Regime=ACCUMULATION | Score=10.27
2026-06-05 14:16:27.054 | WARNING  | execution.order_manager:validate_signal_with_fee_filter:245 - [OrderManager] Fee filter REJECTED: Spread 0.0411% is 4.1x expected 0.0100%. Likely illiquidity. Reject.
2026-06-05 14:16:27.250 | INFO     | knowledge.strategy_library:evaluate:302 - [Absorption] SIGNAL: STRONG_BUY @ 2.4335 | SL=2.3425 TP=3.7335 | Regime=ACCUMULATION | Score=10.19
2026-06-05 14:16:27.251 | WARNING  | execution.order_manager:validate_signal_with_fee_filter:245 - [OrderManager] Fee filter REJECTED: Spread 0.0411% is 4.1x expected 0.0100%. Likely illiquidity. Reject.
2026-06-05 14:16:28.652 | INFO     | knowledge.strategy_library:evaluate:302 - [Absorption] SIGNAL: STRONG_BUY @ 2.4335 | SL=2.3425 TP=3.7335 | Regime=ACCUMULATION | Score=10.16
2026-06-05 14:16:28.654 | WARNING  | execution.order_manager:validate_signal_with_fee_filter:245 - [OrderManager] Fee filter REJECTED: Spread 0.0411% is 4.1x expected 0.0100%. Likely illiquidity. Reject.
2026-06-05 14:16:28.853 | INFO     | knowledge.strategy_library:evaluate:302 - [Absorption] SIGNAL: STRONG_BUY @ 2.4335 | SL=2.3425 TP=3.7335 | Regime=ACCUMULATION | Score=10.84
2026-06-05 14:16:28.854 | WARNING  | execution.order_manager:validate_signal_with_fee_filter:245 - [OrderManager] Fee filter REJECTED: Spread 0.0411% is 4.1x expected 0.0100%. Likely illiquidity. Reject.
2026-06-05 14:16:28.950 | INFO     | knowledge.strategy_library:evaluate:302 - [Absorption] SIGNAL: STRONG_BUY @ 2.4335 | SL=2.3425 TP=3.7335 | Regime=ACCUMULATION | Score=10.84
2026-06-05 14:16:28.951 | WARNING  | execution.order_manager:validate_signal_with_fee_filter:245 - [OrderManager] Fee filter REJECTED: Spread 0.0411% is 4.1x expected 0.0100%. Likely illiquidity. Reject.
2026-06-05 14:16:29.049 | INFO     | knowledge.strategy_library:evaluate:302 - [Absorption] SIGNAL: STRONG_BUY @ 2.4335 | SL=2.3425 TP=3.7335 | Regime=ACCUMULATION | Score=10.84
2026-06-05 14:16:29.051 | WARNING  | execution.order_manager:validate_signal_with_fee_filter:245 - [OrderManager] Fee filter REJECTED: Spread 0.0411% is 4.1x expected 0.0100%. Likely illiquidity. Reject.
2026-06-05 14:16:29.153 | INFO     | knowledge.strategy_library:evaluate:302 - [Absorption] SIGNAL: STRONG_BUY @ 2.4335 | SL=2.3425 TP=3.7335 | Regime=ACCUMULATION | Score=10.81
2026-06-05 14:16:29.155 | WARNING  | execution.order_manager:validate_signal_with_fee_filter:245 - [OrderManager] Fee filter REJECTED: Spread 0.0411% is 4.1x expected 0.0100%. Likely illiquidity. Reject.
2026-06-05 14:16:29.253 | INFO     | knowledge.strategy_library:evaluate:302 - [Absorption] SIGNAL: STRONG_BUY @ 2.4335 | SL=2.3425 TP=3.7335 | Regime=ACCUMULATION | Score=10.81
2026-06-05 14:16:29.254 | WARNING  | execution.order_manager:validate_signal_with_fee_filter:245 - [OrderManager] Fee filter REJECTED: Spread 0.0411% is 4.1x expected 0.0100%. Likely illiquidity. Reject.
2026-06-05 14:16:30.067 | INFO     | knowledge.strategy_library:evaluate:302 - [Absorption] SIGNAL: STRONG_BUY @ 2.4335 | SL=2.3425 TP=3.7335 | Regime=ACCUMULATION | Score=10.81
2026-06-05 14:16:30.069 | WARNING  | execution.order_manager:validate_signal_with_fee_filter:245 - [OrderManager] Fee filter REJECTED: Spread 0.0411% is 4.1x expected 0.0100%. Likely illiquidity. Reject.
2026-06-05 14:16:30.418 | INFO     | knowledge.strategy_library:evaluate:302 - [Absorption] SIGNAL: STRONG_BUY @ 2.4335 | SL=2.3425 TP=3.7335 | Regime=ACCUMULATION | Score=10.81
2026-06-05 14:16:30.419 | WARNING  | execution.order_manager:validate_signal_with_fee_filter:245 - [OrderManager] Fee filter REJECTED: Spread 0.0411% is 4.1x expected 0.0100%. Likely illiquidity. Reject.
2026-06-05 14:16:30.455 | INFO     | knowledge.strategy_library:evaluate:302 - [Absorption] SIGNAL: STRONG_BUY @ 2.4335 | SL=2.3425 TP=3.7335 | Regime=ACCUMULATION | Score=10.81
2026-06-05 14:16:30.457 | WARNING  | execution.order_manager:validate_signal_with_fee_filter:245 - [OrderManager] Fee filter REJECTED: Spread 0.0411% is 4.1x expected 0.0100%. Likely illiquidity. Reject.
2026-06-05 14:16:30.693 | INFO     | knowledge.strategy_library:evaluate:302 - [Absorption] SIGNAL: STRONG_BUY @ 2.4335 | SL=2.3425 TP=3.7335 | Regime=ACCUMULATION | Score=10.78
2026-06-05 14:16:30.695 | WARNING  | execution.order_manager:validate_signal_with_fee_filter:245 - [OrderManager] Fee filter REJECTED: Spread 0.0411% is 4.1x expected 0.0100%. Likely illiquidity. Reject.
2026-06-05 14:16:30.756 | INFO     | knowledge.strategy_library:evaluate:302 - [Absorption] SIGNAL: STRONG_BUY @ 2.4335 | SL=2.3425 TP=3.7335 | Regime=ACCUMULATION | Score=10.81
2026-06-05 14:16:30.757 | WARNING  | execution.order_manager:validate_signal_with_fee_filter:245 - [OrderManager] Fee filter REJECTED: Spread 0.0411% is 4.1x expected 0.0100%. Likely illiquidity. Reject.
2026-06-05 14:16:30.958 | INFO     | knowledge.strategy_library:evaluate:302 - [Absorption] SIGNAL: STRONG_BUY @ 2.4345 | SL=2.3435 TP=3.7345 | Regime=ACCUMULATION | Score=10.65
2026-06-05 14:16:30.960 | WARNING  | execution.order_manager:validate_signal_with_fee_filter:245 - [OrderManager] Fee filter REJECTED: Spread 0.0411% is 4.1x expected 0.0100%. Likely illiquidity. Reject.
2026-06-05 14:16:31.054 | INFO     | knowledge.strategy_library:evaluate:302 - [Absorption] SIGNAL: STRONG_BUY @ 2.4345 | SL=2.3435 TP=3.7345 | Regime=ACCUMULATION | Score=10.67
2026-06-05 14:16:31.056 | WARNING  | execution.order_manager:validate_signal_with_fee_filter:245 - [OrderManager] Fee filter REJECTED: Spread 0.0411% is 4.1x expected 0.0100%. Likely illiquidity. Reject.
2026-06-05 14:16:31.173 | INFO     | knowledge.strategy_library:evaluate:302 - [Absorption] SIGNAL: STRONG_BUY @ 2.4345 | SL=2.3435 TP=3.7345 | Regime=ACCUMULATION | Score=11.02
2026-06-05 14:16:31.174 | WARNING  | execution.order_manager:validate_signal_with_fee_filter:245 - [OrderManager] Fee filter REJECTED: Spread 0.0411% is 4.1x expected 0.0100%. Likely illiquidity. Reject.
2026-06-05 14:16:31.257 | INFO     | knowledge.strategy_library:evaluate:302 - [Absorption] SIGNAL: STRONG_BUY @ 2.4345 | SL=2.3435 TP=3.7345 | Regime=ACCUMULATION | Score=11.02
2026-06-05 14:16:31.258 | WARNING  | execution.order_manager:validate_signal_with_fee_filter:245 - [OrderManager] Fee filter REJECTED: Spread 0.0411% is 4.1x expected 0.0100%. Likely illiquidity. Reject.
2026-06-05 14:16:31.969 | INFO     | knowledge.strategy_library:evaluate:302 - [Absorption] SIGNAL: STRONG_BUY @ 2.4345 | SL=2.3435 TP=3.7345 | Regime=ACCUMULATION | Score=10.82
2026-06-05 14:16:31.970 | WARNING  | execution.order_manager:validate_signal_with_fee_filter:245 - [OrderManager] Fee filter REJECTED: Spread 0.0411% is 4.1x expected 0.0100%. Likely illiquidity. Reject.
2026-06-05 14:16:31.993 | INFO     | knowledge.strategy_library:evaluate:302 - [Absorption] SIGNAL: STRONG_BUY @ 2.4345 | SL=2.3435 TP=3.7345 | Regime=ACCUMULATION | Score=10.82
2026-06-05 14:16:31.995 | WARNING  | execution.order_manager:validate_signal_with_fee_filter:245 - [OrderManager] Fee filter REJECTED: Spread 0.0411% is 4.1x expected 0.0100%. Likely illiquidity. Reject.
2026-06-05 14:16:32.071 | INFO     | knowledge.strategy_library:evaluate:302 - [Absorption] SIGNAL: STRONG_BUY @ 2.4345 | SL=2.3435 TP=3.7345 | Regime=ACCUMULATION | Score=10.88
2026-06-05 14:16:32.072 | WARNING  | execution.order_manager:validate_signal_with_fee_filter:245 - [OrderManager] Fee filter REJECTED: Spread 0.0411% is 4.1x expected 0.0100%. Likely illiquidity. Reject.
2026-06-05 14:16:32.159 | INFO     | knowledge.strategy_library:evaluate:302 - [Absorption] SIGNAL: STRONG_BUY @ 2.4345 | SL=2.3435 TP=3.7345 | Regime=ACCUMULATION | Score=10.81
2026-06-05 14:16:32.160 | WARNING  | execution.order_manager:validate_signal_with_fee_filter:245 - [OrderManager] Fee filter REJECTED: Spread 0.0411% is 4.1x expected 0.0100%. Likely illiquidity. Reject.
2026-06-05 14:16:32.258 | INFO     | knowledge.strategy_library:evaluate:302 - [Absorption] SIGNAL: STRONG_BUY @ 2.4345 | SL=2.3435 TP=3.7345 | Regime=ACCUMULATION | Score=10.77
2026-06-05 14:16:32.260 | WARNING  | execution.order_manager:validate_signal_with_fee_filter:245 - [OrderManager] Fee filter REJECTED: Spread 0.0411% is 4.1x expected 0.0100%. Likely illiquidity. Reject.
2026-06-05 14:16:32.356 | INFO     | knowledge.strategy_library:evaluate:302 - [Absorption] SIGNAL: STRONG_BUY @ 2.4345 | SL=2.3435 TP=3.7345 | Regime=ACCUMULATION | Score=10.62
2026-06-05 14:16:32.357 | WARNING  | execution.order_manager:validate_signal_with_fee_filter:245 - [OrderManager] Fee filter REJECTED: Spread 0.0411% is 4.1x expected 0.0100%. Likely illiquidity. Reject.
2026-06-05 14:16:32.564 | INFO     | knowledge.strategy_library:evaluate:302 - [Absorption] SIGNAL: STRONG_BUY @ 2.4345 | SL=2.3435 TP=3.7345 | Regime=ACCUMULATION | Score=10.62
2026-06-05 14:16:32.566 | WARNING  | execution.order_manager:validate_signal_with_fee_filter:245 - [OrderManager] Fee filter REJECTED: Spread 0.0411% is 4.1x expected 0.0100%. Likely illiquidity. Reject.
2026-06-05 14:16:32.652 | INFO     | knowledge.strategy_library:evaluate:302 - [Absorption] SIGNAL: STRONG_BUY @ 2.4345 | SL=2.3435 TP=3.7345 | Regime=ACCUMULATION | Score=10.80
2026-06-05 14:16:32.654 | WARNING  | execution.order_manager:validate_signal_with_fee_filter:245 - [OrderManager] Fee filter REJECTED: Spread 0.0411% is 4.1x expected 0.0100%. Likely illiquidity. Reject.
2026-06-05 14:16:32.756 | INFO     | knowledge.strategy_library:evaluate:302 - [Absorption] SIGNAL: STRONG_BUY @ 2.4345 | SL=2.3435 TP=3.7345 | Regime=ACCUMULATION | Score=10.83
2026-06-05 14:16:32.757 | WARNING  | execution.order_manager:validate_signal_with_fee_filter:245 - [OrderManager] Fee filter REJECTED: Spread 0.0411% is 4.1x expected 0.0100%. Likely illiquidity. Reject.
2026-06-05 14:16:32.850 | INFO     | knowledge.strategy_library:evaluate:302 - [Absorption] SIGNAL: STRONG_BUY @ 2.4345 | SL=2.3435 TP=3.7345 | Regime=ACCUMULATION | Score=10.83
2026-06-05 14:16:32.852 | WARNING  | execution.order_manager:validate_signal_with_fee_filter:245 - [OrderManager] Fee filter REJECTED: Spread 0.0411% is 4.1x expected 0.0100%. Likely illiquidity. Reject.
2026-06-05 14:16:32.954 | INFO     | knowledge.strategy_library:evaluate:302 - [Absorption] SIGNAL: STRONG_BUY @ 2.4345 | SL=2.3435 TP=3.7345 | Regime=ACCUMULATION | Score=11.24
2026-06-05 14:16:32.955 | WARNING  | execution.order_manager:validate_signal_with_fee_filter:245 - [OrderManager] Fee filter REJECTED: Spread 0.0411% is 4.1x expected 0.0100%. Likely illiquidity. Reject.
2026-06-05 14:16:33.056 | INFO     | knowledge.strategy_library:evaluate:302 - [Absorption] SIGNAL: STRONG_BUY @ 2.4345 | SL=2.3435 TP=3.7345 | Regime=ACCUMULATION | Score=11.26
2026-06-05 14:16:33.058 | WARNING  | execution.order_manager:validate_signal_with_fee_filter:245 - [OrderManager] Fee filter REJECTED: Spread 0.0411% is 4.1x expected 0.0100%. Likely illiquidity. Reject.
2026-06-05 14:16:33.169 | INFO     | knowledge.strategy_library:evaluate:302 - [Absorption] SIGNAL: STRONG_BUY @ 2.4345 | SL=2.3435 TP=3.7345 | Regime=ACCUMULATION | Score=11.11
2026-06-05 14:16:33.170 | WARNING  | execution.order_manager:validate_signal_with_fee_filter:245 - [OrderManager] Fee filter REJECTED: Spread 0.0411% is 4.1x expected 0.0100%. Likely illiquidity. Reject.
2026-06-05 14:16:33.244 | INFO     | knowledge.strategy_library:evaluate:302 - [Absorption] SIGNAL: STRONG_BUY @ 2.4355 | SL=2.3445 TP=3.7355 | Regime=ACCUMULATION | Score=10.55
2026-06-05 14:16:33.245 | WARNING  | execution.order_manager:validate_signal_with_fee_filter:245 - [OrderManager] Fee filter REJECTED: Spread 0.0411% is 4.1x expected 0.0100%. Likely illiquidity. Reject.
2026-06-05 14:16:33.245 | INFO     | knowledge.strategy_library:evaluate:302 - [Stacked Imbalance] SIGNAL: STRONG_BUY @ 2.4355 | SL=2.3445 TP=3.7355 | Regime=ACCUMULATION | Score=5.27
2026-06-05 14:16:33.246 | WARNING  | execution.order_manager:validate_signal_with_fee_filter:245 - [OrderManager] Fee filter REJECTED: Spread 0.0411% is 4.1x expected 0.0100%. Likely illiquidity. Reject.
2026-06-05 14:16:33.363 | INFO     | knowledge.strategy_library:evaluate:302 - [Absorption] SIGNAL: STRONG_BUY @ 2.4355 | SL=2.3445 TP=3.7355 | Regime=ACCUMULATION | Score=10.55
2026-06-05 14:16:33.365 | WARNING  | execution.order_manager:validate_signal_with_fee_filter:245 - [OrderManager] Fee filter REJECTED: Spread 0.0411% is 4.1x expected 0.0100%. Likely illiquidity. Reject.
2026-06-05 14:16:33.366 | INFO     | knowledge.strategy_library:evaluate:302 - [Stacked Imbalance] SIGNAL: STRONG_BUY @ 2.4355 | SL=2.3445 TP=3.7355 | Regime=ACCUMULATION | Score=5.27
2026-06-05 14:16:33.368 | WARNING  | execution.order_manager:validate_signal_with_fee_filter:245 - [OrderManager] Fee filter REJECTED: Spread 0.0411% is 4.1x expected 0.0100%. Likely illiquidity. Reject.
2026-06-05 14:16:33.461 | INFO     | knowledge.strategy_library:evaluate:302 - [Absorption] SIGNAL: STRONG_BUY @ 2.4355 | SL=2.3445 TP=3.7355 | Regime=ACCUMULATION | Score=10.54
2026-06-05 14:16:33.462 | WARNING  | execution.order_manager:validate_signal_with_fee_filter:245 - [OrderManager] Fee filter REJECTED: Spread 0.0411% is 4.1x expected 0.0100%. Likely illiquidity. Reject.
2026-06-05 14:16:33.463 | INFO     | knowledge.strategy_library:evaluate:302 - [Stacked Imbalance] SIGNAL: STRONG_BUY @ 2.4355 | SL=2.3445 TP=3.7355 | Regime=ACCUMULATION | Score=5.27
2026-06-05 14:16:33.464 | WARNING  | execution.order_manager:validate_signal_with_fee_filter:245 - [OrderManager] Fee filter REJECTED: Spread 0.0411% is 4.1x expected 0.0100%. Likely illiquidity. Reject.
2026-06-05 14:16:33.559 | INFO     | knowledge.strategy_library:evaluate:302 - [Absorption] SIGNAL: STRONG_BUY @ 2.4355 | SL=2.3445 TP=3.7355 | Regime=ACCUMULATION | Score=10.72
2026-06-05 14:16:33.560 | WARNING  | execution.order_manager:validate_signal_with_fee_filter:245 - [OrderManager] Fee filter REJECTED: Spread 0.0411% is 4.1x expected 0.0100%. Likely illiquidity. Reject.
2026-06-05 14:16:33.562 | INFO     | knowledge.strategy_library:evaluate:302 - [Stacked Imbalance] SIGNAL: STRONG_BUY @ 2.4355 | SL=2.3445 TP=3.7355 | Regime=ACCUMULATION | Score=5.27
2026-06-05 14:16:33.563 | WARNING  | execution.order_manager:validate_signal_with_fee_filter:245 - [OrderManager] Fee filter REJECTED: Spread 0.0411% is 4.1x expected 0.0100%. Likely illiquidity. Reject.
2026-06-05 14:16:33.663 | INFO     | knowledge.strategy_library:evaluate:302 - [Absorption] SIGNAL: STRONG_BUY @ 2.4355 | SL=2.3445 TP=3.7355 | Regime=ACCUMULATION | Score=10.61
2026-06-05 14:16:33.664 | WARNING  | execution.order_manager:validate_signal_with_fee_filter:245 - [OrderManager] Fee filter REJECTED: Spread 0.0411% is 4.1x expected 0.0100%. Likely illiquidity. Reject.
2026-06-05 14:16:33.666 | INFO     | knowledge.strategy_library:evaluate:302 - [Stacked Imbalance] SIGNAL: STRONG_BUY @ 2.4355 | SL=2.3445 TP=3.7355 | Regime=ACCUMULATION | Score=5.27
2026-06-05 14:16:33.667 | WARNING  | execution.order_manager:validate_signal_with_fee_filter:245 - [OrderManager] Fee filter REJECTED: Spread 0.0411% is 4.1x expected 0.0100%. Likely illiquidity. Reject.
2026-06-05 14:16:34.101 | INFO     | knowledge.strategy_library:evaluate:302 - [Absorption] SIGNAL: STRONG_BUY @ 2.4355 | SL=2.3445 TP=3.7355 | Regime=ACCUMULATION | Score=12.20
2026-06-05 14:16:34.103 | WARNING  | execution.order_manager:validate_signal_with_fee_filter:245 - [OrderManager] Fee filter REJECTED: Spread 0.0411% is 4.1x expected 0.0100%. Likely illiquidity. Reject.
2026-06-05 14:16:34.104 | INFO     | knowledge.strategy_library:evaluate:302 - [Stacked Imbalance] SIGNAL: STRONG_BUY @ 2.4355 | SL=2.3445 TP=3.7355 | Regime=ACCUMULATION | Score=5.50
2026-06-05 14:16:34.105 | WARNING  | execution.order_manager:validate_signal_with_fee_filter:245 - [OrderManager] Fee filter REJECTED: Spread 0.0411% is 4.1x expected 0.0100%. Likely illiquidity. Reject.
2026-06-05 14:16:34.155 | INFO     | knowledge.strategy_library:evaluate:302 - [Absorption] SIGNAL: STRONG_BUY @ 2.4355 | SL=2.3445 TP=3.7355 | Regime=ACCUMULATION | Score=11.29
2026-06-05 14:16:34.157 | WARNING  | execution.order_manager:validate_signal_with_fee_filter:245 - [OrderManager] Fee filter REJECTED: Spread 0.0411% is 4.1x expected 0.0100%. Likely illiquidity. Reject.
2026-06-05 14:16:34.158 | INFO     | knowledge.strategy_library:evaluate:302 - [Stacked Imbalance] SIGNAL: STRONG_BUY @ 2.4355 | SL=2.3445 TP=3.7355 | Regime=ACCUMULATION | Score=5.27
2026-06-05 14:16:34.159 | WARNING  | execution.order_manager:validate_signal_with_fee_filter:245 - [OrderManager] Fee filter REJECTED: Spread 0.0411% is 4.1x expected 0.0100%. Likely illiquidity. Reject.
2026-06-05 14:16:34.262 | INFO     | knowledge.strategy_library:evaluate:302 - [Absorption] SIGNAL: STRONG_BUY @ 2.4355 | SL=2.3445 TP=3.7355 | Regime=ACCUMULATION | Score=11.28
2026-06-05 14:16:34.263 | WARNING  | execution.order_manager:validate_signal_with_fee_filter:245 - [OrderManager] Fee filter REJECTED: Spread 0.0411% is 4.1x expected 0.0100%. Likely illiquidity. Reject.
2026-06-05 14:16:34.265 | INFO     | knowledge.strategy_library:evaluate:302 - [Stacked Imbalance] SIGNAL: STRONG_BUY @ 2.4355 | SL=2.3445 TP=3.7355 | Regime=ACCUMULATION | Score=5.27
2026-06-05 14:16:34.266 | WARNING  | execution.order_manager:validate_signal_with_fee_filter:245 - [OrderManager] Fee filter REJECTED: Spread 0.0411% is 4.1x expected 0.0100%. Likely illiquidity. Reject.
2026-06-05 14:16:34.353 | INFO     | knowledge.strategy_library:evaluate:302 - [Absorption] SIGNAL: STRONG_BUY @ 2.4355 | SL=2.3445 TP=3.7355 | Regime=ACCUMULATION | Score=11.31
2026-06-05 14:16:34.354 | WARNING  | execution.order_manager:validate_signal_with_fee_filter:245 - [OrderManager] Fee filter REJECTED: Spread 0.0411% is 4.1x expected 0.0100%. Likely illiquidity. Reject.
2026-06-05 14:16:34.356 | INFO     | knowledge.strategy_library:evaluate:302 - [Stacked Imbalance] SIGNAL: STRONG_BUY @ 2.4355 | SL=2.3445 TP=3.7355 | Regime=ACCUMULATION | Score=5.27
2026-06-05 14:16:34.358 | WARNING  | execution.order_manager:validate_signal_with_fee_filter:245 - [OrderManager] Fee filter REJECTED: Spread 0.0411% is 4.1x expected 0.0100%. Likely illiquidity. Reject.
2026-06-05 14:16:34.468 | INFO     | knowledge.strategy_library:evaluate:302 - [Absorption] SIGNAL: STRONG_BUY @ 2.4355 | SL=2.3445 TP=3.7355 | Regime=ACCUMULATION | Score=11.31
2026-06-05 14:16:34.469 | WARNING  | execution.order_manager:validate_signal_with_fee_filter:245 - [OrderManager] Fee filter REJECTED: Spread 0.0411% is 4.1x expected 0.0100%. Likely illiquidity. Reject.
2026-06-05 14:16:34.470 | INFO     | knowledge.strategy_library:evaluate:302 - [Stacked Imbalance] SIGNAL: STRONG_BUY @ 2.4355 | SL=2.3445 TP=3.7355 | Regime=ACCUMULATION | Score=5.27
2026-06-05 14:16:34.472 | WARNING  | execution.order_manager:validate_signal_with_fee_filter:245 - [OrderManager] Fee filter REJECTED: Spread 0.0411% is 4.1x expected 0.0100%. Likely illiquidity. Reject.
2026-06-05 14:16:34.642 | INFO     | knowledge.strategy_library:evaluate:302 - [Absorption] SIGNAL: STRONG_BUY @ 2.4355 | SL=2.3445 TP=3.7355 | Regime=ACCUMULATION | Score=11.25
2026-06-05 14:16:34.644 | WARNING  | execution.order_manager:validate_signal_with_fee_filter:245 - [OrderManager] Fee filter REJECTED: Spread 0.0411% is 4.1x expected 0.0100%. Likely illiquidity. Reject.
2026-06-05 14:16:34.644 | INFO     | knowledge.strategy_library:evaluate:302 - [Stacked Imbalance] SIGNAL: STRONG_BUY @ 2.4355 | SL=2.3445 TP=3.7355 | Regime=ACCUMULATION | Score=5.20
2026-06-05 14:16:34.645 | WARNING  | execution.order_manager:validate_signal_with_fee_filter:245 - [OrderManager] Fee filter REJECTED: Spread 0.0411% is 4.1x expected 0.0100%. Likely illiquidity. Reject.
2026-06-05 14:16:34.760 | INFO     | knowledge.strategy_library:evaluate:302 - [Absorption] SIGNAL: STRONG_BUY @ 2.4355 | SL=2.3445 TP=3.7355 | Regime=ACCUMULATION | Score=11.36
2026-06-05 14:16:34.761 | WARNING  | execution.order_manager:validate_signal_with_fee_filter:245 - [OrderManager] Fee filter REJECTED: Spread 0.0411% is 4.1x expected 0.0100%. Likely illiquidity. Reject.
2026-06-05 14:16:34.762 | INFO     | knowledge.strategy_library:evaluate:302 - [Stacked Imbalance] SIGNAL: STRONG_BUY @ 2.4355 | SL=2.3445 TP=3.7355 | Regime=ACCUMULATION | Score=5.20
2026-06-05 14:16:34.763 | WARNING  | execution.order_manager:validate_signal_with_fee_filter:245 - [OrderManager] Fee filter REJECTED: Spread 0.0411% is 4.1x expected 0.0100%. Likely illiquidity. Reject.
2026-06-05 14:16:35.056 | INFO     | knowledge.strategy_library:evaluate:302 - [Absorption] SIGNAL: STRONG_BUY @ 2.4355 | SL=2.3445 TP=3.7355 | Regime=ACCUMULATION | Score=11.36
2026-06-05 14:16:35.057 | WARNING  | execution.order_manager:validate_signal_with_fee_filter:245 - [OrderManager] Fee filter REJECTED: Spread 0.0411% is 4.1x expected 0.0100%. Likely illiquidity. Reject.
2026-06-05 14:16:35.058 | INFO     | knowledge.strategy_library:evaluate:302 - [Stacked Imbalance] SIGNAL: STRONG_BUY @ 2.4355 | SL=2.3445 TP=3.7355 | Regime=ACCUMULATION | Score=5.20
2026-06-05 14:16:35.060 | WARNING  | execution.order_manager:validate_signal_with_fee_filter:245 - [OrderManager] Fee filter REJECTED: Spread 0.0411% is 4.1x expected 0.0100%. Likely illiquidity. Reject.
2026-06-05 14:16:35.156 | INFO     | knowledge.strategy_library:evaluate:302 - [Absorption] SIGNAL: STRONG_BUY @ 2.4355 | SL=2.3445 TP=3.7355 | Regime=ACCUMULATION | Score=11.23
2026-06-05 14:16:35.156 | WARNING  | execution.order_manager:validate_signal_with_fee_filter:245 - [OrderManager] Fee filter REJECTED: Spread 0.0411% is 4.1x expected 0.0100%. Likely illiquidity. Reject.
2026-06-05 14:16:35.157 | INFO     | knowledge.strategy_library:evaluate:302 - [Stacked Imbalance] SIGNAL: STRONG_BUY @ 2.4355 | SL=2.3445 TP=3.7355 | Regime=ACCUMULATION | Score=5.20
2026-06-05 14:16:35.159 | WARNING  | execution.order_manager:validate_signal_with_fee_filter:245 - [OrderManager] Fee filter REJECTED: Spread 0.0411% is 4.1x expected 0.0100%. Likely illiquidity. Reject.
2026-06-05 14:16:35.249 | INFO     | knowledge.strategy_library:evaluate:302 - [Absorption] SIGNAL: STRONG_BUY @ 2.4355 | SL=2.3445 TP=3.7355 | Regime=ACCUMULATION | Score=11.27
2026-06-05 14:16:35.251 | WARNING  | execution.order_manager:validate_signal_with_fee_filter:245 - [OrderManager] Fee filter REJECTED: Spread 0.0411% is 4.1x expected 0.0100%. Likely illiquidity. Reject.
2026-06-05 14:16:35.253 | INFO     | knowledge.strategy_library:evaluate:302 - [Stacked Imbalance] SIGNAL: STRONG_BUY @ 2.4355 | SL=2.3445 TP=3.7355 | Regime=ACCUMULATION | Score=5.20
2026-06-05 14:16:35.254 | WARNING  | execution.order_manager:validate_signal_with_fee_filter:245 - [OrderManager] Fee filter REJECTED: Spread 0.0411% is 4.1x expected 0.0100%. Likely illiquidity. Reject.
2026-06-05 14:16:35.354 | INFO     | knowledge.strategy_library:evaluate:302 - [Absorption] SIGNAL: STRONG_BUY @ 2.4365 | SL=2.3385 TP=3.8365 | Regime=ACCUMULATION | Score=10.75
2026-06-05 14:16:35.355 | WARNING  | execution.order_manager:validate_signal_with_fee_filter:245 - [OrderManager] Fee filter REJECTED: Spread 0.0410% is 4.1x expected 0.0100%. Likely illiquidity. Reject.
2026-06-05 14:16:35.357 | INFO     | knowledge.strategy_library:evaluate:302 - [Stacked Imbalance] SIGNAL: STRONG_BUY @ 2.4365 | SL=2.3385 TP=3.8365 | Regime=ACCUMULATION | Score=5.20
2026-06-05 14:16:35.358 | WARNING  | execution.order_manager:validate_signal_with_fee_filter:245 - [OrderManager] Fee filter REJECTED: Spread 0.0410% is 4.1x expected 0.0100%. Likely illiquidity. Reject.
2026-06-05 14:16:35.453 | INFO     | knowledge.strategy_library:evaluate:302 - [Absorption] SIGNAL: STRONG_BUY @ 2.4375 | SL=2.3325 TP=3.9375 | Regime=ACCUMULATION | Score=12.00
2026-06-05 14:16:35.454 | WARNING  | execution.order_manager:validate_signal_with_fee_filter:245 - [OrderManager] Fee filter REJECTED: Spread 0.0410% is 4.1x expected 0.0100%. Likely illiquidity. Reject.
2026-06-05 14:16:35.455 | INFO     | knowledge.strategy_library:evaluate:302 - [Stacked Imbalance] SIGNAL: STRONG_BUY @ 2.4375 | SL=2.3325 TP=3.9375 | Regime=ACCUMULATION | Score=4.70
2026-06-05 14:16:35.456 | WARNING  | execution.order_manager:validate_signal_with_fee_filter:245 - [OrderManager] Fee filter REJECTED: Spread 0.0410% is 4.1x expected 0.0100%. Likely illiquidity. Reject.
2026-06-05 14:16:35.558 | INFO     | knowledge.strategy_library:evaluate:302 - [Absorption] SIGNAL: STRONG_BUY @ 2.4375 | SL=2.3325 TP=3.9375 | Regime=ACCUMULATION | Score=11.67
2026-06-05 14:16:35.559 | WARNING  | execution.order_manager:validate_signal_with_fee_filter:245 - [OrderManager] Fee filter REJECTED: Spread 0.0410% is 4.1x expected 0.0100%. Likely illiquidity. Reject.
2026-06-05 14:16:35.561 | INFO     | knowledge.strategy_library:evaluate:302 - [Stacked Imbalance] SIGNAL: STRONG_BUY @ 2.4375 | SL=2.3325 TP=3.9375 | Regime=ACCUMULATION | Score=4.70
2026-06-05 14:16:35.562 | WARNING  | execution.order_manager:validate_signal_with_fee_filter:245 - [OrderManager] Fee filter REJECTED: Spread 0.0410% is 4.1x expected 0.0100%. Likely illiquidity. Reject.
2026-06-05 14:16:35.653 | INFO     | knowledge.strategy_library:evaluate:302 - [Absorption] SIGNAL: STRONG_BUY @ 2.4365 | SL=2.3315 TP=3.9365 | Regime=ACCUMULATION | Score=10.55
2026-06-05 14:16:35.654 | WARNING  | execution.order_manager:validate_signal_with_fee_filter:245 - [OrderManager] Fee filter REJECTED: Spread 0.0410% is 4.1x expected 0.0100%. Likely illiquidity. Reject.
2026-06-05 14:16:35.655 | INFO     | knowledge.strategy_library:evaluate:302 - [Stacked Imbalance] SIGNAL: STRONG_BUY @ 2.4365 | SL=2.3315 TP=3.9365 | Regime=ACCUMULATION | Score=4.60
2026-06-05 14:16:35.657 | WARNING  | execution.order_manager:validate_signal_with_fee_filter:245 - [OrderManager] Fee filter REJECTED: Spread 0.0410% is 4.1x expected 0.0100%. Likely illiquidity. Reject.
2026-06-05 14:16:35.755 | INFO     | knowledge.strategy_library:evaluate:302 - [Absorption] SIGNAL: STRONG_BUY @ 2.4365 | SL=2.3315 TP=3.9365 | Regime=ACCUMULATION | Score=10.13
2026-06-05 14:16:35.756 | WARNING  | execution.order_manager:validate_signal_with_fee_filter:245 - [OrderManager] Fee filter REJECTED: Spread 0.0410% is 4.1x expected 0.0100%. Likely illiquidity. Reject.
2026-06-05 14:16:35.757 | INFO     | knowledge.strategy_library:evaluate:302 - [Stacked Imbalance] SIGNAL: STRONG_BUY @ 2.4365 | SL=2.3315 TP=3.9365 | Regime=ACCUMULATION | Score=4.60
2026-06-05 14:16:35.758 | WARNING  | execution.order_manager:validate_signal_with_fee_filter:245 - [OrderManager] Fee filter REJECTED: Spread 0.0410% is 4.1x expected 0.0100%. Likely illiquidity. Reject.
2026-06-05 14:16:35.965 | INFO     | knowledge.strategy_library:evaluate:302 - [Absorption] SIGNAL: STRONG_BUY @ 2.4365 | SL=2.3315 TP=3.9365 | Regime=ACCUMULATION | Score=10.13
2026-06-05 14:16:35.967 | WARNING  | execution.order_manager:validate_signal_with_fee_filter:245 - [OrderManager] Fee filter REJECTED: Spread 0.0410% is 4.1x expected 0.0100%. Likely illiquidity. Reject.
2026-06-05 14:16:35.968 | INFO     | knowledge.strategy_library:evaluate:302 - [Stacked Imbalance] SIGNAL: STRONG_BUY @ 2.4365 | SL=2.3315 TP=3.9365 | Regime=ACCUMULATION | Score=4.60
2026-06-05 14:16:35.971 | WARNING  | execution.order_manager:validate_signal_with_fee_filter:245 - [OrderManager] Fee filter REJECTED: Spread 0.0410% is 4.1x expected 0.0100%. Likely illiquidity. Reject.
2026-06-05 14:16:36.152 | INFO     | knowledge.strategy_library:evaluate:302 - [Absorption] SIGNAL: STRONG_BUY @ 2.4365 | SL=2.3315 TP=3.9365 | Regime=ACCUMULATION | Score=10.13
2026-06-05 14:16:36.153 | WARNING  | execution.order_manager:validate_signal_with_fee_filter:245 - [OrderManager] Fee filter REJECTED: Spread 0.0410% is 4.1x expected 0.0100%. Likely illiquidity. Reject.
2026-06-05 14:16:36.154 | INFO     | knowledge.strategy_library:evaluate:302 - [Stacked Imbalance] SIGNAL: STRONG_BUY @ 2.4365 | SL=2.3315 TP=3.9365 | Regime=ACCUMULATION | Score=4.60
2026-06-05 14:16:36.155 | WARNING  | execution.order_manager:validate_signal_with_fee_filter:245 - [OrderManager] Fee filter REJECTED: Spread 0.0410% is 4.1x expected 0.0100%. Likely illiquidity. Reject.
2026-06-05 14:16:36.258 | INFO     | knowledge.strategy_library:evaluate:302 - [Absorption] SIGNAL: STRONG_BUY @ 2.4365 | SL=2.3315 TP=3.9365 | Regime=ACCUMULATION | Score=10.13
2026-06-05 14:16:36.259 | WARNING  | execution.order_manager:validate_signal_with_fee_filter:245 - [OrderManager] Fee filter REJECTED: Spread 0.0410% is 4.1x expected 0.0100%. Likely illiquidity. Reject.
2026-06-05 14:16:36.260 | INFO     | knowledge.strategy_library:evaluate:302 - [Stacked Imbalance] SIGNAL: STRONG_BUY @ 2.4365 | SL=2.3315 TP=3.9365 | Regime=ACCUMULATION | Score=4.60
2026-06-05 14:16:36.261 | WARNING  | execution.order_manager:validate_signal_with_fee_filter:245 - [OrderManager] Fee filter REJECTED: Spread 0.0410% is 4.1x expected 0.0100%. Likely illiquidity. Reject.
2026-06-05 14:16:36.355 | INFO     | knowledge.strategy_library:evaluate:302 - [Absorption] SIGNAL: STRONG_BUY @ 2.4375 | SL=2.3325 TP=3.9375 | Regime=ACCUMULATION | Score=10.97
2026-06-05 14:16:36.356 | WARNING  | execution.order_manager:validate_signal_with_fee_filter:245 - [OrderManager] Fee filter REJECTED: Spread 0.0410% is 4.1x expected 0.0100%. Likely illiquidity. Reject.
2026-06-05 14:16:36.357 | INFO     | knowledge.strategy_library:evaluate:302 - [Stacked Imbalance] SIGNAL: STRONG_BUY @ 2.4375 | SL=2.3325 TP=3.9375 | Regime=ACCUMULATION | Score=4.62
2026-06-05 14:16:36.358 | WARNING  | execution.order_manager:validate_signal_with_fee_filter:245 - [OrderManager] Fee filter REJECTED: Spread 0.0410% is 4.1x expected 0.0100%. Likely illiquidity. Reject.
2026-06-05 14:16:36.455 | INFO     | knowledge.strategy_library:evaluate:302 - [Absorption] SIGNAL: STRONG_BUY @ 2.4365 | SL=2.3315 TP=3.9365 | Regime=ACCUMULATION | Score=11.05
2026-06-05 14:16:36.456 | WARNING  | execution.order_manager:validate_signal_with_fee_filter:245 - [OrderManager] Fee filter REJECTED: Spread 0.0410% is 4.1x expected 0.0100%. Likely illiquidity. Reject.
2026-06-05 14:16:36.457 | INFO     | knowledge.strategy_library:evaluate:302 - [Stacked Imbalance] SIGNAL: STRONG_BUY @ 2.4365 | SL=2.3315 TP=3.9365 | Regime=ACCUMULATION | Score=4.62
2026-06-05 14:16:36.458 | WARNING  | execution.order_manager:validate_signal_with_fee_filter:245 - [OrderManager] Fee filter REJECTED: Spread 0.0410% is 4.1x expected 0.0100%. Likely illiquidity. Reject.
2026-06-05 14:16:36.568 | INFO     | knowledge.strategy_library:evaluate:302 - [Absorption] SIGNAL: STRONG_BUY @ 2.4365 | SL=2.3315 TP=3.9365 | Regime=ACCUMULATION | Score=10.14
2026-06-05 14:16:36.570 | WARNING  | execution.order_manager:validate_signal_with_fee_filter:245 - [OrderManager] Fee filter REJECTED: Spread 0.0410% is 4.1x expected 0.0100%. Likely illiquidity. Reject.
2026-06-05 14:16:36.571 | INFO     | knowledge.strategy_library:evaluate:302 - [Stacked Imbalance] SIGNAL: STRONG_BUY @ 2.4365 | SL=2.3315 TP=3.9365 | Regime=ACCUMULATION | Score=4.62
2026-06-05 14:16:36.573 | WARNING  | execution.order_manager:validate_signal_with_fee_filter:245 - [OrderManager] Fee filter REJECTED: Spread 0.0410% is 4.1x expected 0.0100%. Likely illiquidity. Reject.
2026-06-05 14:16:36.759 | INFO     | knowledge.strategy_library:evaluate:302 - [Absorption] SIGNAL: STRONG_BUY @ 2.4365 | SL=2.3315 TP=3.9365 | Regime=ACCUMULATION | Score=10.14
2026-06-05 14:16:36.761 | WARNING  | execution.order_manager:validate_signal_with_fee_filter:245 - [OrderManager] Fee filter REJECTED: Spread 0.0410% is 4.1x expected 0.0100%. Likely illiquidity. Reject.
2026-06-05 14:16:36.762 | INFO     | knowledge.strategy_library:evaluate:302 - [Stacked Imbalance] SIGNAL: STRONG_BUY @ 2.4365 | SL=2.3315 TP=3.9365 | Regime=ACCUMULATION | Score=4.62
2026-06-05 14:16:36.763 | WARNING  | execution.order_manager:validate_signal_with_fee_filter:245 - [OrderManager] Fee filter REJECTED: Spread 0.0410% is 4.1x expected 0.0100%. Likely illiquidity. Reject.
2026-06-05 14:16:36.861 | INFO     | knowledge.strategy_library:evaluate:302 - [Absorption] SIGNAL: STRONG_BUY @ 2.4365 | SL=2.3315 TP=3.9365 | Regime=ACCUMULATION | Score=10.14
2026-06-05 14:16:36.862 | WARNING  | execution.order_manager:validate_signal_with_fee_filter:245 - [OrderManager] Fee filter REJECTED: Spread 0.0410% is 4.1x expected 0.0100%. Likely illiquidity. Reject.
2026-06-05 14:16:36.864 | INFO     | knowledge.strategy_library:evaluate:302 - [Stacked Imbalance] SIGNAL: STRONG_BUY @ 2.4365 | SL=2.3315 TP=3.9365 | Regime=ACCUMULATION | Score=4.62
2026-06-05 14:16:36.865 | WARNING  | execution.order_manager:validate_signal_with_fee_filter:245 - [OrderManager] Fee filter REJECTED: Spread 0.0410% is 4.1x expected 0.0100%. Likely illiquidity. Reject.
2026-06-05 14:16:36.956 | INFO     | knowledge.strategy_library:evaluate:302 - [Absorption] SIGNAL: STRONG_BUY @ 2.4365 | SL=2.3315 TP=3.9365 | Regime=ACCUMULATION | Score=10.14
2026-06-05 14:16:36.958 | WARNING  | execution.order_manager:validate_signal_with_fee_filter:245 - [OrderManager] Fee filter REJECTED: Spread 0.0410% is 4.1x expected 0.0100%. Likely illiquidity. Reject.
2026-06-05 14:16:36.959 | INFO     | knowledge.strategy_library:evaluate:302 - [Stacked Imbalance] SIGNAL: STRONG_BUY @ 2.4365 | SL=2.3315 TP=3.9365 | Regime=ACCUMULATION | Score=4.62
2026-06-05 14:16:36.961 | WARNING  | execution.order_manager:validate_signal_with_fee_filter:245 - [OrderManager] Fee filter REJECTED: Spread 0.0410% is 4.1x expected 0.0100%. Likely illiquidity. Reject.
2026-06-05 14:16:37.162 | INFO     | knowledge.strategy_library:evaluate:302 - [Absorption] SIGNAL: STRONG_BUY @ 2.4365 | SL=2.3315 TP=3.9365 | Regime=ACCUMULATION | Score=10.14
2026-06-05 14:16:37.163 | WARNING  | execution.order_manager:validate_signal_with_fee_filter:245 - [OrderManager] Fee filter REJECTED: Spread 0.0410% is 4.1x expected 0.0100%. Likely illiquidity. Reject.
2026-06-05 14:16:37.165 | INFO     | knowledge.strategy_library:evaluate:302 - [Stacked Imbalance] SIGNAL: STRONG_BUY @ 2.4365 | SL=2.3315 TP=3.9365 | Regime=ACCUMULATION | Score=4.62
2026-06-05 14:16:37.166 | WARNING  | execution.order_manager:validate_signal_with_fee_filter:245 - [OrderManager] Fee filter REJECTED: Spread 0.0410% is 4.1x expected 0.0100%. Likely illiquidity. Reject.
2026-06-05 14:16:37.541 | INFO     | knowledge.strategy_library:evaluate:302 - [Absorption] SIGNAL: STRONG_BUY @ 2.4365 | SL=2.3315 TP=3.9365 | Regime=ACCUMULATION | Score=10.14
2026-06-05 14:16:37.542 | WARNING  | execution.order_manager:validate_signal_with_fee_filter:245 - [OrderManager] Fee filter REJECTED: Spread 0.0410% is 4.1x expected 0.0100%. Likely illiquidity. Reject.
2026-06-05 14:16:37.543 | INFO     | knowledge.strategy_library:evaluate:302 - [Stacked Imbalance] SIGNAL: STRONG_BUY @ 2.4365 | SL=2.3315 TP=3.9365 | Regime=ACCUMULATION | Score=4.62
2026-06-05 14:16:37.543 | WARNING  | execution.order_manager:validate_signal_with_fee_filter:245 - [OrderManager] Fee filter REJECTED: Spread 0.0410% is 4.1x expected 0.0100%. Likely illiquidity. Reject.
2026-06-05 14:16:37.553 | INFO     | knowledge.strategy_library:evaluate:302 - [Absorption] SIGNAL: STRONG_BUY @ 2.4365 | SL=2.3315 TP=3.9365 | Regime=ACCUMULATION | Score=10.13
2026-06-05 14:16:37.554 | WARNING  | execution.order_manager:validate_signal_with_fee_filter:245 - [OrderManager] Fee filter REJECTED: Spread 0.0410% is 4.1x expected 0.0100%. Likely illiquidity. Reject.
2026-06-05 14:16:37.554 | INFO     | knowledge.strategy_library:evaluate:302 - [Stacked Imbalance] SIGNAL: STRONG_BUY @ 2.4365 | SL=2.3315 TP=3.9365 | Regime=ACCUMULATION | Score=4.63
2026-06-05 14:16:37.554 | WARNING  | execution.order_manager:validate_signal_with_fee_filter:245 - [OrderManager] Fee filter REJECTED: Spread 0.0410% is 4.1x expected 0.0100%. Likely illiquidity. Reject.
2026-06-05 14:16:37.656 | INFO     | knowledge.strategy_library:evaluate:302 - [Absorption] SIGNAL: STRONG_BUY @ 2.4365 | SL=2.3315 TP=3.9365 | Regime=ACCUMULATION | Score=10.13
2026-06-05 14:16:37.657 | WARNING  | execution.order_manager:validate_signal_with_fee_filter:245 - [OrderManager] Fee filter REJECTED: Spread 0.0410% is 4.1x expected 0.0100%. Likely illiquidity. Reject.
2026-06-05 14:16:37.659 | INFO     | knowledge.strategy_library:evaluate:302 - [Stacked Imbalance] SIGNAL: STRONG_BUY @ 2.4365 | SL=2.3315 TP=3.9365 | Regime=ACCUMULATION | Score=4.63
2026-06-05 14:16:37.660 | WARNING  | execution.order_manager:validate_signal_with_fee_filter:245 - [OrderManager] Fee filter REJECTED: Spread 0.0410% is 4.1x expected 0.0100%. Likely illiquidity. Reject.
2026-06-05 14:16:38.070 | INFO     | knowledge.strategy_library:evaluate:302 - [Absorption] SIGNAL: STRONG_BUY @ 2.4365 | SL=2.3315 TP=3.9365 | Regime=ACCUMULATION | Score=10.13
2026-06-05 14:16:38.071 | WARNING  | execution.order_manager:validate_signal_with_fee_filter:245 - [OrderManager] Fee filter REJECTED: Spread 0.0410% is 4.1x expected 0.0100%. Likely illiquidity. Reject.
2026-06-05 14:16:38.072 | INFO     | knowledge.strategy_library:evaluate:302 - [Stacked Imbalance] SIGNAL: STRONG_BUY @ 2.4365 | SL=2.3315 TP=3.9365 | Regime=ACCUMULATION | Score=4.63
2026-06-05 14:16:38.074 | WARNING  | execution.order_manager:validate_signal_with_fee_filter:245 - [OrderManager] Fee filter REJECTED: Spread 0.0410% is 4.1x expected 0.0100%. Likely illiquidity. Reject.
2026-06-05 14:16:38.253 | INFO     | knowledge.strategy_library:evaluate:302 - [Absorption] SIGNAL: STRONG_BUY @ 2.4365 | SL=2.3315 TP=3.9365 | Regime=ACCUMULATION | Score=10.13
2026-06-05 14:16:38.254 | WARNING  | execution.order_manager:validate_signal_with_fee_filter:245 - [OrderManager] Fee filter REJECTED: Spread 0.0410% is 4.1x expected 0.0100%. Likely illiquidity. Reject.
2026-06-05 14:16:38.255 | INFO     | knowledge.strategy_library:evaluate:302 - [Stacked Imbalance] SIGNAL: STRONG_BUY @ 2.4365 | SL=2.3315 TP=3.9365 | Regime=ACCUMULATION | Score=4.63
2026-06-05 14:16:38.256 | WARNING  | execution.order_manager:validate_signal_with_fee_filter:245 - [OrderManager] Fee filter REJECTED: Spread 0.0410% is 4.1x expected 0.0100%. Likely illiquidity. Reject.
2026-06-05 14:16:38.710 | INFO     | knowledge.strategy_library:evaluate:302 - [Absorption] SIGNAL: STRONG_BUY @ 2.4365 | SL=2.3315 TP=3.9365 | Regime=ACCUMULATION | Score=10.13
2026-06-05 14:16:38.711 | WARNING  | execution.order_manager:validate_signal_with_fee_filter:245 - [OrderManager] Fee filter REJECTED: Spread 0.0410% is 4.1x expected 0.0100%. Likely illiquidity. Reject.
2026-06-05 14:16:38.713 | INFO     | knowledge.strategy_library:evaluate:302 - [Stacked Imbalance] SIGNAL: STRONG_BUY @ 2.4365 | SL=2.3315 TP=3.9365 | Regime=ACCUMULATION | Score=4.63
2026-06-05 14:16:38.714 | WARNING  | execution.order_manager:validate_signal_with_fee_filter:245 - [OrderManager] Fee filter REJECTED: Spread 0.0410% is 4.1x expected 0.0100%. Likely illiquidity. Reject.
2026-06-05 14:16:38.854 | INFO     | knowledge.strategy_library:evaluate:302 - [Absorption] SIGNAL: STRONG_BUY @ 2.4365 | SL=2.3315 TP=3.9365 | Regime=ACCUMULATION | Score=10.13
2026-06-05 14:16:38.856 | WARNING  | execution.order_manager:validate_signal_with_fee_filter:245 - [OrderManager] Fee filter REJECTED: Spread 0.0410% is 4.1x expected 0.0100%. Likely illiquidity. Reject.
2026-06-05 14:16:38.858 | INFO     | knowledge.strategy_library:evaluate:302 - [Stacked Imbalance] SIGNAL: STRONG_BUY @ 2.4365 | SL=2.3315 TP=3.9365 | Regime=ACCUMULATION | Score=4.63
2026-06-05 14:16:38.859 | WARNING  | execution.order_manager:validate_signal_with_fee_filter:245 - [OrderManager] Fee filter REJECTED: Spread 0.0410% is 4.1x expected 0.0100%. Likely illiquidity. Reject.
2026-06-05 14:16:38.965 | INFO     | knowledge.strategy_library:evaluate:302 - [Absorption] SIGNAL: STRONG_BUY @ 2.4365 | SL=2.3315 TP=3.9365 | Regime=ACCUMULATION | Score=10.13
2026-06-05 14:16:38.966 | WARNING  | execution.order_manager:validate_signal_with_fee_filter:245 - [OrderManager] Fee filter REJECTED: Spread 0.0410% is 4.1x expected 0.0100%. Likely illiquidity. Reject.
2026-06-05 14:16:38.968 | INFO     | knowledge.strategy_library:evaluate:302 - [Stacked Imbalance] SIGNAL: STRONG_BUY @ 2.4365 | SL=2.3315 TP=3.9365 | Regime=ACCUMULATION | Score=4.63
2026-06-05 14:16:38.969 | WARNING  | execution.order_manager:validate_signal_with_fee_filter:245 - [OrderManager] Fee filter REJECTED: Spread 0.0410% is 4.1x expected 0.0100%. Likely illiquidity. Reject.
2026-06-05 14:16:39.064 | INFO     | knowledge.strategy_library:evaluate:302 - [Absorption] SIGNAL: STRONG_BUY @ 2.4365 | SL=2.3315 TP=3.9365 | Regime=ACCUMULATION | Score=10.13
2026-06-05 14:16:39.069 | WARNING  | execution.order_manager:validate_signal_with_fee_filter:245 - [OrderManager] Fee filter REJECTED: Spread 0.0410% is 4.1x expected 0.0100%. Likely illiquidity. Reject.
2026-06-05 14:16:39.070 | INFO     | knowledge.strategy_library:evaluate:302 - [Stacked Imbalance] SIGNAL: STRONG_BUY @ 2.4365 | SL=2.3315 TP=3.9365 | Regime=ACCUMULATION | Score=4.63
2026-06-05 14:16:39.072 | WARNING  | execution.order_manager:validate_signal_with_fee_filter:245 - [OrderManager] Fee filter REJECTED: Spread 0.0410% is 4.1x expected 0.0100%. Likely illiquidity. Reject.
2026-06-05 14:16:39.165 | INFO     | knowledge.strategy_library:evaluate:302 - [Absorption] SIGNAL: STRONG_BUY @ 2.4365 | SL=2.3315 TP=3.9365 | Regime=ACCUMULATION | Score=10.13
2026-06-05 14:16:39.167 | WARNING  | execution.order_manager:validate_signal_with_fee_filter:245 - [OrderManager] Fee filter REJECTED: Spread 0.0410% is 4.1x expected 0.0100%. Likely illiquidity. Reject.
2026-06-05 14:16:39.168 | INFO     | knowledge.strategy_library:evaluate:302 - [Stacked Imbalance] SIGNAL: STRONG_BUY @ 2.4365 | SL=2.3315 TP=3.9365 | Regime=ACCUMULATION | Score=4.63
2026-06-05 14:16:39.169 | WARNING  | execution.order_manager:validate_signal_with_fee_filter:245 - [OrderManager] Fee filter REJECTED: Spread 0.0410% is 4.1x expected 0.0100%. Likely illiquidity. Reject.
2026-06-05 14:16:39.250 | INFO     | knowledge.strategy_library:evaluate:302 - [Absorption] SIGNAL: STRONG_BUY @ 2.4365 | SL=2.3315 TP=3.9365 | Regime=ACCUMULATION | Score=10.13
2026-06-05 14:16:39.252 | WARNING  | execution.order_manager:validate_signal_with_fee_filter:245 - [OrderManager] Fee filter REJECTED: Spread 0.0410% is 4.1x expected 0.0100%. Likely illiquidity. Reject.
2026-06-05 14:16:39.254 | INFO     | knowledge.strategy_library:evaluate:302 - [Stacked Imbalance] SIGNAL: STRONG_BUY @ 2.4365 | SL=2.3315 TP=3.9365 | Regime=ACCUMULATION | Score=4.63
2026-06-05 14:16:39.255 | WARNING  | execution.order_manager:validate_signal_with_fee_filter:245 - [OrderManager] Fee filter REJECTED: Spread 0.0410% is 4.1x expected 0.0100%. Likely illiquidity. Reject.
2026-06-05 14:16:39.467 | INFO     | knowledge.strategy_library:evaluate:302 - [Absorption] SIGNAL: STRONG_BUY @ 2.4365 | SL=2.3315 TP=3.9365 | Regime=ACCUMULATION | Score=10.31
2026-06-05 14:16:39.468 | WARNING  | execution.order_manager:validate_signal_with_fee_filter:245 - [OrderManager] Fee filter REJECTED: Spread 0.0410% is 4.1x expected 0.0100%. Likely illiquidity. Reject.
2026-06-05 14:16:39.470 | INFO     | knowledge.strategy_library:evaluate:302 - [Stacked Imbalance] SIGNAL: STRONG_BUY @ 2.4365 | SL=2.3315 TP=3.9365 | Regime=ACCUMULATION | Score=4.63
2026-06-05 14:16:39.471 | WARNING  | execution.order_manager:validate_signal_with_fee_filter:245 - [OrderManager] Fee filter REJECTED: Spread 0.0410% is 4.1x expected 0.0100%. Likely illiquidity. Reject.
2026-06-05 14:16:39.553 | INFO     | knowledge.strategy_library:evaluate:302 - [Absorption] SIGNAL: STRONG_BUY @ 2.4365 | SL=2.3315 TP=3.9365 | Regime=ACCUMULATION | Score=10.31
2026-06-05 14:16:39.554 | WARNING  | execution.order_manager:validate_signal_with_fee_filter:245 - [OrderManager] Fee filter REJECTED: Spread 0.0410% is 4.1x expected 0.0100%. Likely illiquidity. Reject.
2026-06-05 14:16:39.556 | INFO     | knowledge.strategy_library:evaluate:302 - [Stacked Imbalance] SIGNAL: STRONG_BUY @ 2.4365 | SL=2.3315 TP=3.9365 | Regime=ACCUMULATION | Score=4.63
2026-06-05 14:16:39.558 | WARNING  | execution.order_manager:validate_signal_with_fee_filter:245 - [OrderManager] Fee filter REJECTED: Spread 0.0410% is 4.1x expected 0.0100%. Likely illiquidity. Reject.
2026-06-05 14:16:39.668 | INFO     | knowledge.strategy_library:evaluate:302 - [Absorption] SIGNAL: STRONG_BUY @ 2.4375 | SL=2.3325 TP=3.9375 | Regime=ACCUMULATION | Score=10.75
2026-06-05 14:16:39.669 | WARNING  | execution.order_manager:validate_signal_with_fee_filter:245 - [OrderManager] Fee filter REJECTED: Spread 0.0410% is 4.1x expected 0.0100%. Likely illiquidity. Reject.
2026-06-05 14:16:39.669 | INFO     | knowledge.strategy_library:evaluate:302 - [Stacked Imbalance] SIGNAL: STRONG_BUY @ 2.4375 | SL=2.3325 TP=3.9375 | Regime=ACCUMULATION | Score=4.63
2026-06-05 14:16:39.670 | WARNING  | execution.order_manager:validate_signal_with_fee_filter:245 - [OrderManager] Fee filter REJECTED: Spread 0.0410% is 4.1x expected 0.0100%. Likely illiquidity. Reject.
2026-06-05 14:16:39.764 | INFO     | knowledge.strategy_library:evaluate:302 - [Absorption] SIGNAL: STRONG_BUY @ 2.4375 | SL=2.3325 TP=3.9375 | Regime=ACCUMULATION | Score=10.75
2026-06-05 14:16:39.766 | WARNING  | execution.order_manager:validate_signal_with_fee_filter:245 - [OrderManager] Fee filter REJECTED: Spread 0.0410% is 4.1x expected 0.0100%. Likely illiquidity. Reject.
2026-06-05 14:16:39.767 | INFO     | knowledge.strategy_library:evaluate:302 - [Stacked Imbalance] SIGNAL: STRONG_BUY @ 2.4375 | SL=2.3325 TP=3.9375 | Regime=ACCUMULATION | Score=4.63
2026-06-05 14:16:39.768 | WARNING  | execution.order_manager:validate_signal_with_fee_filter:245 - [OrderManager] Fee filter REJECTED: Spread 0.0410% is 4.1x expected 0.0100%. Likely illiquidity. Reject.
2026-06-05 14:16:40.362 | INFO     | knowledge.strategy_library:evaluate:302 - [Absorption] SIGNAL: STRONG_BUY @ 2.4375 | SL=2.3325 TP=3.9375 | Regime=ACCUMULATION | Score=10.76
2026-06-05 14:16:40.363 | WARNING  | execution.order_manager:validate_signal_with_fee_filter:245 - [OrderManager] Fee filter REJECTED: Spread 0.0410% is 4.1x expected 0.0100%. Likely illiquidity. Reject.
2026-06-05 14:16:40.365 | INFO     | knowledge.strategy_library:evaluate:302 - [Stacked Imbalance] SIGNAL: STRONG_BUY @ 2.4375 | SL=2.3325 TP=3.9375 | Regime=ACCUMULATION | Score=4.63
2026-06-05 14:16:40.366 | WARNING  | execution.order_manager:validate_signal_with_fee_filter:245 - [OrderManager] Fee filter REJECTED: Spread 0.0410% is 4.1x expected 0.0100%. Likely illiquidity. Reject.
2026-06-05 14:16:40.453 | INFO     | knowledge.strategy_library:evaluate:302 - [Absorption] SIGNAL: STRONG_BUY @ 2.4375 | SL=2.3325 TP=3.9375 | Regime=ACCUMULATION | Score=10.76
2026-06-05 14:16:40.454 | WARNING  | execution.order_manager:validate_signal_with_fee_filter:245 - [OrderManager] Fee filter REJECTED: Spread 0.0410% is 4.1x expected 0.0100%. Likely illiquidity. Reject.
2026-06-05 14:16:40.455 | INFO     | knowledge.strategy_library:evaluate:302 - [Stacked Imbalance] SIGNAL: STRONG_BUY @ 2.4375 | SL=2.3325 TP=3.9375 | Regime=ACCUMULATION | Score=4.63
2026-06-05 14:16:40.456 | WARNING  | execution.order_manager:validate_signal_with_fee_filter:245 - [OrderManager] Fee filter REJECTED: Spread 0.0410% is 4.1x expected 0.0100%. Likely illiquidity. Reject.
2026-06-05 14:16:40.759 | INFO     | knowledge.strategy_library:evaluate:302 - [Absorption] SIGNAL: STRONG_BUY @ 2.4375 | SL=2.3325 TP=3.9375 | Regime=ACCUMULATION | Score=10.68
2026-06-05 14:16:40.760 | WARNING  | execution.order_manager:validate_signal_with_fee_filter:245 - [OrderManager] Fee filter REJECTED: Spread 0.0410% is 4.1x expected 0.0100%. Likely illiquidity. Reject.
2026-06-05 14:16:40.761 | INFO     | knowledge.strategy_library:evaluate:302 - [Stacked Imbalance] SIGNAL: STRONG_BUY @ 2.4375 | SL=2.3325 TP=3.9375 | Regime=ACCUMULATION | Score=4.85
2026-06-05 14:16:40.762 | WARNING  | execution.order_manager:validate_signal_with_fee_filter:245 - [OrderManager] Fee filter REJECTED: Spread 0.0410% is 4.1x expected 0.0100%. Likely illiquidity. Reject.
2026-06-05 14:16:40.855 | INFO     | knowledge.strategy_library:evaluate:302 - [Absorption] SIGNAL: STRONG_BUY @ 2.4375 | SL=2.3325 TP=3.9375 | Regime=ACCUMULATION | Score=10.61
2026-06-05 14:16:40.857 | WARNING  | execution.order_manager:validate_signal_with_fee_filter:245 - [OrderManager] Fee filter REJECTED: Spread 0.0410% is 4.1x expected 0.0100%. Likely illiquidity. Reject.
2026-06-05 14:16:40.858 | INFO     | knowledge.strategy_library:evaluate:302 - [Stacked Imbalance] SIGNAL: STRONG_BUY @ 2.4375 | SL=2.3325 TP=3.9375 | Regime=ACCUMULATION | Score=4.85
2026-06-05 14:16:40.859 | WARNING  | execution.order_manager:validate_signal_with_fee_filter:245 - [OrderManager] Fee filter REJECTED: Spread 0.0410% is 4.1x expected 0.0100%. Likely illiquidity. Reject.
2026-06-05 14:16:42.063 | INFO     | knowledge.strategy_library:evaluate:302 - [Absorption] SIGNAL: STRONG_BUY @ 2.4375 | SL=2.3325 TP=3.9375 | Regime=ACCUMULATION | Score=10.61
2026-06-05 14:16:42.066 | WARNING  | execution.order_manager:validate_signal_with_fee_filter:245 - [OrderManager] Fee filter REJECTED: Spread 0.0410% is 4.1x expected 0.0100%. Likely illiquidity. Reject.
2026-06-05 14:16:42.069 | INFO     | knowledge.strategy_library:evaluate:302 - [Stacked Imbalance] SIGNAL: STRONG_BUY @ 2.4375 | SL=2.3325 TP=3.9375 | Regime=ACCUMULATION | Score=4.85
2026-06-05 14:16:42.071 | WARNING  | execution.order_manager:validate_signal_with_fee_filter:245 - [OrderManager] Fee filter REJECTED: Spread 0.0410% is 4.1x expected 0.0100%. Likely illiquidity. Reject.
2026-06-05 14:16:42.161 | INFO     | knowledge.strategy_library:evaluate:302 - [Absorption] SIGNAL: STRONG_BUY @ 2.4375 | SL=2.3325 TP=3.9375 | Regime=ACCUMULATION | Score=10.25
2026-06-05 14:16:42.163 | WARNING  | execution.order_manager:validate_signal_with_fee_filter:245 - [OrderManager] Fee filter REJECTED: Spread 0.0410% is 4.1x expected 0.0100%. Likely illiquidity. Reject.
2026-06-05 14:16:42.164 | INFO     | knowledge.strategy_library:evaluate:302 - [Stacked Imbalance] SIGNAL: STRONG_BUY @ 2.4375 | SL=2.3325 TP=3.9375 | Regime=ACCUMULATION | Score=4.85
2026-06-05 14:16:42.166 | WARNING  | execution.order_manager:validate_signal_with_fee_filter:245 - [OrderManager] Fee filter REJECTED: Spread 0.0410% is 4.1x expected 0.0100%. Likely illiquidity. Reject.
2026-06-05 14:16:42.252 | INFO     | knowledge.strategy_library:evaluate:302 - [Absorption] SIGNAL: STRONG_BUY @ 2.4375 | SL=2.3325 TP=3.9375 | Regime=ACCUMULATION | Score=10.25
2026-06-05 14:16:42.254 | WARNING  | execution.order_manager:validate_signal_with_fee_filter:245 - [OrderManager] Fee filter REJECTED: Spread 0.0410% is 4.1x expected 0.0100%. Likely illiquidity. Reject.
2026-06-05 14:16:42.255 | INFO     | knowledge.strategy_library:evaluate:302 - [Stacked Imbalance] SIGNAL: STRONG_BUY @ 2.4375 | SL=2.3325 TP=3.9375 | Regime=ACCUMULATION | Score=4.85
2026-06-05 14:16:42.256 | WARNING  | execution.order_manager:validate_signal_with_fee_filter:245 - [OrderManager] Fee filter REJECTED: Spread 0.0410% is 4.1x expected 0.0100%. Likely illiquidity. Reject.
2026-06-05 14:16:42.366 | INFO     | knowledge.strategy_library:evaluate:302 - [Absorption] SIGNAL: STRONG_BUY @ 2.4370 | SL=2.3320 TP=3.9370 | Regime=ACCUMULATION | Score=10.05
2026-06-05 14:16:42.368 | WARNING  | execution.order_manager:validate_signal_with_fee_filter:245 - [OrderManager] Fee filter REJECTED: Spread 0.0821% is 8.2x expected 0.0100%. Likely illiquidity. Reject.
2026-06-05 14:16:42.369 | INFO     | knowledge.strategy_library:evaluate:302 - [Stacked Imbalance] SIGNAL: STRONG_BUY @ 2.4370 | SL=2.3320 TP=3.9370 | Regime=ACCUMULATION | Score=4.85
2026-06-05 14:16:42.370 | WARNING  | execution.order_manager:validate_signal_with_fee_filter:245 - [OrderManager] Fee filter REJECTED: Spread 0.0821% is 8.2x expected 0.0100%. Likely illiquidity. Reject.
2026-06-05 14:16:42.456 | INFO     | knowledge.strategy_library:evaluate:302 - [Absorption] SIGNAL: STRONG_BUY @ 2.4370 | SL=2.3320 TP=3.9370 | Regime=ACCUMULATION | Score=10.05
2026-06-05 14:16:42.457 | WARNING  | execution.order_manager:validate_signal_with_fee_filter:245 - [OrderManager] Fee filter REJECTED: Spread 0.0821% is 8.2x expected 0.0100%. Likely illiquidity. Reject.
2026-06-05 14:16:42.458 | INFO     | knowledge.strategy_library:evaluate:302 - [Stacked Imbalance] SIGNAL: STRONG_BUY @ 2.4370 | SL=2.3320 TP=3.9370 | Regime=ACCUMULATION | Score=4.85
2026-06-05 14:16:42.459 | WARNING  | execution.order_manager:validate_signal_with_fee_filter:245 - [OrderManager] Fee filter REJECTED: Spread 0.0821% is 8.2x expected 0.0100%. Likely illiquidity. Reject.
2026-06-05 14:16:42.699 | INFO     | knowledge.strategy_library:evaluate:302 - [Absorption] SIGNAL: STRONG_BUY @ 2.4370 | SL=2.3320 TP=3.9370 | Regime=ACCUMULATION | Score=10.05
2026-06-05 14:16:42.700 | WARNING  | execution.order_manager:validate_signal_with_fee_filter:245 - [OrderManager] Fee filter REJECTED: Spread 0.0821% is 8.2x expected 0.0100%. Likely illiquidity. Reject.
2026-06-05 14:16:42.701 | INFO     | knowledge.strategy_library:evaluate:302 - [Stacked Imbalance] SIGNAL: STRONG_BUY @ 2.4370 | SL=2.3320 TP=3.9370 | Regime=ACCUMULATION | Score=4.85
2026-06-05 14:16:42.702 | WARNING  | execution.order_manager:validate_signal_with_fee_filter:245 - [OrderManager] Fee filter REJECTED: Spread 0.0821% is 8.2x expected 0.0100%. Likely illiquidity. Reject.
2026-06-05 14:16:42.746 | INFO     | knowledge.strategy_library:evaluate:302 - [Absorption] SIGNAL: STRONG_BUY @ 2.4370 | SL=2.3320 TP=3.9370 | Regime=ACCUMULATION | Score=10.05
2026-06-05 14:16:42.747 | WARNING  | execution.order_manager:validate_signal_with_fee_filter:245 - [OrderManager] Fee filter REJECTED: Spread 0.0821% is 8.2x expected 0.0100%. Likely illiquidity. Reject.
2026-06-05 14:16:42.748 | INFO     | knowledge.strategy_library:evaluate:302 - [Stacked Imbalance] SIGNAL: STRONG_BUY @ 2.4370 | SL=2.3320 TP=3.9370 | Regime=ACCUMULATION | Score=4.86
2026-06-05 14:16:42.749 | WARNING  | execution.order_manager:validate_signal_with_fee_filter:245 - [OrderManager] Fee filter REJECTED: Spread 0.0821% is 8.2x expected 0.0100%. Likely illiquidity. Reject.
2026-06-05 14:16:42.865 | INFO     | knowledge.strategy_library:evaluate:302 - [Absorption] SIGNAL: STRONG_BUY @ 2.4370 | SL=2.3320 TP=3.9370 | Regime=ACCUMULATION | Score=10.05
2026-06-05 14:16:42.867 | WARNING  | execution.order_manager:validate_signal_with_fee_filter:245 - [OrderManager] Fee filter REJECTED: Spread 0.0821% is 8.2x expected 0.0100%. Likely illiquidity. Reject.
2026-06-05 14:16:42.868 | INFO     | knowledge.strategy_library:evaluate:302 - [Stacked Imbalance] SIGNAL: STRONG_BUY @ 2.4370 | SL=2.3320 TP=3.9370 | Regime=ACCUMULATION | Score=4.86
2026-06-05 14:16:42.870 | WARNING  | execution.order_manager:validate_signal_with_fee_filter:245 - [OrderManager] Fee filter REJECTED: Spread 0.0821% is 8.2x expected 0.0100%. Likely illiquidity. Reject.
2026-06-05 14:16:43.053 | INFO     | knowledge.strategy_library:evaluate:302 - [Absorption] SIGNAL: STRONG_BUY @ 2.4370 | SL=2.3320 TP=3.9370 | Regime=ACCUMULATION | Score=10.05
2026-06-05 14:16:43.054 | WARNING  | execution.order_manager:validate_signal_with_fee_filter:245 - [OrderManager] Fee filter REJECTED: Spread 0.0821% is 8.2x expected 0.0100%. Likely illiquidity. Reject.
2026-06-05 14:16:43.055 | INFO     | knowledge.strategy_library:evaluate:302 - [Stacked Imbalance] SIGNAL: STRONG_BUY @ 2.4370 | SL=2.3320 TP=3.9370 | Regime=ACCUMULATION | Score=4.86
2026-06-05 14:16:43.056 | WARNING  | execution.order_manager:validate_signal_with_fee_filter:245 - [OrderManager] Fee filter REJECTED: Spread 0.0821% is 8.2x expected 0.0100%. Likely illiquidity. Reject.
2026-06-05 14:16:43.729 | INFO     | knowledge.strategy_library:evaluate:302 - [Absorption] SIGNAL: STRONG_BUY @ 2.4370 | SL=2.3320 TP=3.9370 | Regime=ACCUMULATION | Score=10.05
2026-06-05 14:16:43.730 | WARNING  | execution.order_manager:validate_signal_with_fee_filter:245 - [OrderManager] Fee filter REJECTED: Spread 0.0821% is 8.2x expected 0.0100%. Likely illiquidity. Reject.
2026-06-05 14:16:43.734 | INFO     | knowledge.strategy_library:evaluate:302 - [Stacked Imbalance] SIGNAL: STRONG_BUY @ 2.4370 | SL=2.3320 TP=3.9370 | Regime=ACCUMULATION | Score=4.86
2026-06-05 14:16:43.736 | WARNING  | execution.order_manager:validate_signal_with_fee_filter:245 - [OrderManager] Fee filter REJECTED: Spread 0.0821% is 8.2x expected 0.0100%. Likely illiquidity. Reject.
2026-06-05 14:16:44.558 | INFO     | knowledge.strategy_library:evaluate:302 - [Absorption] SIGNAL: STRONG_BUY @ 2.4370 | SL=2.3320 TP=3.9370 | Regime=ACCUMULATION | Score=10.05
2026-06-05 14:16:44.560 | WARNING  | execution.order_manager:validate_signal_with_fee_filter:245 - [OrderManager] Fee filter REJECTED: Spread 0.0821% is 8.2x expected 0.0100%. Likely illiquidity. Reject.
2026-06-05 14:16:44.561 | INFO     | knowledge.strategy_library:evaluate:302 - [Stacked Imbalance] SIGNAL: STRONG_BUY @ 2.4370 | SL=2.3320 TP=3.9370 | Regime=ACCUMULATION | Score=4.86
2026-06-05 14:16:44.562 | WARNING  | execution.order_manager:validate_signal_with_fee_filter:245 - [OrderManager] Fee filter REJECTED: Spread 0.0821% is 8.2x expected 0.0100%. Likely illiquidity. Reject.
2026-06-05 14:16:44.754 | INFO     | knowledge.strategy_library:evaluate:302 - [Absorption] SIGNAL: STRONG_BUY @ 2.4370 | SL=2.3320 TP=3.9370 | Regime=ACCUMULATION | Score=10.05
2026-06-05 14:16:44.756 | WARNING  | execution.order_manager:validate_signal_with_fee_filter:245 - [OrderManager] Fee filter REJECTED: Spread 0.0821% is 8.2x expected 0.0100%. Likely illiquidity. Reject.
2026-06-05 14:16:44.757 | INFO     | knowledge.strategy_library:evaluate:302 - [Stacked Imbalance] SIGNAL: STRONG_BUY @ 2.4370 | SL=2.3320 TP=3.9370 | Regime=ACCUMULATION | Score=4.86
2026-06-05 14:16:44.758 | WARNING  | execution.order_manager:validate_signal_with_fee_filter:245 - [OrderManager] Fee filter REJECTED: Spread 0.0821% is 8.2x expected 0.0100%. Likely illiquidity. Reject.
2026-06-05 14:16:45.149 | INFO     | knowledge.strategy_library:evaluate:302 - [Absorption] SIGNAL: STRONG_BUY @ 2.4370 | SL=2.3320 TP=3.9370 | Regime=ACCUMULATION | Score=10.05
2026-06-05 14:16:45.151 | WARNING  | execution.order_manager:validate_signal_with_fee_filter:245 - [OrderManager] Fee filter REJECTED: Spread 0.0821% is 8.2x expected 0.0100%. Likely illiquidity. Reject.
2026-06-05 14:16:45.152 | INFO     | knowledge.strategy_library:evaluate:302 - [Stacked Imbalance] SIGNAL: STRONG_BUY @ 2.4370 | SL=2.3320 TP=3.9370 | Regime=ACCUMULATION | Score=4.86
2026-06-05 14:16:45.153 | WARNING  | execution.order_manager:validate_signal_with_fee_filter:245 - [OrderManager] Fee filter REJECTED: Spread 0.0821% is 8.2x expected 0.0100%. Likely illiquidity. Reject.
2026-06-05 14:16:45.251 | INFO     | knowledge.strategy_library:evaluate:302 - [Absorption] SIGNAL: STRONG_BUY @ 2.4365 | SL=2.3315 TP=3.9365 | Regime=ACCUMULATION | Score=10.16
2026-06-05 14:16:45.252 | WARNING  | execution.order_manager:validate_signal_with_fee_filter:245 - [OrderManager] Fee filter REJECTED: Spread 0.0410% is 4.1x expected 0.0100%. Likely illiquidity. Reject.
2026-06-05 14:16:45.253 | INFO     | knowledge.strategy_library:evaluate:302 - [Stacked Imbalance] SIGNAL: STRONG_BUY @ 2.4365 | SL=2.3315 TP=3.9365 | Regime=ACCUMULATION | Score=4.93
2026-06-05 14:16:45.254 | WARNING  | execution.order_manager:validate_signal_with_fee_filter:245 - [OrderManager] Fee filter REJECTED: Spread 0.0410% is 4.1x expected 0.0100%. Likely illiquidity. Reject.
2026-06-05 14:16:45.351 | INFO     | knowledge.strategy_library:evaluate:302 - [Absorption] SIGNAL: STRONG_BUY @ 2.4365 | SL=2.3315 TP=3.9365 | Regime=ACCUMULATION | Score=10.16
2026-06-05 14:16:45.353 | WARNING  | execution.order_manager:validate_signal_with_fee_filter:245 - [OrderManager] Fee filter REJECTED: Spread 0.0410% is 4.1x expected 0.0100%. Likely illiquidity. Reject.
2026-06-05 14:16:45.354 | INFO     | knowledge.strategy_library:evaluate:302 - [Stacked Imbalance] SIGNAL: STRONG_BUY @ 2.4365 | SL=2.3315 TP=3.9365 | Regime=ACCUMULATION | Score=4.93
2026-06-05 14:16:45.356 | WARNING  | execution.order_manager:validate_signal_with_fee_filter:245 - [OrderManager] Fee filter REJECTED: Spread 0.0410% is 4.1x expected 0.0100%. Likely illiquidity. Reject.
2026-06-05 14:16:45.950 | INFO     | knowledge.strategy_library:evaluate:302 - [Absorption] SIGNAL: STRONG_BUY @ 2.4365 | SL=2.3385 TP=3.8365 | Regime=ACCUMULATION | Score=10.13
2026-06-05 14:16:45.952 | WARNING  | execution.order_manager:validate_signal_with_fee_filter:245 - [OrderManager] Fee filter REJECTED: Spread 0.0410% is 4.1x expected 0.0100%. Likely illiquidity. Reject.
2026-06-05 14:16:45.953 | INFO     | knowledge.strategy_library:evaluate:302 - [Stacked Imbalance] SIGNAL: STRONG_BUY @ 2.4365 | SL=2.3385 TP=3.8365 | Regime=ACCUMULATION | Score=4.90
2026-06-05 14:16:45.955 | WARNING  | execution.order_manager:validate_signal_with_fee_filter:245 - [OrderManager] Fee filter REJECTED: Spread 0.0410% is 4.1x expected 0.0100%. Likely illiquidity. Reject.
2026-06-05 14:16:46.061 | INFO     | knowledge.strategy_library:evaluate:302 - [Absorption] SIGNAL: STRONG_BUY @ 2.4365 | SL=2.3385 TP=3.8365 | Regime=ACCUMULATION | Score=10.13
2026-06-05 14:16:46.062 | WARNING  | execution.order_manager:validate_signal_with_fee_filter:245 - [OrderManager] Fee filter REJECTED: Spread 0.0410% is 4.1x expected 0.0100%. Likely illiquidity. Reject.
2026-06-05 14:16:46.063 | INFO     | knowledge.strategy_library:evaluate:302 - [Stacked Imbalance] SIGNAL: STRONG_BUY @ 2.4365 | SL=2.3385 TP=3.8365 | Regime=ACCUMULATION | Score=4.90
2026-06-05 14:16:46.065 | WARNING  | execution.order_manager:validate_signal_with_fee_filter:245 - [OrderManager] Fee filter REJECTED: Spread 0.0410% is 4.1x expected 0.0100%. Likely illiquidity. Reject.
2026-06-05 14:16:46.455 | INFO     | knowledge.strategy_library:evaluate:302 - [Absorption] SIGNAL: STRONG_BUY @ 2.4365 | SL=2.3385 TP=3.8365 | Regime=ACCUMULATION | Score=10.13
2026-06-05 14:16:46.457 | WARNING  | execution.order_manager:validate_signal_with_fee_filter:245 - [OrderManager] Fee filter REJECTED: Spread 0.0410% is 4.1x expected 0.0100%. Likely illiquidity. Reject.
2026-06-05 14:16:46.458 | INFO     | knowledge.strategy_library:evaluate:302 - [Stacked Imbalance] SIGNAL: STRONG_BUY @ 2.4365 | SL=2.3385 TP=3.8365 | Regime=ACCUMULATION | Score=4.90
2026-06-05 14:16:46.459 | WARNING  | execution.order_manager:validate_signal_with_fee_filter:245 - [OrderManager] Fee filter REJECTED: Spread 0.0410% is 4.1x expected 0.0100%. Likely illiquidity. Reject.
2026-06-05 14:16:47.324 | INFO     | knowledge.strategy_library:evaluate:302 - [Absorption] SIGNAL: STRONG_BUY @ 2.4375 | SL=2.3395 TP=3.8375 | Regime=ACCUMULATION | Score=10.16
2026-06-05 14:16:47.326 | WARNING  | execution.order_manager:validate_signal_with_fee_filter:245 - [OrderManager] Fee filter REJECTED: Spread 0.0410% is 4.1x expected 0.0100%. Likely illiquidity. Reject.
2026-06-05 14:16:47.327 | INFO     | knowledge.strategy_library:evaluate:302 - [Stacked Imbalance] SIGNAL: STRONG_BUY @ 2.4375 | SL=2.3395 TP=3.8375 | Regime=ACCUMULATION | Score=4.90
2026-06-05 14:16:47.328 | WARNING  | execution.order_manager:validate_signal_with_fee_filter:245 - [OrderManager] Fee filter REJECTED: Spread 0.0410% is 4.1x expected 0.0100%. Likely illiquidity. Reject.
2026-06-05 14:16:47.351 | INFO     | knowledge.strategy_library:evaluate:302 - [Absorption] SIGNAL: STRONG_BUY @ 2.4375 | SL=2.3395 TP=3.8375 | Regime=ACCUMULATION | Score=10.12
2026-06-05 14:16:47.352 | WARNING  | execution.order_manager:validate_signal_with_fee_filter:245 - [OrderManager] Fee filter REJECTED: Spread 0.0410% is 4.1x expected 0.0100%. Likely illiquidity. Reject.
2026-06-05 14:16:47.353 | INFO     | knowledge.strategy_library:evaluate:302 - [Stacked Imbalance] SIGNAL: STRONG_BUY @ 2.4375 | SL=2.3395 TP=3.8375 | Regime=ACCUMULATION | Score=4.90
2026-06-05 14:16:47.355 | WARNING  | execution.order_manager:validate_signal_with_fee_filter:245 - [OrderManager] Fee filter REJECTED: Spread 0.0410% is 4.1x expected 0.0100%. Likely illiquidity. Reject.
2026-06-05 14:16:47.454 | INFO     | knowledge.strategy_library:evaluate:302 - [Absorption] SIGNAL: STRONG_BUY @ 2.4375 | SL=2.3395 TP=3.8375 | Regime=ACCUMULATION | Score=10.18
2026-06-05 14:16:47.455 | WARNING  | execution.order_manager:validate_signal_with_fee_filter:245 - [OrderManager] Fee filter REJECTED: Spread 0.0410% is 4.1x expected 0.0100%. Likely illiquidity. Reject.
2026-06-05 14:16:47.456 | INFO     | knowledge.strategy_library:evaluate:302 - [Stacked Imbalance] SIGNAL: STRONG_BUY @ 2.4375 | SL=2.3395 TP=3.8375 | Regime=ACCUMULATION | Score=4.27
2026-06-05 14:16:47.457 | WARNING  | execution.order_manager:validate_signal_with_fee_filter:245 - [OrderManager] Fee filter REJECTED: Spread 0.0410% is 4.1x expected 0.0100%. Likely illiquidity. Reject.
2026-06-05 14:16:47.654 | INFO     | knowledge.strategy_library:evaluate:302 - [Absorption] SIGNAL: STRONG_BUY @ 2.4375 | SL=2.3395 TP=3.8375 | Regime=ACCUMULATION | Score=10.21
2026-06-05 14:16:47.656 | WARNING  | execution.order_manager:validate_signal_with_fee_filter:245 - [OrderManager] Fee filter REJECTED: Spread 0.0410% is 4.1x expected 0.0100%. Likely illiquidity. Reject.
2026-06-05 14:16:47.657 | INFO     | knowledge.strategy_library:evaluate:302 - [Stacked Imbalance] SIGNAL: STRONG_BUY @ 2.4375 | SL=2.3395 TP=3.8375 | Regime=ACCUMULATION | Score=4.27
2026-06-05 14:16:47.658 | WARNING  | execution.order_manager:validate_signal_with_fee_filter:245 - [OrderManager] Fee filter REJECTED: Spread 0.0410% is 4.1x expected 0.0100%. Likely illiquidity. Reject.
2026-06-05 14:16:47.752 | INFO     | knowledge.strategy_library:evaluate:302 - [Absorption] SIGNAL: STRONG_BUY @ 2.4375 | SL=2.3395 TP=3.8375 | Regime=ACCUMULATION | Score=10.19
2026-06-05 14:16:47.754 | WARNING  | execution.order_manager:validate_signal_with_fee_filter:245 - [OrderManager] Fee filter REJECTED: Spread 0.0410% is 4.1x expected 0.0100%. Likely illiquidity. Reject.
2026-06-05 14:16:47.755 | INFO     | knowledge.strategy_library:evaluate:302 - [Stacked Imbalance] SIGNAL: STRONG_BUY @ 2.4375 | SL=2.3395 TP=3.8375 | Regime=ACCUMULATION | Score=4.27
2026-06-05 14:16:47.756 | WARNING  | execution.order_manager:validate_signal_with_fee_filter:245 - [OrderManager] Fee filter REJECTED: Spread 0.0410% is 4.1x expected 0.0100%. Likely illiquidity. Reject.
2026-06-05 14:16:48.061 | INFO     | knowledge.strategy_library:evaluate:302 - [Absorption] SIGNAL: STRONG_BUY @ 2.4375 | SL=2.3395 TP=3.8375 | Regime=ACCUMULATION | Score=10.51
2026-06-05 14:16:48.062 | WARNING  | execution.order_manager:validate_signal_with_fee_filter:245 - [OrderManager] Fee filter REJECTED: Spread 0.0410% is 4.1x expected 0.0100%. Likely illiquidity. Reject.
2026-06-05 14:16:48.064 | INFO     | knowledge.strategy_library:evaluate:302 - [Stacked Imbalance] SIGNAL: STRONG_BUY @ 2.4375 | SL=2.3395 TP=3.8375 | Regime=ACCUMULATION | Score=4.27
2026-06-05 14:16:48.065 | WARNING  | execution.order_manager:validate_signal_with_fee_filter:245 - [OrderManager] Fee filter REJECTED: Spread 0.0410% is 4.1x expected 0.0100%. Likely illiquidity. Reject.
2026-06-05 14:16:48.453 | INFO     | knowledge.strategy_library:evaluate:302 - [Absorption] SIGNAL: STRONG_BUY @ 2.4375 | SL=2.3395 TP=3.8375 | Regime=ACCUMULATION | Score=10.46
2026-06-05 14:16:48.455 | WARNING  | execution.order_manager:validate_signal_with_fee_filter:245 - [OrderManager] Fee filter REJECTED: Spread 0.0410% is 4.1x expected 0.0100%. Likely illiquidity. Reject.
2026-06-05 14:16:48.456 | INFO     | knowledge.strategy_library:evaluate:302 - [Stacked Imbalance] SIGNAL: STRONG_BUY @ 2.4375 | SL=2.3395 TP=3.8375 | Regime=ACCUMULATION | Score=4.27
2026-06-05 14:16:48.457 | WARNING  | execution.order_manager:validate_signal_with_fee_filter:245 - [OrderManager] Fee filter REJECTED: Spread 0.0410% is 4.1x expected 0.0100%. Likely illiquidity. Reject.
2026-06-05 14:16:48.475 | INFO     | knowledge.strategy_library:evaluate:302 - [Absorption] SIGNAL: STRONG_BUY @ 2.4375 | SL=2.3395 TP=3.8375 | Regime=ACCUMULATION | Score=10.43
2026-06-05 14:16:48.476 | WARNING  | execution.order_manager:validate_signal_with_fee_filter:245 - [OrderManager] Fee filter REJECTED: Spread 0.0410% is 4.1x expected 0.0100%. Likely illiquidity. Reject.
2026-06-05 14:16:48.477 | INFO     | knowledge.strategy_library:evaluate:302 - [Stacked Imbalance] SIGNAL: STRONG_BUY @ 2.4375 | SL=2.3395 TP=3.8375 | Regime=ACCUMULATION | Score=4.27
2026-06-05 14:16:48.478 | WARNING  | execution.order_manager:validate_signal_with_fee_filter:245 - [OrderManager] Fee filter REJECTED: Spread 0.0410% is 4.1x expected 0.0100%. Likely illiquidity. Reject.
2026-06-05 14:16:48.956 | INFO     | knowledge.strategy_library:evaluate:302 - [Absorption] SIGNAL: STRONG_BUY @ 2.4375 | SL=2.3325 TP=3.9375 | Regime=ACCUMULATION | Score=10.58
2026-06-05 14:16:48.957 | WARNING  | execution.order_manager:validate_signal_with_fee_filter:245 - [OrderManager] Fee filter REJECTED: Spread 0.0410% is 4.1x expected 0.0100%. Likely illiquidity. Reject.
2026-06-05 14:16:48.958 | INFO     | knowledge.strategy_library:evaluate:302 - [Stacked Imbalance] SIGNAL: STRONG_BUY @ 2.4375 | SL=2.3325 TP=3.9375 | Regime=ACCUMULATION | Score=3.77
2026-06-05 14:16:48.959 | WARNING  | execution.order_manager:validate_signal_with_fee_filter:245 - [OrderManager] Fee filter REJECTED: Spread 0.0410% is 4.1x expected 0.0100%. Likely illiquidity. Reject.
2026-06-05 14:16:49.978 | INFO     | knowledge.strategy_library:evaluate:302 - [Absorption] SIGNAL: STRONG_BUY @ 2.4375 | SL=2.3325 TP=3.9375 | Regime=ACCUMULATION | Score=10.23
2026-06-05 14:16:49.979 | WARNING  | execution.order_manager:validate_signal_with_fee_filter:245 - [OrderManager] Fee filter REJECTED: Spread 0.0410% is 4.1x expected 0.0100%. Likely illiquidity. Reject.
2026-06-05 14:16:49.980 | INFO     | knowledge.strategy_library:evaluate:302 - [Stacked Imbalance] SIGNAL: STRONG_BUY @ 2.4375 | SL=2.3325 TP=3.9375 | Regime=ACCUMULATION | Score=3.77
2026-06-05 14:16:49.982 | WARNING  | execution.order_manager:validate_signal_with_fee_filter:245 - [OrderManager] Fee filter REJECTED: Spread 0.0410% is 4.1x expected 0.0100%. Likely illiquidity. Reject.
2026-06-05 14:16:50.071 | INFO     | knowledge.strategy_library:evaluate:302 - [Absorption] SIGNAL: STRONG_BUY @ 2.4375 | SL=2.3325 TP=3.9375 | Regime=ACCUMULATION | Score=10.46
2026-06-05 14:16:50.073 | WARNING  | execution.order_manager:validate_signal_with_fee_filter:245 - [OrderManager] Fee filter REJECTED: Spread 0.0410% is 4.1x expected 0.0100%. Likely illiquidity. Reject.
2026-06-05 14:16:50.074 | INFO     | knowledge.strategy_library:evaluate:302 - [Stacked Imbalance] SIGNAL: STRONG_BUY @ 2.4375 | SL=2.3325 TP=3.9375 | Regime=ACCUMULATION | Score=3.77
2026-06-05 14:16:50.076 | WARNING  | execution.order_manager:validate_signal_with_fee_filter:245 - [OrderManager] Fee filter REJECTED: Spread 0.0410% is 4.1x expected 0.0100%. Likely illiquidity. Reject.
2026-06-05 14:16:50.796 | INFO     | knowledge.strategy_library:evaluate:302 - [Absorption] SIGNAL: STRONG_BUY @ 2.4375 | SL=2.3325 TP=3.9375 | Regime=ACCUMULATION | Score=10.45
2026-06-05 14:16:50.797 | WARNING  | execution.order_manager:validate_signal_with_fee_filter:245 - [OrderManager] Fee filter REJECTED: Spread 0.0410% is 4.1x expected 0.0100%. Likely illiquidity. Reject.
2026-06-05 14:16:50.799 | INFO     | knowledge.strategy_library:evaluate:302 - [Stacked Imbalance] SIGNAL: STRONG_BUY @ 2.4375 | SL=2.3325 TP=3.9375 | Regime=ACCUMULATION | Score=3.77
2026-06-05 14:16:50.800 | WARNING  | execution.order_manager:validate_signal_with_fee_filter:245 - [OrderManager] Fee filter REJECTED: Spread 0.0410% is 4.1x expected 0.0100%. Likely illiquidity. Reject.
2026-06-05 14:16:50.814 | INFO     | knowledge.strategy_library:evaluate:302 - [Absorption] SIGNAL: STRONG_BUY @ 2.4375 | SL=2.3325 TP=3.9375 | Regime=ACCUMULATION | Score=10.45
2026-06-05 14:16:50.815 | WARNING  | execution.order_manager:validate_signal_with_fee_filter:245 - [OrderManager] Fee filter REJECTED: Spread 0.0410% is 4.1x expected 0.0100%. Likely illiquidity. Reject.
2026-06-05 14:16:50.816 | INFO     | knowledge.strategy_library:evaluate:302 - [Stacked Imbalance] SIGNAL: STRONG_BUY @ 2.4375 | SL=2.3325 TP=3.9375 | Regime=ACCUMULATION | Score=3.77
2026-06-05 14:16:50.818 | WARNING  | execution.order_manager:validate_signal_with_fee_filter:245 - [OrderManager] Fee filter REJECTED: Spread 0.0410% is 4.1x expected 0.0100%. Likely illiquidity. Reject.
2026-06-05 14:16:50.850 | INFO     | knowledge.strategy_library:evaluate:302 - [Absorption] SIGNAL: STRONG_BUY @ 2.4375 | SL=2.3325 TP=3.9375 | Regime=ACCUMULATION | Score=10.45
2026-06-05 14:16:50.851 | WARNING  | execution.order_manager:validate_signal_with_fee_filter:245 - [OrderManager] Fee filter REJECTED: Spread 0.0410% is 4.1x expected 0.0100%. Likely illiquidity. Reject.
2026-06-05 14:16:50.852 | INFO     | knowledge.strategy_library:evaluate:302 - [Stacked Imbalance] SIGNAL: STRONG_BUY @ 2.4375 | SL=2.3325 TP=3.9375 | Regime=ACCUMULATION | Score=3.77
2026-06-05 14:16:50.853 | WARNING  | execution.order_manager:validate_signal_with_fee_filter:245 - [OrderManager] Fee filter REJECTED: Spread 0.0410% is 4.1x expected 0.0100%. Likely illiquidity. Reject.
2026-06-05 14:16:51.051 | INFO     | knowledge.strategy_library:evaluate:302 - [Absorption] SIGNAL: STRONG_BUY @ 2.4375 | SL=2.3325 TP=3.9375 | Regime=ACCUMULATION | Score=10.45
2026-06-05 14:16:51.053 | WARNING  | execution.order_manager:validate_signal_with_fee_filter:245 - [OrderManager] Fee filter REJECTED: Spread 0.0410% is 4.1x expected 0.0100%. Likely illiquidity. Reject.
2026-06-05 14:16:51.054 | INFO     | knowledge.strategy_library:evaluate:302 - [Stacked Imbalance] SIGNAL: STRONG_BUY @ 2.4375 | SL=2.3325 TP=3.9375 | Regime=ACCUMULATION | Score=3.77
2026-06-05 14:16:51.055 | WARNING  | execution.order_manager:validate_signal_with_fee_filter:245 - [OrderManager] Fee filter REJECTED: Spread 0.0410% is 4.1x expected 0.0100%. Likely illiquidity. Reject.
2026-06-05 14:16:51.351 | INFO     | knowledge.strategy_library:evaluate:302 - [Absorption] SIGNAL: STRONG_BUY @ 2.4375 | SL=2.3325 TP=3.9375 | Regime=ACCUMULATION | Score=10.45
2026-06-05 14:16:51.352 | WARNING  | execution.order_manager:validate_signal_with_fee_filter:245 - [OrderManager] Fee filter REJECTED: Spread 0.0410% is 4.1x expected 0.0100%. Likely illiquidity. Reject.
2026-06-05 14:16:51.353 | INFO     | knowledge.strategy_library:evaluate:302 - [Stacked Imbalance] SIGNAL: STRONG_BUY @ 2.4375 | SL=2.3325 TP=3.9375 | Regime=ACCUMULATION | Score=3.77
2026-06-05 14:16:51.354 | WARNING  | execution.order_manager:validate_signal_with_fee_filter:245 - [OrderManager] Fee filter REJECTED: Spread 0.0410% is 4.1x expected 0.0100%. Likely illiquidity. Reject.
2026-06-05 14:16:51.355 | INFO     | data.exchange_connector:_process_message:423 - [WS MSGS] total=1000 depth=882 aggTrade=118 other=0
2026-06-05 14:16:51.553 | INFO     | knowledge.strategy_library:evaluate:302 - [Absorption] SIGNAL: STRONG_BUY @ 2.4375 | SL=2.3325 TP=3.9375 | Regime=ACCUMULATION | Score=10.45
2026-06-05 14:16:51.554 | WARNING  | execution.order_manager:validate_signal_with_fee_filter:245 - [OrderManager] Fee filter REJECTED: Spread 0.0410% is 4.1x expected 0.0100%. Likely illiquidity. Reject.
2026-06-05 14:16:51.555 | INFO     | knowledge.strategy_library:evaluate:302 - [Stacked Imbalance] SIGNAL: STRONG_BUY @ 2.4375 | SL=2.3325 TP=3.9375 | Regime=ACCUMULATION | Score=3.77
2026-06-05 14:16:51.556 | WARNING  | execution.order_manager:validate_signal_with_fee_filter:245 - [OrderManager] Fee filter REJECTED: Spread 0.0410% is 4.1x expected 0.0100%. Likely illiquidity. Reject.
2026-06-05 14:16:52.472 | INFO     | knowledge.strategy_library:evaluate:302 - [Absorption] SIGNAL: STRONG_BUY @ 2.4375 | SL=2.3325 TP=3.9375 | Regime=ACCUMULATION | Score=10.71
2026-06-05 14:16:52.474 | WARNING  | execution.order_manager:validate_signal_with_fee_filter:245 - [OrderManager] Fee filter REJECTED: Spread 0.0410% is 4.1x expected 0.0100%. Likely illiquidity. Reject.
2026-06-05 14:16:52.475 | INFO     | knowledge.strategy_library:evaluate:302 - [Stacked Imbalance] SIGNAL: STRONG_BUY @ 2.4375 | SL=2.3325 TP=3.9375 | Regime=ACCUMULATION | Score=3.77
2026-06-05 14:16:52.476 | WARNING  | execution.order_manager:validate_signal_with_fee_filter:245 - [OrderManager] Fee filter REJECTED: Spread 0.0410% is 4.1x expected 0.0100%. Likely illiquidity. Reject.
2026-06-05 14:16:52.553 | INFO     | knowledge.strategy_library:evaluate:302 - [Absorption] SIGNAL: STRONG_BUY @ 2.4375 | SL=2.3325 TP=3.9375 | Regime=ACCUMULATION | Score=10.71
2026-06-05 14:16:52.554 | WARNING  | execution.order_manager:validate_signal_with_fee_filter:245 - [OrderManager] Fee filter REJECTED: Spread 0.0410% is 4.1x expected 0.0100%. Likely illiquidity. Reject.
2026-06-05 14:16:52.555 | INFO     | knowledge.strategy_library:evaluate:302 - [Stacked Imbalance] SIGNAL: STRONG_BUY @ 2.4375 | SL=2.3325 TP=3.9375 | Regime=ACCUMULATION | Score=3.77
2026-06-05 14:16:52.556 | WARNING  | execution.order_manager:validate_signal_with_fee_filter:245 - [OrderManager] Fee filter REJECTED: Spread 0.0410% is 4.1x expected 0.0100%. Likely illiquidity. Reject.
2026-06-05 14:16:53.154 | INFO     | knowledge.strategy_library:evaluate:302 - [Absorption] SIGNAL: STRONG_BUY @ 2.4385 | SL=2.3335 TP=3.9385 | Regime=ACCUMULATION | Score=9.90
2026-06-05 14:16:53.156 | WARNING  | execution.order_manager:validate_signal_with_fee_filter:245 - [OrderManager] Fee filter REJECTED: Spread 0.0410% is 4.1x expected 0.0100%. Likely illiquidity. Reject.
2026-06-05 14:16:53.157 | INFO     | knowledge.strategy_library:evaluate:302 - [Stacked Imbalance] SIGNAL: BUY @ 2.4385 | SL=2.3335 TP=3.9385 | Regime=ACCUMULATION | Score=3.75
2026-06-05 14:16:53.158 | WARNING  | execution.order_manager:validate_signal_with_fee_filter:245 - [OrderManager] Fee filter REJECTED: Spread 0.0410% is 4.1x expected 0.0100%. Likely illiquidity. Reject.
2026-06-05 14:16:53.252 | INFO     | knowledge.strategy_library:evaluate:302 - [Absorption] SIGNAL: STRONG_BUY @ 2.4385 | SL=2.3335 TP=3.9385 | Regime=ACCUMULATION | Score=10.21
2026-06-05 14:16:53.254 | WARNING  | execution.order_manager:validate_signal_with_fee_filter:245 - [OrderManager] Fee filter REJECTED: Spread 0.0410% is 4.1x expected 0.0100%. Likely illiquidity. Reject.
2026-06-05 14:16:53.255 | INFO     | knowledge.strategy_library:evaluate:302 - [Stacked Imbalance] SIGNAL: BUY @ 2.4385 | SL=2.3335 TP=3.9385 | Regime=ACCUMULATION | Score=3.75
2026-06-05 14:16:53.257 | WARNING  | execution.order_manager:validate_signal_with_fee_filter:245 - [OrderManager] Fee filter REJECTED: Spread 0.0410% is 4.1x expected 0.0100%. Likely illiquidity. Reject.
2026-06-05 14:16:53.354 | INFO     | knowledge.strategy_library:evaluate:302 - [Absorption] SIGNAL: STRONG_BUY @ 2.4385 | SL=2.3335 TP=3.9385 | Regime=ACCUMULATION | Score=10.21
2026-06-05 14:16:53.355 | WARNING  | execution.order_manager:validate_signal_with_fee_filter:245 - [OrderManager] Fee filter REJECTED: Spread 0.0410% is 4.1x expected 0.0100%. Likely illiquidity. Reject.
2026-06-05 14:16:53.357 | INFO     | knowledge.strategy_library:evaluate:302 - [Stacked Imbalance] SIGNAL: BUY @ 2.4385 | SL=2.3335 TP=3.9385 | Regime=ACCUMULATION | Score=3.75
2026-06-05 14:16:53.358 | WARNING  | execution.order_manager:validate_signal_with_fee_filter:245 - [OrderManager] Fee filter REJECTED: Spread 0.0410% is 4.1x expected 0.0100%. Likely illiquidity. Reject.
2026-06-05 14:16:53.452 | INFO     | knowledge.strategy_library:evaluate:302 - [Absorption] SIGNAL: STRONG_BUY @ 2.4385 | SL=2.3335 TP=3.9385 | Regime=ACCUMULATION | Score=10.16
2026-06-05 14:16:53.453 | WARNING  | execution.order_manager:validate_signal_with_fee_filter:245 - [OrderManager] Fee filter REJECTED: Spread 0.0410% is 4.1x expected 0.0100%. Likely illiquidity. Reject.
2026-06-05 14:16:53.455 | INFO     | knowledge.strategy_library:evaluate:302 - [Stacked Imbalance] SIGNAL: BUY @ 2.4385 | SL=2.3335 TP=3.9385 | Regime=ACCUMULATION | Score=3.75
2026-06-05 14:16:53.456 | WARNING  | execution.order_manager:validate_signal_with_fee_filter:245 - [OrderManager] Fee filter REJECTED: Spread 0.0410% is 4.1x expected 0.0100%. Likely illiquidity. Reject.
2026-06-05 14:16:53.652 | INFO     | knowledge.strategy_library:evaluate:302 - [Absorption] SIGNAL: STRONG_BUY @ 2.4385 | SL=2.3335 TP=3.9385 | Regime=ACCUMULATION | Score=10.16
2026-06-05 14:16:53.654 | WARNING  | execution.order_manager:validate_signal_with_fee_filter:245 - [OrderManager] Fee filter REJECTED: Spread 0.0410% is 4.1x expected 0.0100%. Likely illiquidity. Reject.
2026-06-05 14:16:53.656 | INFO     | knowledge.strategy_library:evaluate:302 - [Stacked Imbalance] SIGNAL: BUY @ 2.4385 | SL=2.3335 TP=3.9385 | Regime=ACCUMULATION | Score=3.74
2026-06-05 14:16:53.657 | WARNING  | execution.order_manager:validate_signal_with_fee_filter:245 - [OrderManager] Fee filter REJECTED: Spread 0.0410% is 4.1x expected 0.0100%. Likely illiquidity. Reject.
2026-06-05 14:16:54.072 | INFO     | knowledge.strategy_library:evaluate:302 - [Absorption] SIGNAL: STRONG_BUY @ 2.4385 | SL=2.3335 TP=3.9385 | Regime=ACCUMULATION | Score=10.23
2026-06-05 14:16:54.073 | WARNING  | execution.order_manager:validate_signal_with_fee_filter:245 - [OrderManager] Fee filter REJECTED: Spread 0.0410% is 4.1x expected 0.0100%. Likely illiquidity. Reject.
2026-06-05 14:16:54.075 | INFO     | knowledge.strategy_library:evaluate:302 - [Stacked Imbalance] SIGNAL: BUY @ 2.4385 | SL=2.3335 TP=3.9385 | Regime=ACCUMULATION | Score=3.74
2026-06-05 14:16:54.076 | WARNING  | execution.order_manager:validate_signal_with_fee_filter:245 - [OrderManager] Fee filter REJECTED: Spread 0.0410% is 4.1x expected 0.0100%. Likely illiquidity. Reject.
2026-06-05 14:16:54.155 | INFO     | knowledge.strategy_library:evaluate:302 - [Absorption] SIGNAL: STRONG_BUY @ 2.4385 | SL=2.3335 TP=3.9385 | Regime=ACCUMULATION | Score=10.20
2026-06-05 14:16:54.157 | WARNING  | execution.order_manager:validate_signal_with_fee_filter:245 - [OrderManager] Fee filter REJECTED: Spread 0.0410% is 4.1x expected 0.0100%. Likely illiquidity. Reject.
2026-06-05 14:16:54.158 | INFO     | knowledge.strategy_library:evaluate:302 - [Stacked Imbalance] SIGNAL: BUY @ 2.4385 | SL=2.3335 TP=3.9385 | Regime=ACCUMULATION | Score=3.74
2026-06-05 14:16:54.159 | WARNING  | execution.order_manager:validate_signal_with_fee_filter:245 - [OrderManager] Fee filter REJECTED: Spread 0.0410% is 4.1x expected 0.0100%. Likely illiquidity. Reject.
2026-06-05 14:16:54.458 | INFO     | knowledge.strategy_library:evaluate:302 - [Absorption] SIGNAL: STRONG_BUY @ 2.4385 | SL=2.3335 TP=3.9385 | Regime=ACCUMULATION | Score=10.14
2026-06-05 14:16:54.460 | WARNING  | execution.order_manager:validate_signal_with_fee_filter:245 - [OrderManager] Fee filter REJECTED: Spread 0.0410% is 4.1x expected 0.0100%. Likely illiquidity. Reject.
2026-06-05 14:16:54.461 | INFO     | knowledge.strategy_library:evaluate:302 - [Stacked Imbalance] SIGNAL: BUY @ 2.4385 | SL=2.3335 TP=3.9385 | Regime=ACCUMULATION | Score=3.74
2026-06-05 14:16:54.462 | WARNING  | execution.order_manager:validate_signal_with_fee_filter:245 - [OrderManager] Fee filter REJECTED: Spread 0.0410% is 4.1x expected 0.0100%. Likely illiquidity. Reject.
2026-06-05 14:16:54.693 | INFO     | knowledge.strategy_library:evaluate:302 - [Absorption] SIGNAL: STRONG_BUY @ 2.4385 | SL=2.3335 TP=3.9385 | Regime=ACCUMULATION | Score=10.14
2026-06-05 14:16:54.695 | WARNING  | execution.order_manager:validate_signal_with_fee_filter:245 - [OrderManager] Fee filter REJECTED: Spread 0.0410% is 4.1x expected 0.0100%. Likely illiquidity. Reject.
2026-06-05 14:16:54.696 | INFO     | knowledge.strategy_library:evaluate:302 - [Stacked Imbalance] SIGNAL: BUY @ 2.4385 | SL=2.3335 TP=3.9385 | Regime=ACCUMULATION | Score=3.74
2026-06-05 14:16:54.698 | WARNING  | execution.order_manager:validate_signal_with_fee_filter:245 - [OrderManager] Fee filter REJECTED: Spread 0.0410% is 4.1x expected 0.0100%. Likely illiquidity. Reject.
2026-06-05 14:16:55.854 | INFO     | knowledge.strategy_library:evaluate:302 - [Absorption] SIGNAL: STRONG_BUY @ 2.4385 | SL=2.3335 TP=3.9385 | Regime=ACCUMULATION | Score=10.14
2026-06-05 14:16:55.855 | WARNING  | execution.order_manager:validate_signal_with_fee_filter:245 - [OrderManager] Fee filter REJECTED: Spread 0.0410% is 4.1x expected 0.0100%. Likely illiquidity. Reject.
2026-06-05 14:16:55.856 | INFO     | knowledge.strategy_library:evaluate:302 - [Stacked Imbalance] SIGNAL: BUY @ 2.4385 | SL=2.3335 TP=3.9385 | Regime=ACCUMULATION | Score=3.74
2026-06-05 14:16:55.858 | WARNING  | execution.order_manager:validate_signal_with_fee_filter:245 - [OrderManager] Fee filter REJECTED: Spread 0.0410% is 4.1x expected 0.0100%. Likely illiquidity. Reject.
2026-06-05 14:16:56.153 | INFO     | knowledge.strategy_library:evaluate:302 - [Absorption] SIGNAL: STRONG_BUY @ 2.4385 | SL=2.3335 TP=3.9385 | Regime=ACCUMULATION | Score=10.14
2026-06-05 14:16:56.155 | WARNING  | execution.order_manager:validate_signal_with_fee_filter:245 - [OrderManager] Fee filter REJECTED: Spread 0.0410% is 4.1x expected 0.0100%. Likely illiquidity. Reject.
2026-06-05 14:16:56.157 | INFO     | knowledge.strategy_library:evaluate:302 - [Stacked Imbalance] SIGNAL: BUY @ 2.4385 | SL=2.3335 TP=3.9385 | Regime=ACCUMULATION | Score=3.74
2026-06-05 14:16:56.158 | WARNING  | execution.order_manager:validate_signal_with_fee_filter:245 - [OrderManager] Fee filter REJECTED: Spread 0.0410% is 4.1x expected 0.0100%. Likely illiquidity. Reject.
2026-06-05 14:16:56.450 | INFO     | knowledge.strategy_library:evaluate:302 - [Absorption] SIGNAL: STRONG_BUY @ 2.4385 | SL=2.3335 TP=3.9385 | Regime=ACCUMULATION | Score=10.09
2026-06-05 14:16:56.452 | WARNING  | execution.order_manager:validate_signal_with_fee_filter:245 - [OrderManager] Fee filter REJECTED: Spread 0.0410% is 4.1x expected 0.0100%. Likely illiquidity. Reject.
2026-06-05 14:16:56.453 | INFO     | knowledge.strategy_library:evaluate:302 - [Stacked Imbalance] SIGNAL: BUY @ 2.4385 | SL=2.3335 TP=3.9385 | Regime=ACCUMULATION | Score=3.74
2026-06-05 14:16:56.454 | WARNING  | execution.order_manager:validate_signal_with_fee_filter:245 - [OrderManager] Fee filter REJECTED: Spread 0.0410% is 4.1x expected 0.0100%. Likely illiquidity. Reject.
2026-06-05 14:16:56.555 | INFO     | knowledge.strategy_library:evaluate:302 - [Absorption] SIGNAL: STRONG_BUY @ 2.4385 | SL=2.3335 TP=3.9385 | Regime=ACCUMULATION | Score=9.47
2026-06-05 14:16:56.556 | WARNING  | execution.order_manager:validate_signal_with_fee_filter:245 - [OrderManager] Fee filter REJECTED: Spread 0.0410% is 4.1x expected 0.0100%. Likely illiquidity. Reject.
2026-06-05 14:16:56.557 | INFO     | knowledge.strategy_library:evaluate:302 - [Stacked Imbalance] SIGNAL: BUY @ 2.4385 | SL=2.3335 TP=3.9385 | Regime=ACCUMULATION | Score=3.74
2026-06-05 14:16:56.559 | WARNING  | execution.order_manager:validate_signal_with_fee_filter:245 - [OrderManager] Fee filter REJECTED: Spread 0.0410% is 4.1x expected 0.0100%. Likely illiquidity. Reject.
2026-06-05 14:16:56.653 | INFO     | knowledge.strategy_library:evaluate:302 - [Absorption] SIGNAL: STRONG_BUY @ 2.4380 | SL=2.3330 TP=3.9380 | Regime=ACCUMULATION | Score=10.18
2026-06-05 14:16:56.654 | WARNING  | execution.order_manager:validate_signal_with_fee_filter:245 - [OrderManager] Fee filter REJECTED: Spread 0.0820% is 8.2x expected 0.0100%. Likely illiquidity. Reject.
2026-06-05 14:16:56.655 | INFO     | knowledge.strategy_library:evaluate:302 - [Stacked Imbalance] SIGNAL: BUY @ 2.4380 | SL=2.3330 TP=3.9380 | Regime=ACCUMULATION | Score=3.74
2026-06-05 14:16:56.657 | WARNING  | execution.order_manager:validate_signal_with_fee_filter:245 - [OrderManager] Fee filter REJECTED: Spread 0.0820% is 8.2x expected 0.0100%. Likely illiquidity. Reject.
2026-06-05 14:16:56.749 | INFO     | knowledge.strategy_library:evaluate:302 - [Absorption] SIGNAL: STRONG_BUY @ 2.4380 | SL=2.3330 TP=3.9380 | Regime=ACCUMULATION | Score=10.47
2026-06-05 14:16:56.750 | WARNING  | execution.order_manager:validate_signal_with_fee_filter:245 - [OrderManager] Fee filter REJECTED: Spread 0.0820% is 8.2x expected 0.0100%. Likely illiquidity. Reject.
2026-06-05 14:16:56.752 | INFO     | knowledge.strategy_library:evaluate:302 - [Stacked Imbalance] SIGNAL: BUY @ 2.4380 | SL=2.3330 TP=3.9380 | Regime=ACCUMULATION | Score=3.74
2026-06-05 14:16:56.754 | WARNING  | execution.order_manager:validate_signal_with_fee_filter:245 - [OrderManager] Fee filter REJECTED: Spread 0.0820% is 8.2x expected 0.0100%. Likely illiquidity. Reject.
2026-06-05 14:16:56.952 | INFO     | knowledge.strategy_library:evaluate:302 - [Absorption] SIGNAL: STRONG_BUY @ 2.4380 | SL=2.3400 TP=3.8380 | Regime=ACCUMULATION | Score=10.46
2026-06-05 14:16:56.954 | WARNING  | execution.order_manager:validate_signal_with_fee_filter:245 - [OrderManager] Fee filter REJECTED: Spread 0.0820% is 8.2x expected 0.0100%. Likely illiquidity. Reject.
2026-06-05 14:16:56.955 | INFO     | knowledge.strategy_library:evaluate:302 - [Stacked Imbalance] SIGNAL: STRONG_BUY @ 2.4380 | SL=2.3400 TP=3.8380 | Regime=ACCUMULATION | Score=3.78
2026-06-05 14:16:56.957 | WARNING  | execution.order_manager:validate_signal_with_fee_filter:245 - [OrderManager] Fee filter REJECTED: Spread 0.0820% is 8.2x expected 0.0100%. Likely illiquidity. Reject.
2026-06-05 14:16:57.254 | INFO     | knowledge.strategy_library:evaluate:302 - [Absorption] SIGNAL: STRONG_BUY @ 2.4380 | SL=2.3400 TP=3.8380 | Regime=ACCUMULATION | Score=10.46
2026-06-05 14:16:57.256 | WARNING  | execution.order_manager:validate_signal_with_fee_filter:245 - [OrderManager] Fee filter REJECTED: Spread 0.0820% is 8.2x expected 0.0100%. Likely illiquidity. Reject.
2026-06-05 14:16:57.257 | INFO     | knowledge.strategy_library:evaluate:302 - [Stacked Imbalance] SIGNAL: STRONG_BUY @ 2.4380 | SL=2.3400 TP=3.8380 | Regime=ACCUMULATION | Score=3.78
2026-06-05 14:16:57.258 | WARNING  | execution.order_manager:validate_signal_with_fee_filter:245 - [OrderManager] Fee filter REJECTED: Spread 0.0820% is 8.2x expected 0.0100%. Likely illiquidity. Reject.
2026-06-05 14:16:57.450 | INFO     | knowledge.strategy_library:evaluate:302 - [Absorption] SIGNAL: STRONG_BUY @ 2.4380 | SL=2.3400 TP=3.8380 | Regime=ACCUMULATION | Score=10.46
2026-06-05 14:16:57.451 | WARNING  | execution.order_manager:validate_signal_with_fee_filter:245 - [OrderManager] Fee filter REJECTED: Spread 0.0820% is 8.2x expected 0.0100%. Likely illiquidity. Reject.
2026-06-05 14:16:57.453 | INFO     | knowledge.strategy_library:evaluate:302 - [Stacked Imbalance] SIGNAL: STRONG_BUY @ 2.4380 | SL=2.3400 TP=3.8380 | Regime=ACCUMULATION | Score=3.78
2026-06-05 14:16:57.454 | WARNING  | execution.order_manager:validate_signal_with_fee_filter:245 - [OrderManager] Fee filter REJECTED: Spread 0.0820% is 8.2x expected 0.0100%. Likely illiquidity. Reject.
2026-06-05 14:16:57.563 | INFO     | knowledge.strategy_library:evaluate:302 - [Absorption] SIGNAL: STRONG_BUY @ 2.4380 | SL=2.3400 TP=3.8380 | Regime=ACCUMULATION | Score=10.46
2026-06-05 14:16:57.565 | WARNING  | execution.order_manager:validate_signal_with_fee_filter:245 - [OrderManager] Fee filter REJECTED: Spread 0.0820% is 8.2x expected 0.0100%. Likely illiquidity. Reject.
2026-06-05 14:16:57.566 | INFO     | knowledge.strategy_library:evaluate:302 - [Stacked Imbalance] SIGNAL: STRONG_BUY @ 2.4380 | SL=2.3400 TP=3.8380 | Regime=ACCUMULATION | Score=3.78
2026-06-05 14:16:57.567 | WARNING  | execution.order_manager:validate_signal_with_fee_filter:245 - [OrderManager] Fee filter REJECTED: Spread 0.0820% is 8.2x expected 0.0100%. Likely illiquidity. Reject.
2026-06-05 14:16:57.750 | INFO     | knowledge.strategy_library:evaluate:302 - [Absorption] SIGNAL: STRONG_BUY @ 2.4380 | SL=2.3400 TP=3.8380 | Regime=ACCUMULATION | Score=10.46
2026-06-05 14:16:57.752 | WARNING  | execution.order_manager:validate_signal_with_fee_filter:245 - [OrderManager] Fee filter REJECTED: Spread 0.0820% is 8.2x expected 0.0100%. Likely illiquidity. Reject.
2026-06-05 14:16:57.753 | INFO     | knowledge.strategy_library:evaluate:302 - [Stacked Imbalance] SIGNAL: STRONG_BUY @ 2.4380 | SL=2.3400 TP=3.8380 | Regime=ACCUMULATION | Score=3.78
2026-06-05 14:16:57.754 | WARNING  | execution.order_manager:validate_signal_with_fee_filter:245 - [OrderManager] Fee filter REJECTED: Spread 0.0820% is 8.2x expected 0.0100%. Likely illiquidity. Reject.
2026-06-05 14:16:58.072 | INFO     | knowledge.strategy_library:evaluate:302 - [Absorption] SIGNAL: STRONG_BUY @ 2.4380 | SL=2.3400 TP=3.8380 | Regime=ACCUMULATION | Score=10.46
2026-06-05 14:16:58.073 | WARNING  | execution.order_manager:validate_signal_with_fee_filter:245 - [OrderManager] Fee filter REJECTED: Spread 0.0820% is 8.2x expected 0.0100%. Likely illiquidity. Reject.
2026-06-05 14:16:58.074 | INFO     | knowledge.strategy_library:evaluate:302 - [Stacked Imbalance] SIGNAL: STRONG_BUY @ 2.4380 | SL=2.3400 TP=3.8380 | Regime=ACCUMULATION | Score=3.78
2026-06-05 14:16:58.075 | WARNING  | execution.order_manager:validate_signal_with_fee_filter:245 - [OrderManager] Fee filter REJECTED: Spread 0.0820% is 8.2x expected 0.0100%. Likely illiquidity. Reject.
2026-06-05 14:16:58.686 | INFO     | knowledge.strategy_library:evaluate:302 - [Absorption] SIGNAL: STRONG_BUY @ 2.4380 | SL=2.3400 TP=3.8380 | Regime=ACCUMULATION | Score=10.46
2026-06-05 14:16:58.688 | WARNING  | execution.order_manager:validate_signal_with_fee_filter:245 - [OrderManager] Fee filter REJECTED: Spread 0.0820% is 8.2x expected 0.0100%. Likely illiquidity. Reject.
2026-06-05 14:16:58.689 | INFO     | knowledge.strategy_library:evaluate:302 - [Stacked Imbalance] SIGNAL: STRONG_BUY @ 2.4380 | SL=2.3400 TP=3.8380 | Regime=ACCUMULATION | Score=3.78
2026-06-05 14:16:58.690 | WARNING  | execution.order_manager:validate_signal_with_fee_filter:245 - [OrderManager] Fee filter REJECTED: Spread 0.0820% is 8.2x expected 0.0100%. Likely illiquidity. Reject.
2026-06-05 14:16:59.403 | INFO     | knowledge.strategy_library:evaluate:302 - [Absorption] SIGNAL: STRONG_BUY @ 2.4380 | SL=2.3400 TP=3.8380 | Regime=ACCUMULATION | Score=10.74
2026-06-05 14:16:59.405 | WARNING  | execution.order_manager:validate_signal_with_fee_filter:245 - [OrderManager] Fee filter REJECTED: Spread 0.0820% is 8.2x expected 0.0100%. Likely illiquidity. Reject.
2026-06-05 14:16:59.406 | INFO     | knowledge.strategy_library:evaluate:302 - [Stacked Imbalance] SIGNAL: STRONG_BUY @ 2.4380 | SL=2.3400 TP=3.8380 | Regime=ACCUMULATION | Score=3.78
2026-06-05 14:16:59.407 | WARNING  | execution.order_manager:validate_signal_with_fee_filter:245 - [OrderManager] Fee filter REJECTED: Spread 0.0820% is 8.2x expected 0.0100%. Likely illiquidity. Reject.
2026-06-05 14:16:59.460 | INFO     | knowledge.strategy_library:evaluate:302 - [Absorption] SIGNAL: STRONG_BUY @ 2.4375 | SL=2.3395 TP=3.8375 | Regime=ACCUMULATION | Score=11.28
2026-06-05 14:16:59.462 | WARNING  | execution.order_manager:validate_signal_with_fee_filter:245 - [OrderManager] Fee filter REJECTED: Spread 0.0410% is 4.1x expected 0.0100%. Likely illiquidity. Reject.
2026-06-05 14:16:59.463 | INFO     | knowledge.strategy_library:evaluate:302 - [Stacked Imbalance] SIGNAL: STRONG_BUY @ 2.4375 | SL=2.3395 TP=3.8375 | Regime=ACCUMULATION | Score=3.78
2026-06-05 14:16:59.464 | WARNING  | execution.order_manager:validate_signal_with_fee_filter:245 - [OrderManager] Fee filter REJECTED: Spread 0.0410% is 4.1x expected 0.0100%. Likely illiquidity. Reject.
2026-06-05 14:16:59.554 | INFO     | knowledge.strategy_library:evaluate:302 - [Absorption] SIGNAL: STRONG_BUY @ 2.4375 | SL=2.3395 TP=3.8375 | Regime=ACCUMULATION | Score=11.28
2026-06-05 14:16:59.556 | WARNING  | execution.order_manager:validate_signal_with_fee_filter:245 - [OrderManager] Fee filter REJECTED: Spread 0.0410% is 4.1x expected 0.0100%. Likely illiquidity. Reject.
2026-06-05 14:16:59.559 | INFO     | knowledge.strategy_library:evaluate:302 - [Stacked Imbalance] SIGNAL: STRONG_BUY @ 2.4375 | SL=2.3395 TP=3.8375 | Regime=ACCUMULATION | Score=3.78
2026-06-05 14:16:59.560 | WARNING  | execution.order_manager:validate_signal_with_fee_filter:245 - [OrderManager] Fee filter REJECTED: Spread 0.0410% is 4.1x expected 0.0100%. Likely illiquidity. Reject.
2026-06-05 14:17:00.060 | INFO     | knowledge.strategy_library:evaluate:302 - [Absorption] SIGNAL: STRONG_BUY @ 2.4385 | SL=2.3405 TP=3.8385 | Regime=ACCUMULATION | Score=10.39
2026-06-05 14:17:00.061 | WARNING  | execution.order_manager:validate_signal_with_fee_filter:245 - [OrderManager] Fee filter REJECTED: Spread 0.0410% is 4.1x expected 0.0100%. Likely illiquidity. Reject.
2026-06-05 14:17:00.153 | INFO     | knowledge.strategy_library:evaluate:302 - [Absorption] SIGNAL: STRONG_BUY @ 2.4385 | SL=2.3405 TP=3.8385 | Regime=ACCUMULATION | Score=10.26
2026-06-05 14:17:00.154 | WARNING  | execution.order_manager:validate_signal_with_fee_filter:245 - [OrderManager] Fee filter REJECTED: Spread 0.0410% is 4.1x expected 0.0100%. Likely illiquidity. Reject.
2026-06-05 14:17:01.034 | INFO     | knowledge.strategy_library:evaluate:302 - [Absorption] SIGNAL: STRONG_BUY @ 2.4385 | SL=2.3405 TP=3.8385 | Regime=ACCUMULATION | Score=10.19
2026-06-05 14:17:01.035 | WARNING  | execution.order_manager:validate_signal_with_fee_filter:245 - [OrderManager] Fee filter REJECTED: Spread 0.0410% is 4.1x expected 0.0100%. Likely illiquidity. Reject.
2026-06-05 14:17:01.057 | INFO     | knowledge.strategy_library:evaluate:302 - [Absorption] SIGNAL: STRONG_BUY @ 2.4380 | SL=2.3400 TP=3.8380 | Regime=ACCUMULATION | Score=11.98
2026-06-05 14:17:01.057 | WARNING  | execution.order_manager:validate_signal_with_fee_filter:245 - [OrderManager] Fee filter REJECTED: Spread 0.0820% is 8.2x expected 0.0100%. Likely illiquidity. Reject.
2026-06-05 14:17:01.159 | INFO     | knowledge.strategy_library:evaluate:302 - [Absorption] SIGNAL: STRONG_BUY @ 2.4385 | SL=2.3405 TP=3.8385 | Regime=ACCUMULATION | Score=11.48
2026-06-05 14:17:01.160 | WARNING  | execution.order_manager:validate_signal_with_fee_filter:245 - [OrderManager] Fee filter REJECTED: Spread 0.0410% is 4.1x expected 0.0100%. Likely illiquidity. Reject.
2026-06-05 14:17:01.254 | INFO     | knowledge.strategy_library:evaluate:302 - [Absorption] SIGNAL: STRONG_BUY @ 2.4395 | SL=2.3345 TP=3.9395 | Regime=ACCUMULATION | Score=11.48
2026-06-05 14:17:01.255 | WARNING  | execution.order_manager:validate_signal_with_fee_filter:245 - [OrderManager] Fee filter REJECTED: Spread 0.0410% is 4.1x expected 0.0100%. Likely illiquidity. Reject.
2026-06-05 14:17:01.356 | INFO     | knowledge.strategy_library:evaluate:302 - [Absorption] SIGNAL: STRONG_BUY @ 2.4395 | SL=2.3345 TP=3.9395 | Regime=ACCUMULATION | Score=11.48
2026-06-05 14:17:01.357 | WARNING  | execution.order_manager:validate_signal_with_fee_filter:245 - [OrderManager] Fee filter REJECTED: Spread 0.0410% is 4.1x expected 0.0100%. Likely illiquidity. Reject.
2026-06-05 14:17:01.455 | INFO     | knowledge.strategy_library:evaluate:302 - [Absorption] SIGNAL: STRONG_BUY @ 2.4395 | SL=2.3345 TP=3.9395 | Regime=ACCUMULATION | Score=11.48
2026-06-05 14:17:01.464 | WARNING  | execution.order_manager:validate_signal_with_fee_filter:245 - [OrderManager] Fee filter REJECTED: Spread 0.0410% is 4.1x expected 0.0100%. Likely illiquidity. Reject.
2026-06-05 14:17:01.554 | INFO     | knowledge.strategy_library:evaluate:302 - [Absorption] SIGNAL: STRONG_BUY @ 2.4395 | SL=2.3345 TP=3.9395 | Regime=ACCUMULATION | Score=11.48
2026-06-05 14:17:01.555 | WARNING  | execution.order_manager:validate_signal_with_fee_filter:245 - [OrderManager] Fee filter REJECTED: Spread 0.0410% is 4.1x expected 0.0100%. Likely illiquidity. Reject.
2026-06-05 14:17:01.664 | INFO     | knowledge.strategy_library:evaluate:302 - [Absorption] SIGNAL: STRONG_BUY @ 2.4395 | SL=2.3345 TP=3.9395 | Regime=ACCUMULATION | Score=11.48
2026-06-05 14:17:01.666 | WARNING  | execution.order_manager:validate_signal_with_fee_filter:245 - [OrderManager] Fee filter REJECTED: Spread 0.0410% is 4.1x expected 0.0100%. Likely illiquidity. Reject.
2026-06-05 14:17:01.750 | INFO     | knowledge.strategy_library:evaluate:302 - [Absorption] SIGNAL: STRONG_BUY @ 2.4385 | SL=2.3335 TP=3.9385 | Regime=ACCUMULATION | Score=11.49
2026-06-05 14:17:01.751 | WARNING  | execution.order_manager:validate_signal_with_fee_filter:245 - [OrderManager] Fee filter REJECTED: Spread 0.0410% is 4.1x expected 0.0100%. Likely illiquidity. Reject.
2026-06-05 14:17:01.855 | INFO     | knowledge.strategy_library:evaluate:302 - [Absorption] SIGNAL: STRONG_BUY @ 2.4385 | SL=2.3335 TP=3.9385 | Regime=ACCUMULATION | Score=11.49
2026-06-05 14:17:01.856 | WARNING  | execution.order_manager:validate_signal_with_fee_filter:245 - [OrderManager] Fee filter REJECTED: Spread 0.0410% is 4.1x expected 0.0100%. Likely illiquidity. Reject.
2026-06-05 14:17:02.172 | INFO     | knowledge.strategy_library:evaluate:302 - [Absorption] SIGNAL: STRONG_BUY @ 2.4375 | SL=2.3325 TP=3.9375 | Regime=ACCUMULATION | Score=10.30
2026-06-05 14:17:02.173 | WARNING  | execution.order_manager:validate_signal_with_fee_filter:245 - [OrderManager] Fee filter REJECTED: Spread 0.0410% is 4.1x expected 0.0100%. Likely illiquidity. Reject.
2026-06-05 14:17:02.259 | INFO     | knowledge.strategy_library:evaluate:302 - [Absorption] SIGNAL: STRONG_BUY @ 2.4365 | SL=2.3315 TP=3.9365 | Regime=ACCUMULATION | Score=7.79
2026-06-05 14:17:02.260 | WARNING  | execution.order_manager:validate_signal_with_fee_filter:245 - [OrderManager] Fee filter REJECTED: Spread 0.0410% is 4.1x expected 0.0100%. Likely illiquidity. Reject.
2026-06-05 14:17:02.355 | INFO     | knowledge.strategy_library:evaluate:302 - [Absorption] SIGNAL: STRONG_BUY @ 2.4355 | SL=2.3305 TP=3.9355 | Regime=ACCUMULATION | Score=6.38
2026-06-05 14:17:02.356 | WARNING  | execution.order_manager:validate_signal_with_fee_filter:245 - [OrderManager] Fee filter REJECTED: Spread 0.0411% is 4.1x expected 0.0100%. Likely illiquidity. Reject.
2026-06-05 14:17:02.455 | INFO     | knowledge.strategy_library:evaluate:302 - [Absorption] SIGNAL: STRONG_BUY @ 2.4365 | SL=2.3315 TP=3.9365 | Regime=ACCUMULATION | Score=7.07
2026-06-05 14:17:02.456 | WARNING  | execution.order_manager:validate_signal_with_fee_filter:245 - [OrderManager] Fee filter REJECTED: Spread 0.0410% is 4.1x expected 0.0100%. Likely illiquidity. Reject.
2026-06-05 14:17:02.558 | INFO     | knowledge.strategy_library:evaluate:302 - [Absorption] SIGNAL: STRONG_BUY @ 2.4365 | SL=2.3315 TP=3.9365 | Regime=ACCUMULATION | Score=6.09
2026-06-05 14:17:02.559 | WARNING  | execution.order_manager:validate_signal_with_fee_filter:245 - [OrderManager] Fee filter REJECTED: Spread 0.0410% is 4.1x expected 0.0100%. Likely illiquidity. Reject.
2026-06-05 14:17:02.655 | INFO     | knowledge.strategy_library:evaluate:302 - [Absorption] SIGNAL: STRONG_BUY @ 2.4365 | SL=2.3315 TP=3.9365 | Regime=ACCUMULATION | Score=6.09
2026-06-05 14:17:02.656 | WARNING  | execution.order_manager:validate_signal_with_fee_filter:245 - [OrderManager] Fee filter REJECTED: Spread 0.0410% is 4.1x expected 0.0100%. Likely illiquidity. Reject.
2026-06-05 14:17:02.765 | INFO     | knowledge.strategy_library:evaluate:302 - [Absorption] SIGNAL: STRONG_BUY @ 2.4375 | SL=2.3325 TP=3.9375 | Regime=ACCUMULATION | Score=6.09
2026-06-05 14:17:02.768 | WARNING  | execution.order_manager:validate_signal_with_fee_filter:245 - [OrderManager] Fee filter REJECTED: Spread 0.0410% is 4.1x expected 0.0100%. Likely illiquidity. Reject.
2026-06-05 14:17:02.858 | INFO     | knowledge.strategy_library:evaluate:302 - [Absorption] SIGNAL: STRONG_BUY @ 2.4375 | SL=2.3325 TP=3.9375 | Regime=ACCUMULATION | Score=6.09
2026-06-05 14:17:02.859 | WARNING  | execution.order_manager:validate_signal_with_fee_filter:245 - [OrderManager] Fee filter REJECTED: Spread 0.0410% is 4.1x expected 0.0100%. Likely illiquidity. Reject.
2026-06-05 14:17:02.952 | INFO     | knowledge.strategy_library:evaluate:302 - [Absorption] SIGNAL: STRONG_BUY @ 2.4365 | SL=2.3315 TP=3.9365 | Regime=ACCUMULATION | Score=6.79
2026-06-05 14:17:02.953 | WARNING  | execution.order_manager:validate_signal_with_fee_filter:245 - [OrderManager] Fee filter REJECTED: Spread 0.0410% is 4.1x expected 0.0100%. Likely illiquidity. Reject.
2026-06-05 14:17:03.056 | INFO     | knowledge.strategy_library:evaluate:302 - [Absorption] SIGNAL: STRONG_BUY @ 2.4365 | SL=2.3315 TP=3.9365 | Regime=ACCUMULATION | Score=6.79
2026-06-05 14:17:03.058 | WARNING  | execution.order_manager:validate_signal_with_fee_filter:245 - [OrderManager] Fee filter REJECTED: Spread 0.0410% is 4.1x expected 0.0100%. Likely illiquidity. Reject.
2026-06-05 14:17:03.153 | INFO     | knowledge.strategy_library:evaluate:302 - [Absorption] SIGNAL: STRONG_BUY @ 2.4365 | SL=2.3315 TP=3.9365 | Regime=ACCUMULATION | Score=6.50
2026-06-05 14:17:03.155 | WARNING  | execution.order_manager:validate_signal_with_fee_filter:245 - [OrderManager] Fee filter REJECTED: Spread 0.0410% is 4.1x expected 0.0100%. Likely illiquidity. Reject.
2026-06-05 14:17:03.255 | INFO     | knowledge.strategy_library:evaluate:302 - [Absorption] SIGNAL: STRONG_BUY @ 2.4365 | SL=2.3385 TP=3.8365 | Regime=ACCUMULATION | Score=6.39
2026-06-05 14:17:03.257 | WARNING  | execution.order_manager:validate_signal_with_fee_filter:245 - [OrderManager] Fee filter REJECTED: Spread 0.0410% is 4.1x expected 0.0100%. Likely illiquidity. Reject.
2026-06-05 14:17:03.457 | INFO     | knowledge.strategy_library:evaluate:302 - [Absorption] SIGNAL: STRONG_BUY @ 2.4365 | SL=2.3385 TP=3.8365 | Regime=ACCUMULATION | Score=6.42
2026-06-05 14:17:03.459 | WARNING  | execution.order_manager:validate_signal_with_fee_filter:245 - [OrderManager] Fee filter REJECTED: Spread 0.0410% is 4.1x expected 0.0100%. Likely illiquidity. Reject.
2026-06-05 14:17:03.602 | INFO     | knowledge.strategy_library:evaluate:302 - [Absorption] SIGNAL: STRONG_BUY @ 2.4370 | SL=2.3390 TP=3.8370 | Regime=ACCUMULATION | Score=6.25
2026-06-05 14:17:03.611 | WARNING  | execution.order_manager:validate_signal_with_fee_filter:245 - [OrderManager] Fee filter REJECTED: Spread 0.0821% is 8.2x expected 0.0100%. Likely illiquidity. Reject.
2026-06-05 14:17:03.660 | INFO     | knowledge.strategy_library:evaluate:302 - [Absorption] SIGNAL: STRONG_BUY @ 2.4365 | SL=2.3385 TP=3.8365 | Regime=ACCUMULATION | Score=6.39
2026-06-05 14:17:03.662 | WARNING  | execution.order_manager:validate_signal_with_fee_filter:245 - [OrderManager] Fee filter REJECTED: Spread 0.0410% is 4.1x expected 0.0100%. Likely illiquidity. Reject.
2026-06-05 14:17:03.864 | INFO     | knowledge.strategy_library:evaluate:302 - [Absorption] SIGNAL: STRONG_BUY @ 2.4375 | SL=2.3395 TP=3.8375 | Regime=ACCUMULATION | Score=8.54
2026-06-05 14:17:03.866 | WARNING  | execution.order_manager:validate_signal_with_fee_filter:245 - [OrderManager] Fee filter REJECTED: Spread 0.0410% is 4.1x expected 0.0100%. Likely illiquidity. Reject.
2026-06-05 14:17:04.048 | INFO     | knowledge.strategy_library:evaluate:302 - [Absorption] SIGNAL: STRONG_BUY @ 2.4390 | SL=2.3410 TP=3.8390 | Regime=ACCUMULATION | Score=10.21
2026-06-05 14:17:04.049 | WARNING  | execution.order_manager:validate_signal_with_fee_filter:245 - [OrderManager] Fee filter REJECTED: Spread 0.0820% is 8.2x expected 0.0100%. Likely illiquidity. Reject.
2026-06-05 14:17:04.136 | INFO     | knowledge.strategy_library:evaluate:302 - [Absorption] SIGNAL: STRONG_BUY @ 2.4395 | SL=2.3415 TP=3.8395 | Regime=ACCUMULATION | Score=10.21
2026-06-05 14:17:04.138 | WARNING  | execution.order_manager:validate_signal_with_fee_filter:245 - [OrderManager] Fee filter REJECTED: Spread 0.0410% is 4.1x expected 0.0100%. Likely illiquidity. Reject.
2026-06-05 14:17:04.216 | INFO     | knowledge.strategy_library:evaluate:302 - [Absorption] SIGNAL: STRONG_BUY @ 2.4395 | SL=2.3415 TP=3.8395 | Regime=ACCUMULATION | Score=10.21
2026-06-05 14:17:04.217 | WARNING  | execution.order_manager:validate_signal_with_fee_filter:245 - [OrderManager] Fee filter REJECTED: Spread 0.0410% is 4.1x expected 0.0100%. Likely illiquidity. Reject.
2026-06-05 14:17:04.287 | INFO     | knowledge.strategy_library:evaluate:302 - [Absorption] SIGNAL: STRONG_BUY @ 2.4395 | SL=2.3415 TP=3.8395 | Regime=ACCUMULATION | Score=10.21
2026-06-05 14:17:04.288 | WARNING  | execution.order_manager:validate_signal_with_fee_filter:245 - [OrderManager] Fee filter REJECTED: Spread 0.0410% is 4.1x expected 0.0100%. Likely illiquidity. Reject.
2026-06-05 14:17:04.363 | INFO     | knowledge.strategy_library:evaluate:302 - [Absorption] SIGNAL: STRONG_BUY @ 2.4405 | SL=2.3355 TP=3.9405 | Regime=ACCUMULATION | Score=10.19
2026-06-05 14:17:04.365 | WARNING  | execution.order_manager:validate_signal_with_fee_filter:245 - [OrderManager] Fee filter REJECTED: Spread 0.0410% is 4.1x expected 0.0100%. Likely illiquidity. Reject.
2026-06-05 14:17:04.464 | INFO     | knowledge.strategy_library:evaluate:302 - [Absorption] SIGNAL: STRONG_BUY @ 2.4405 | SL=2.3355 TP=3.9405 | Regime=ACCUMULATION | Score=10.08
2026-06-05 14:17:04.466 | WARNING  | execution.order_manager:validate_signal_with_fee_filter:245 - [OrderManager] Fee filter REJECTED: Spread 0.0410% is 4.1x expected 0.0100%. Likely illiquidity. Reject.
2026-06-05 14:17:04.557 | INFO     | knowledge.strategy_library:evaluate:302 - [Absorption] SIGNAL: STRONG_BUY @ 2.4405 | SL=2.3355 TP=3.9405 | Regime=ACCUMULATION | Score=9.95
2026-06-05 14:17:04.558 | WARNING  | execution.order_manager:validate_signal_with_fee_filter:245 - [OrderManager] Fee filter REJECTED: Spread 0.0410% is 4.1x expected 0.0100%. Likely illiquidity. Reject.
2026-06-05 14:17:04.664 | INFO     | knowledge.strategy_library:evaluate:302 - [Absorption] SIGNAL: STRONG_BUY @ 2.4395 | SL=2.3345 TP=3.9395 | Regime=ACCUMULATION | Score=8.48
2026-06-05 14:17:04.665 | WARNING  | execution.order_manager:validate_signal_with_fee_filter:245 - [OrderManager] Fee filter REJECTED: Spread 0.0410% is 4.1x expected 0.0100%. Likely illiquidity. Reject.
2026-06-05 14:17:04.765 | INFO     | knowledge.strategy_library:evaluate:302 - [Absorption] SIGNAL: STRONG_BUY @ 2.4395 | SL=2.3345 TP=3.9395 | Regime=ACCUMULATION | Score=8.22
2026-06-05 14:17:04.766 | WARNING  | execution.order_manager:validate_signal_with_fee_filter:245 - [OrderManager] Fee filter REJECTED: Spread 0.0410% is 4.1x expected 0.0100%. Likely illiquidity. Reject.
2026-06-05 14:17:04.856 | INFO     | knowledge.strategy_library:evaluate:302 - [Absorption] SIGNAL: STRONG_BUY @ 2.4395 | SL=2.3345 TP=3.9395 | Regime=ACCUMULATION | Score=8.22
2026-06-05 14:17:04.858 | WARNING  | execution.order_manager:validate_signal_with_fee_filter:245 - [OrderManager] Fee filter REJECTED: Spread 0.0410% is 4.1x expected 0.0100%. Likely illiquidity. Reject.
2026-06-05 14:17:04.953 | INFO     | knowledge.strategy_library:evaluate:302 - [Absorption] SIGNAL: STRONG_BUY @ 2.4395 | SL=2.3345 TP=3.9395 | Regime=ACCUMULATION | Score=8.22
2026-06-05 14:17:04.953 | WARNING  | execution.order_manager:validate_signal_with_fee_filter:245 - [OrderManager] Fee filter REJECTED: Spread 0.0410% is 4.1x expected 0.0100%. Likely illiquidity. Reject.
2026-06-05 14:17:05.063 | INFO     | knowledge.strategy_library:evaluate:302 - [Absorption] SIGNAL: STRONG_BUY @ 2.4395 | SL=2.3345 TP=3.9395 | Regime=ACCUMULATION | Score=8.22
2026-06-05 14:17:05.065 | WARNING  | execution.order_manager:validate_signal_with_fee_filter:245 - [OrderManager] Fee filter REJECTED: Spread 0.0410% is 4.1x expected 0.0100%. Likely illiquidity. Reject.
2026-06-05 14:17:05.658 | INFO     | knowledge.strategy_library:evaluate:302 - [Absorption] SIGNAL: STRONG_BUY @ 2.4395 | SL=2.3345 TP=3.9395 | Regime=ACCUMULATION | Score=8.22
2026-06-05 14:17:05.659 | WARNING  | execution.order_manager:validate_signal_with_fee_filter:245 - [OrderManager] Fee filter REJECTED: Spread 0.0410% is 4.1x expected 0.0100%. Likely illiquidity. Reject.
2026-06-05 14:17:05.756 | INFO     | knowledge.strategy_library:evaluate:302 - [Absorption] SIGNAL: STRONG_BUY @ 2.4395 | SL=2.3345 TP=3.9395 | Regime=ACCUMULATION | Score=8.22
2026-06-05 14:17:05.757 | WARNING  | execution.order_manager:validate_signal_with_fee_filter:245 - [OrderManager] Fee filter REJECTED: Spread 0.0410% is 4.1x expected 0.0100%. Likely illiquidity. Reject.
2026-06-05 14:17:05.868 | INFO     | knowledge.strategy_library:evaluate:302 - [Absorption] SIGNAL: STRONG_BUY @ 2.4385 | SL=2.3335 TP=3.9385 | Regime=ACCUMULATION | Score=5.78
2026-06-05 14:17:05.869 | WARNING  | execution.order_manager:validate_signal_with_fee_filter:245 - [OrderManager] Fee filter REJECTED: Spread 0.0410% is 4.1x expected 0.0100%. Likely illiquidity. Reject.
2026-06-05 14:17:05.871 | INFO     | knowledge.strategy_library:evaluate:302 - [Stacked Imbalance] SIGNAL: STRONG_BUY @ 2.4385 | SL=2.3335 TP=3.9385 | Regime=ACCUMULATION | Score=6.47
2026-06-05 14:17:05.872 | WARNING  | execution.order_manager:validate_signal_with_fee_filter:245 - [OrderManager] Fee filter REJECTED: Spread 0.0410% is 4.1x expected 0.0100%. Likely illiquidity. Reject.
2026-06-05 14:17:05.953 | INFO     | knowledge.strategy_library:evaluate:302 - [Absorption] SIGNAL: STRONG_BUY @ 2.4385 | SL=2.3335 TP=3.9385 | Regime=ACCUMULATION | Score=5.78
2026-06-05 14:17:05.954 | WARNING  | execution.order_manager:validate_signal_with_fee_filter:245 - [OrderManager] Fee filter REJECTED: Spread 0.0410% is 4.1x expected 0.0100%. Likely illiquidity. Reject.
2026-06-05 14:17:05.955 | INFO     | knowledge.strategy_library:evaluate:302 - [Stacked Imbalance] SIGNAL: STRONG_BUY @ 2.4385 | SL=2.3335 TP=3.9385 | Regime=ACCUMULATION | Score=6.47
2026-06-05 14:17:05.956 | WARNING  | execution.order_manager:validate_signal_with_fee_filter:245 - [OrderManager] Fee filter REJECTED: Spread 0.0410% is 4.1x expected 0.0100%. Likely illiquidity. Reject.
2026-06-05 14:17:06.152 | INFO     | knowledge.strategy_library:evaluate:302 - [Absorption] SIGNAL: STRONG_BUY @ 2.4385 | SL=2.3335 TP=3.9385 | Regime=ACCUMULATION | Score=5.78
2026-06-05 14:17:06.153 | WARNING  | execution.order_manager:validate_signal_with_fee_filter:245 - [OrderManager] Fee filter REJECTED: Spread 0.0410% is 4.1x expected 0.0100%. Likely illiquidity. Reject.
2026-06-05 14:17:06.154 | INFO     | knowledge.strategy_library:evaluate:302 - [Stacked Imbalance] SIGNAL: STRONG_BUY @ 2.4385 | SL=2.3335 TP=3.9385 | Regime=ACCUMULATION | Score=6.47
2026-06-05 14:17:06.155 | WARNING  | execution.order_manager:validate_signal_with_fee_filter:245 - [OrderManager] Fee filter REJECTED: Spread 0.0410% is 4.1x expected 0.0100%. Likely illiquidity. Reject.
2026-06-05 14:17:06.253 | INFO     | knowledge.strategy_library:evaluate:302 - [Absorption] SIGNAL: STRONG_BUY @ 2.4385 | SL=2.3335 TP=3.9385 | Regime=ACCUMULATION | Score=5.78
2026-06-05 14:17:06.254 | WARNING  | execution.order_manager:validate_signal_with_fee_filter:245 - [OrderManager] Fee filter REJECTED: Spread 0.0410% is 4.1x expected 0.0100%. Likely illiquidity. Reject.
2026-06-05 14:17:06.255 | INFO     | knowledge.strategy_library:evaluate:302 - [Stacked Imbalance] SIGNAL: STRONG_BUY @ 2.4385 | SL=2.3335 TP=3.9385 | Regime=ACCUMULATION | Score=6.47
2026-06-05 14:17:06.257 | WARNING  | execution.order_manager:validate_signal_with_fee_filter:245 - [OrderManager] Fee filter REJECTED: Spread 0.0410% is 4.1x expected 0.0100%. Likely illiquidity. Reject.
2026-06-05 14:17:06.666 | INFO     | knowledge.strategy_library:evaluate:302 - [Absorption] SIGNAL: STRONG_BUY @ 2.4385 | SL=2.3335 TP=3.9385 | Regime=ACCUMULATION | Score=5.78
2026-06-05 14:17:06.668 | WARNING  | execution.order_manager:validate_signal_with_fee_filter:245 - [OrderManager] Fee filter REJECTED: Spread 0.0410% is 4.1x expected 0.0100%. Likely illiquidity. Reject.
2026-06-05 14:17:06.669 | INFO     | knowledge.strategy_library:evaluate:302 - [Stacked Imbalance] SIGNAL: STRONG_BUY @ 2.4385 | SL=2.3335 TP=3.9385 | Regime=ACCUMULATION | Score=6.47
2026-06-05 14:17:06.670 | WARNING  | execution.order_manager:validate_signal_with_fee_filter:245 - [OrderManager] Fee filter REJECTED: Spread 0.0410% is 4.1x expected 0.0100%. Likely illiquidity. Reject.
2026-06-05 14:17:06.857 | INFO     | knowledge.strategy_library:evaluate:302 - [Absorption] SIGNAL: STRONG_BUY @ 2.4385 | SL=2.3335 TP=3.9385 | Regime=ACCUMULATION | Score=5.78
2026-06-05 14:17:06.858 | WARNING  | execution.order_manager:validate_signal_with_fee_filter:245 - [OrderManager] Fee filter REJECTED: Spread 0.0410% is 4.1x expected 0.0100%. Likely illiquidity. Reject.
2026-06-05 14:17:06.859 | INFO     | knowledge.strategy_library:evaluate:302 - [Stacked Imbalance] SIGNAL: STRONG_BUY @ 2.4385 | SL=2.3335 TP=3.9385 | Regime=ACCUMULATION | Score=6.47
2026-06-05 14:17:06.860 | WARNING  | execution.order_manager:validate_signal_with_fee_filter:245 - [OrderManager] Fee filter REJECTED: Spread 0.0410% is 4.1x expected 0.0100%. Likely illiquidity. Reject.
2026-06-05 14:17:06.950 | INFO     | knowledge.strategy_library:evaluate:302 - [Absorption] SIGNAL: STRONG_BUY @ 2.4385 | SL=2.3335 TP=3.9385 | Regime=ACCUMULATION | Score=5.78
2026-06-05 14:17:06.951 | WARNING  | execution.order_manager:validate_signal_with_fee_filter:245 - [OrderManager] Fee filter REJECTED: Spread 0.0410% is 4.1x expected 0.0100%. Likely illiquidity. Reject.
2026-06-05 14:17:06.953 | INFO     | knowledge.strategy_library:evaluate:302 - [Stacked Imbalance] SIGNAL: STRONG_BUY @ 2.4385 | SL=2.3335 TP=3.9385 | Regime=ACCUMULATION | Score=6.47
2026-06-05 14:17:06.954 | WARNING  | execution.order_manager:validate_signal_with_fee_filter:245 - [OrderManager] Fee filter REJECTED: Spread 0.0410% is 4.1x expected 0.0100%. Likely illiquidity. Reject.
2026-06-05 14:17:07.053 | INFO     | knowledge.strategy_library:evaluate:302 - [Absorption] SIGNAL: STRONG_BUY @ 2.4385 | SL=2.3335 TP=3.9385 | Regime=ACCUMULATION | Score=7.53
2026-06-05 14:17:07.054 | WARNING  | execution.order_manager:validate_signal_with_fee_filter:245 - [OrderManager] Fee filter REJECTED: Spread 0.0410% is 4.1x expected 0.0100%. Likely illiquidity. Reject.
2026-06-05 14:17:07.056 | INFO     | knowledge.strategy_library:evaluate:302 - [Stacked Imbalance] SIGNAL: STRONG_BUY @ 2.4385 | SL=2.3335 TP=3.9385 | Regime=ACCUMULATION | Score=6.47
2026-06-05 14:17:07.057 | WARNING  | execution.order_manager:validate_signal_with_fee_filter:245 - [OrderManager] Fee filter REJECTED: Spread 0.0410% is 4.1x expected 0.0100%. Likely illiquidity. Reject.
2026-06-05 14:17:07.156 | INFO     | knowledge.strategy_library:evaluate:302 - [Absorption] SIGNAL: STRONG_BUY @ 2.4385 | SL=2.3335 TP=3.9385 | Regime=ACCUMULATION | Score=7.30
2026-06-05 14:17:07.157 | WARNING  | execution.order_manager:validate_signal_with_fee_filter:245 - [OrderManager] Fee filter REJECTED: Spread 0.0410% is 4.1x expected 0.0100%. Likely illiquidity. Reject.
2026-06-05 14:17:07.159 | INFO     | knowledge.strategy_library:evaluate:302 - [Stacked Imbalance] SIGNAL: STRONG_BUY @ 2.4385 | SL=2.3335 TP=3.9385 | Regime=ACCUMULATION | Score=6.47
2026-06-05 14:17:07.160 | WARNING  | execution.order_manager:validate_signal_with_fee_filter:245 - [OrderManager] Fee filter REJECTED: Spread 0.0410% is 4.1x expected 0.0100%. Likely illiquidity. Reject.
2026-06-05 14:17:07.257 | INFO     | knowledge.strategy_library:evaluate:302 - [Absorption] SIGNAL: STRONG_BUY @ 2.4385 | SL=2.3335 TP=3.9385 | Regime=ACCUMULATION | Score=7.30
2026-06-05 14:17:07.259 | WARNING  | execution.order_manager:validate_signal_with_fee_filter:245 - [OrderManager] Fee filter REJECTED: Spread 0.0410% is 4.1x expected 0.0100%. Likely illiquidity. Reject.
2026-06-05 14:17:07.260 | INFO     | knowledge.strategy_library:evaluate:302 - [Stacked Imbalance] SIGNAL: STRONG_BUY @ 2.4385 | SL=2.3335 TP=3.9385 | Regime=ACCUMULATION | Score=6.47
2026-06-05 14:17:07.260 | WARNING  | execution.order_manager:validate_signal_with_fee_filter:245 - [OrderManager] Fee filter REJECTED: Spread 0.0410% is 4.1x expected 0.0100%. Likely illiquidity. Reject.
2026-06-05 14:17:07.656 | INFO     | knowledge.strategy_library:evaluate:302 - [Absorption] SIGNAL: STRONG_BUY @ 2.4385 | SL=2.3335 TP=3.9385 | Regime=ACCUMULATION | Score=7.30
2026-06-05 14:17:07.657 | WARNING  | execution.order_manager:validate_signal_with_fee_filter:245 - [OrderManager] Fee filter REJECTED: Spread 0.0410% is 4.1x expected 0.0100%. Likely illiquidity. Reject.
2026-06-05 14:17:07.658 | INFO     | knowledge.strategy_library:evaluate:302 - [Stacked Imbalance] SIGNAL: STRONG_BUY @ 2.4385 | SL=2.3335 TP=3.9385 | Regime=ACCUMULATION | Score=6.47
2026-06-05 14:17:07.660 | WARNING  | execution.order_manager:validate_signal_with_fee_filter:245 - [OrderManager] Fee filter REJECTED: Spread 0.0410% is 4.1x expected 0.0100%. Likely illiquidity. Reject.
2026-06-05 14:17:07.961 | INFO     | knowledge.strategy_library:evaluate:302 - [Absorption] SIGNAL: STRONG_BUY @ 2.4385 | SL=2.3335 TP=3.9385 | Regime=ACCUMULATION | Score=7.30
2026-06-05 14:17:07.963 | WARNING  | execution.order_manager:validate_signal_with_fee_filter:245 - [OrderManager] Fee filter REJECTED: Spread 0.0410% is 4.1x expected 0.0100%. Likely illiquidity. Reject.
2026-06-05 14:17:07.964 | INFO     | knowledge.strategy_library:evaluate:302 - [Stacked Imbalance] SIGNAL: STRONG_BUY @ 2.4385 | SL=2.3335 TP=3.9385 | Regime=ACCUMULATION | Score=6.47
2026-06-05 14:17:07.965 | WARNING  | execution.order_manager:validate_signal_with_fee_filter:245 - [OrderManager] Fee filter REJECTED: Spread 0.0410% is 4.1x expected 0.0100%. Likely illiquidity. Reject.
2026-06-05 14:17:08.055 | INFO     | knowledge.strategy_library:evaluate:302 - [Absorption] SIGNAL: STRONG_BUY @ 2.4385 | SL=2.3405 TP=3.8385 | Regime=ACCUMULATION | Score=7.30
2026-06-05 14:17:08.056 | WARNING  | execution.order_manager:validate_signal_with_fee_filter:245 - [OrderManager] Fee filter REJECTED: Spread 0.0410% is 4.1x expected 0.0100%. Likely illiquidity. Reject.
2026-06-05 14:17:08.057 | INFO     | knowledge.strategy_library:evaluate:302 - [Stacked Imbalance] SIGNAL: STRONG_BUY @ 2.4385 | SL=2.3405 TP=3.8385 | Regime=ACCUMULATION | Score=6.47
2026-06-05 14:17:08.059 | WARNING  | execution.order_manager:validate_signal_with_fee_filter:245 - [OrderManager] Fee filter REJECTED: Spread 0.0410% is 4.1x expected 0.0100%. Likely illiquidity. Reject.
2026-06-05 14:17:08.617 | INFO     | knowledge.strategy_library:evaluate:302 - [Absorption] SIGNAL: STRONG_BUY @ 2.4385 | SL=2.3405 TP=3.8385 | Regime=ACCUMULATION | Score=7.33
2026-06-05 14:17:08.618 | WARNING  | execution.order_manager:validate_signal_with_fee_filter:245 - [OrderManager] Fee filter REJECTED: Spread 0.0410% is 4.1x expected 0.0100%. Likely illiquidity. Reject.
2026-06-05 14:17:08.619 | INFO     | knowledge.strategy_library:evaluate:302 - [Stacked Imbalance] SIGNAL: STRONG_BUY @ 2.4385 | SL=2.3405 TP=3.8385 | Regime=ACCUMULATION | Score=6.47
2026-06-05 14:17:08.620 | WARNING  | execution.order_manager:validate_signal_with_fee_filter:245 - [OrderManager] Fee filter REJECTED: Spread 0.0410% is 4.1x expected 0.0100%. Likely illiquidity. Reject.
2026-06-05 14:17:08.761 | INFO     | knowledge.strategy_library:evaluate:302 - [Absorption] SIGNAL: STRONG_BUY @ 2.4385 | SL=2.3405 TP=3.8385 | Regime=ACCUMULATION | Score=7.39
2026-06-05 14:17:08.763 | WARNING  | execution.order_manager:validate_signal_with_fee_filter:245 - [OrderManager] Fee filter REJECTED: Spread 0.0410% is 4.1x expected 0.0100%. Likely illiquidity. Reject.
2026-06-05 14:17:08.764 | INFO     | knowledge.strategy_library:evaluate:302 - [Stacked Imbalance] SIGNAL: STRONG_BUY @ 2.4385 | SL=2.3405 TP=3.8385 | Regime=ACCUMULATION | Score=6.47
2026-06-05 14:17:08.766 | WARNING  | execution.order_manager:validate_signal_with_fee_filter:245 - [OrderManager] Fee filter REJECTED: Spread 0.0410% is 4.1x expected 0.0100%. Likely illiquidity. Reject.
2026-06-05 14:17:08.954 | INFO     | knowledge.strategy_library:evaluate:302 - [Absorption] SIGNAL: STRONG_BUY @ 2.4385 | SL=2.3405 TP=3.8385 | Regime=ACCUMULATION | Score=7.39
2026-06-05 14:17:08.954 | WARNING  | execution.order_manager:validate_signal_with_fee_filter:245 - [OrderManager] Fee filter REJECTED: Spread 0.0410% is 4.1x expected 0.0100%. Likely illiquidity. Reject.
2026-06-05 14:17:08.956 | INFO     | knowledge.strategy_library:evaluate:302 - [Stacked Imbalance] SIGNAL: STRONG_BUY @ 2.4385 | SL=2.3405 TP=3.8385 | Regime=ACCUMULATION | Score=6.47
2026-06-05 14:17:08.957 | WARNING  | execution.order_manager:validate_signal_with_fee_filter:245 - [OrderManager] Fee filter REJECTED: Spread 0.0410% is 4.1x expected 0.0100%. Likely illiquidity. Reject.
2026-06-05 14:17:09.254 | INFO     | knowledge.strategy_library:evaluate:302 - [Absorption] SIGNAL: STRONG_BUY @ 2.4385 | SL=2.3405 TP=3.8385 | Regime=ACCUMULATION | Score=7.35
2026-06-05 14:17:09.256 | WARNING  | execution.order_manager:validate_signal_with_fee_filter:245 - [OrderManager] Fee filter REJECTED: Spread 0.0410% is 4.1x expected 0.0100%. Likely illiquidity. Reject.
2026-06-05 14:17:09.257 | INFO     | knowledge.strategy_library:evaluate:302 - [Stacked Imbalance] SIGNAL: STRONG_BUY @ 2.4385 | SL=2.3405 TP=3.8385 | Regime=ACCUMULATION | Score=6.47
2026-06-05 14:17:09.259 | WARNING  | execution.order_manager:validate_signal_with_fee_filter:245 - [OrderManager] Fee filter REJECTED: Spread 0.0410% is 4.1x expected 0.0100%. Likely illiquidity. Reject.
2026-06-05 14:17:09.537 | INFO     | knowledge.strategy_library:evaluate:302 - [Absorption] SIGNAL: STRONG_BUY @ 2.4385 | SL=2.3405 TP=3.8385 | Regime=ACCUMULATION | Score=7.35
2026-06-05 14:17:09.539 | WARNING  | execution.order_manager:validate_signal_with_fee_filter:245 - [OrderManager] Fee filter REJECTED: Spread 0.0410% is 4.1x expected 0.0100%. Likely illiquidity. Reject.
2026-06-05 14:17:09.540 | INFO     | knowledge.strategy_library:evaluate:302 - [Stacked Imbalance] SIGNAL: STRONG_BUY @ 2.4385 | SL=2.3405 TP=3.8385 | Regime=ACCUMULATION | Score=6.47
2026-06-05 14:17:09.542 | WARNING  | execution.order_manager:validate_signal_with_fee_filter:245 - [OrderManager] Fee filter REJECTED: Spread 0.0410% is 4.1x expected 0.0100%. Likely illiquidity. Reject.
2026-06-05 14:17:10.357 | INFO     | knowledge.strategy_library:evaluate:302 - [Absorption] SIGNAL: STRONG_BUY @ 2.4385 | SL=2.3405 TP=3.8385 | Regime=ACCUMULATION | Score=7.78
2026-06-05 14:17:10.359 | WARNING  | execution.order_manager:validate_signal_with_fee_filter:245 - [OrderManager] Fee filter REJECTED: Spread 0.0410% is 4.1x expected 0.0100%. Likely illiquidity. Reject.
2026-06-05 14:17:10.360 | INFO     | knowledge.strategy_library:evaluate:302 - [Stacked Imbalance] SIGNAL: STRONG_BUY @ 2.4385 | SL=2.3405 TP=3.8385 | Regime=ACCUMULATION | Score=6.93
2026-06-05 14:17:10.361 | WARNING  | execution.order_manager:validate_signal_with_fee_filter:245 - [OrderManager] Fee filter REJECTED: Spread 0.0410% is 4.1x expected 0.0100%. Likely illiquidity. Reject.
2026-06-05 14:17:10.480 | INFO     | knowledge.strategy_library:evaluate:302 - [Absorption] SIGNAL: STRONG_BUY @ 2.4385 | SL=2.3405 TP=3.8385 | Regime=ACCUMULATION | Score=7.78
2026-06-05 14:17:10.481 | WARNING  | execution.order_manager:validate_signal_with_fee_filter:245 - [OrderManager] Fee filter REJECTED: Spread 0.0410% is 4.1x expected 0.0100%. Likely illiquidity. Reject.
2026-06-05 14:17:10.483 | INFO     | knowledge.strategy_library:evaluate:302 - [Stacked Imbalance] SIGNAL: STRONG_BUY @ 2.4385 | SL=2.3405 TP=3.8385 | Regime=ACCUMULATION | Score=6.93
2026-06-05 14:17:10.484 | WARNING  | execution.order_manager:validate_signal_with_fee_filter:245 - [OrderManager] Fee filter REJECTED: Spread 0.0410% is 4.1x expected 0.0100%. Likely illiquidity. Reject.
2026-06-05 14:17:10.567 | INFO     | knowledge.strategy_library:evaluate:302 - [Absorption] SIGNAL: STRONG_BUY @ 2.4385 | SL=2.3405 TP=3.8385 | Regime=ACCUMULATION | Score=7.78
2026-06-05 14:17:10.569 | WARNING  | execution.order_manager:validate_signal_with_fee_filter:245 - [OrderManager] Fee filter REJECTED: Spread 0.0410% is 4.1x expected 0.0100%. Likely illiquidity. Reject.
2026-06-05 14:17:10.570 | INFO     | knowledge.strategy_library:evaluate:302 - [Stacked Imbalance] SIGNAL: STRONG_BUY @ 2.4385 | SL=2.3405 TP=3.8385 | Regime=ACCUMULATION | Score=6.79
2026-06-05 14:17:10.572 | WARNING  | execution.order_manager:validate_signal_with_fee_filter:245 - [OrderManager] Fee filter REJECTED: Spread 0.0410% is 4.1x expected 0.0100%. Likely illiquidity. Reject.
2026-06-05 14:17:10.667 | INFO     | knowledge.strategy_library:evaluate:302 - [Absorption] SIGNAL: STRONG_BUY @ 2.4385 | SL=2.3405 TP=3.8385 | Regime=ACCUMULATION | Score=7.78
2026-06-05 14:17:10.669 | WARNING  | execution.order_manager:validate_signal_with_fee_filter:245 - [OrderManager] Fee filter REJECTED: Spread 0.0410% is 4.1x expected 0.0100%. Likely illiquidity. Reject.
2026-06-05 14:17:10.669 | INFO     | knowledge.strategy_library:evaluate:302 - [Stacked Imbalance] SIGNAL: STRONG_BUY @ 2.4385 | SL=2.3405 TP=3.8385 | Regime=ACCUMULATION | Score=6.79
2026-06-05 14:17:10.670 | WARNING  | execution.order_manager:validate_signal_with_fee_filter:245 - [OrderManager] Fee filter REJECTED: Spread 0.0410% is 4.1x expected 0.0100%. Likely illiquidity. Reject.
2026-06-05 14:17:10.764 | INFO     | knowledge.strategy_library:evaluate:302 - [Absorption] SIGNAL: STRONG_BUY @ 2.4385 | SL=2.3405 TP=3.8385 | Regime=ACCUMULATION | Score=7.78
2026-06-05 14:17:10.767 | WARNING  | execution.order_manager:validate_signal_with_fee_filter:245 - [OrderManager] Fee filter REJECTED: Spread 0.0410% is 4.1x expected 0.0100%. Likely illiquidity. Reject.
2026-06-05 14:17:10.771 | INFO     | knowledge.strategy_library:evaluate:302 - [Stacked Imbalance] SIGNAL: STRONG_BUY @ 2.4385 | SL=2.3405 TP=3.8385 | Regime=ACCUMULATION | Score=6.85
2026-06-05 14:17:10.773 | WARNING  | execution.order_manager:validate_signal_with_fee_filter:245 - [OrderManager] Fee filter REJECTED: Spread 0.0410% is 4.1x expected 0.0100%. Likely illiquidity. Reject.
2026-06-05 14:17:10.869 | INFO     | knowledge.strategy_library:evaluate:302 - [Absorption] SIGNAL: STRONG_BUY @ 2.4385 | SL=2.3405 TP=3.8385 | Regime=ACCUMULATION | Score=7.78
2026-06-05 14:17:10.871 | WARNING  | execution.order_manager:validate_signal_with_fee_filter:245 - [OrderManager] Fee filter REJECTED: Spread 0.0410% is 4.1x expected 0.0100%. Likely illiquidity. Reject.
2026-06-05 14:17:10.873 | INFO     | knowledge.strategy_library:evaluate:302 - [Stacked Imbalance] SIGNAL: STRONG_BUY @ 2.4385 | SL=2.3405 TP=3.8385 | Regime=ACCUMULATION | Score=6.85
2026-06-05 14:17:10.874 | WARNING  | execution.order_manager:validate_signal_with_fee_filter:245 - [OrderManager] Fee filter REJECTED: Spread 0.0410% is 4.1x expected 0.0100%. Likely illiquidity. Reject.
2026-06-05 14:17:11.451 | INFO     | knowledge.strategy_library:evaluate:302 - [Absorption] SIGNAL: STRONG_BUY @ 2.4385 | SL=2.3405 TP=3.8385 | Regime=ACCUMULATION | Score=7.78
2026-06-05 14:17:11.452 | WARNING  | execution.order_manager:validate_signal_with_fee_filter:245 - [OrderManager] Fee filter REJECTED: Spread 0.0410% is 4.1x expected 0.0100%. Likely illiquidity. Reject.
2026-06-05 14:17:11.452 | INFO     | knowledge.strategy_library:evaluate:302 - [Stacked Imbalance] SIGNAL: STRONG_BUY @ 2.4385 | SL=2.3405 TP=3.8385 | Regime=ACCUMULATION | Score=6.71
2026-06-05 14:17:11.453 | WARNING  | execution.order_manager:validate_signal_with_fee_filter:245 - [OrderManager] Fee filter REJECTED: Spread 0.0410% is 4.1x expected 0.0100%. Likely illiquidity. Reject.
2026-06-05 14:17:11.997 | INFO     | knowledge.strategy_library:evaluate:302 - [Absorption] SIGNAL: STRONG_BUY @ 2.4395 | SL=2.3415 TP=3.8395 | Regime=ACCUMULATION | Score=7.06
2026-06-05 14:17:11.999 | WARNING  | execution.order_manager:validate_signal_with_fee_filter:245 - [OrderManager] Fee filter REJECTED: Spread 0.0410% is 4.1x expected 0.0100%. Likely illiquidity. Reject.
2026-06-05 14:17:12.158 | INFO     | knowledge.strategy_library:evaluate:302 - [Absorption] SIGNAL: STRONG_BUY @ 2.4395 | SL=2.3415 TP=3.8395 | Regime=ACCUMULATION | Score=7.06
2026-06-05 14:17:12.159 | WARNING  | execution.order_manager:validate_signal_with_fee_filter:245 - [OrderManager] Fee filter REJECTED: Spread 0.0410% is 4.1x expected 0.0100%. Likely illiquidity. Reject.
2026-06-05 14:17:12.548 | INFO     | knowledge.strategy_library:evaluate:302 - [Absorption] SIGNAL: STRONG_BUY @ 2.4395 | SL=2.3555 TP=3.6395 | Regime=ACCUMULATION | Score=6.41
2026-06-05 14:17:12.550 | WARNING  | execution.order_manager:validate_signal_with_fee_filter:245 - [OrderManager] Fee filter REJECTED: Spread 0.0410% is 4.1x expected 0.0100%. Likely illiquidity. Reject.
2026-06-05 14:17:12.649 | INFO     | knowledge.strategy_library:evaluate:302 - [Absorption] SIGNAL: BUY @ 2.4395 | SL=2.3695 TP=3.4395 | Regime=ACCUMULATION | Score=4.71
2026-06-05 14:17:12.650 | WARNING  | execution.order_manager:validate_signal_with_fee_filter:245 - [OrderManager] Fee filter REJECTED: Spread 0.0410% is 4.1x expected 0.0100%. Likely illiquidity. Reject.
2026-06-05 14:17:12.866 | INFO     | knowledge.strategy_library:evaluate:302 - [Absorption] SIGNAL: BUY @ 2.4395 | SL=2.3765 TP=3.3395 | Regime=ACCUMULATION | Score=4.68
2026-06-05 14:17:12.868 | WARNING  | execution.order_manager:validate_signal_with_fee_filter:245 - [OrderManager] Fee filter REJECTED: Spread 0.0410% is 4.1x expected 0.0100%. Likely illiquidity. Reject.
2026-06-05 14:17:13.067 | INFO     | knowledge.strategy_library:evaluate:302 - [Absorption] SIGNAL: BUY @ 2.4385 | SL=2.3755 TP=3.3385 | Regime=ACCUMULATION | Score=4.46
2026-06-05 14:17:13.069 | WARNING  | execution.order_manager:validate_signal_with_fee_filter:245 - [OrderManager] Fee filter REJECTED: Spread 0.0410% is 4.1x expected 0.0100%. Likely illiquidity. Reject.
2026-06-05 14:17:13.152 | INFO     | knowledge.strategy_library:evaluate:302 - [Absorption] SIGNAL: BUY @ 2.4395 | SL=2.3765 TP=3.3395 | Regime=ACCUMULATION | Score=4.54
2026-06-05 14:17:13.153 | WARNING  | execution.order_manager:validate_signal_with_fee_filter:245 - [OrderManager] Fee filter REJECTED: Spread 0.0410% is 4.1x expected 0.0100%. Likely illiquidity. Reject.
2026-06-05 14:17:13.254 | INFO     | knowledge.strategy_library:evaluate:302 - [Absorption] SIGNAL: STRONG_BUY @ 2.4395 | SL=2.3765 TP=3.3395 | Regime=ACCUMULATION | Score=4.48
2026-06-05 14:17:13.255 | WARNING  | execution.order_manager:validate_signal_with_fee_filter:245 - [OrderManager] Fee filter REJECTED: Spread 0.0410% is 4.1x expected 0.0100%. Likely illiquidity. Reject.
2026-06-05 14:17:13.368 | INFO     | knowledge.strategy_library:evaluate:302 - [Absorption] SIGNAL: STRONG_BUY @ 2.4395 | SL=2.3765 TP=3.3395 | Regime=ACCUMULATION | Score=4.45
2026-06-05 14:17:13.369 | WARNING  | execution.order_manager:validate_signal_with_fee_filter:245 - [OrderManager] Fee filter REJECTED: Spread 0.0410% is 4.1x expected 0.0100%. Likely illiquidity. Reject.
2026-06-05 14:17:13.468 | INFO     | knowledge.strategy_library:evaluate:302 - [Absorption] SIGNAL: STRONG_BUY @ 2.4395 | SL=2.3765 TP=3.3395 | Regime=ACCUMULATION | Score=4.48
2026-06-05 14:17:13.470 | WARNING  | execution.order_manager:validate_signal_with_fee_filter:245 - [OrderManager] Fee filter REJECTED: Spread 0.0410% is 4.1x expected 0.0100%. Likely illiquidity. Reject.
2026-06-05 14:17:13.562 | INFO     | knowledge.strategy_library:evaluate:302 - [Absorption] SIGNAL: STRONG_BUY @ 2.4395 | SL=2.3765 TP=3.3395 | Regime=ACCUMULATION | Score=4.48
2026-06-05 14:17:13.563 | WARNING  | execution.order_manager:validate_signal_with_fee_filter:245 - [OrderManager] Fee filter REJECTED: Spread 0.0410% is 4.1x expected 0.0100%. Likely illiquidity. Reject.
2026-06-05 14:17:14.069 | INFO     | knowledge.strategy_library:evaluate:302 - [Absorption] SIGNAL: STRONG_BUY @ 2.4395 | SL=2.3765 TP=3.3395 | Regime=ACCUMULATION | Score=4.48
2026-06-05 14:17:14.069 | WARNING  | execution.order_manager:validate_signal_with_fee_filter:245 - [OrderManager] Fee filter REJECTED: Spread 0.0410% is 4.1x expected 0.0100%. Likely illiquidity. Reject.
2026-06-05 14:17:14.253 | INFO     | knowledge.strategy_library:evaluate:302 - [Absorption] SIGNAL: STRONG_BUY @ 2.4395 | SL=2.3765 TP=3.3395 | Regime=ACCUMULATION | Score=4.52
2026-06-05 14:17:14.254 | WARNING  | execution.order_manager:validate_signal_with_fee_filter:245 - [OrderManager] Fee filter REJECTED: Spread 0.0410% is 4.1x expected 0.0100%. Likely illiquidity. Reject.
2026-06-05 14:17:14.856 | INFO     | knowledge.strategy_library:evaluate:302 - [Absorption] SIGNAL: STRONG_BUY @ 2.4405 | SL=2.3705 TP=3.4405 | Regime=ACCUMULATION | Score=5.00
2026-06-05 14:17:14.858 | WARNING  | execution.order_manager:validate_signal_with_fee_filter:245 - [OrderManager] Fee filter REJECTED: Spread 0.0410% is 4.1x expected 0.0100%. Likely illiquidity. Reject.
2026-06-05 14:17:14.956 | INFO     | knowledge.strategy_library:evaluate:302 - [Absorption] SIGNAL: STRONG_BUY @ 2.4405 | SL=2.3705 TP=3.4405 | Regime=ACCUMULATION | Score=5.00
2026-06-05 14:17:14.958 | WARNING  | execution.order_manager:validate_signal_with_fee_filter:245 - [OrderManager] Fee filter REJECTED: Spread 0.0410% is 4.1x expected 0.0100%. Likely illiquidity. Reject.
2026-06-05 14:17:15.053 | INFO     | knowledge.strategy_library:evaluate:302 - [Absorption] SIGNAL: STRONG_BUY @ 2.4405 | SL=2.3705 TP=3.4405 | Regime=ACCUMULATION | Score=5.00
2026-06-05 14:17:15.055 | WARNING  | execution.order_manager:validate_signal_with_fee_filter:245 - [OrderManager] Fee filter REJECTED: Spread 0.0410% is 4.1x expected 0.0100%. Likely illiquidity. Reject.
2026-06-05 14:17:15.151 | INFO     | knowledge.strategy_library:evaluate:302 - [Absorption] SIGNAL: STRONG_BUY @ 2.4405 | SL=2.3705 TP=3.4405 | Regime=ACCUMULATION | Score=5.00
2026-06-05 14:17:15.153 | WARNING  | execution.order_manager:validate_signal_with_fee_filter:245 - [OrderManager] Fee filter REJECTED: Spread 0.0410% is 4.1x expected 0.0100%. Likely illiquidity. Reject.
2026-06-05 14:17:15.652 | INFO     | knowledge.strategy_library:evaluate:302 - [Absorption] SIGNAL: STRONG_BUY @ 2.4405 | SL=2.3705 TP=3.4405 | Regime=ACCUMULATION | Score=5.00
2026-06-05 14:17:15.654 | WARNING  | execution.order_manager:validate_signal_with_fee_filter:245 - [OrderManager] Fee filter REJECTED: Spread 0.0410% is 4.1x expected 0.0100%. Likely illiquidity. Reject.
2026-06-05 14:17:15.756 | INFO     | knowledge.strategy_library:evaluate:302 - [Absorption] SIGNAL: STRONG_BUY @ 2.4405 | SL=2.3705 TP=3.4405 | Regime=ACCUMULATION | Score=5.00
2026-06-05 14:17:15.757 | WARNING  | execution.order_manager:validate_signal_with_fee_filter:245 - [OrderManager] Fee filter REJECTED: Spread 0.0410% is 4.1x expected 0.0100%. Likely illiquidity. Reject.
2026-06-05 14:17:15.855 | INFO     | knowledge.strategy_library:evaluate:302 - [Absorption] SIGNAL: STRONG_BUY @ 2.4405 | SL=2.3705 TP=3.4405 | Regime=ACCUMULATION | Score=5.00
2026-06-05 14:17:15.856 | WARNING  | execution.order_manager:validate_signal_with_fee_filter:245 - [OrderManager] Fee filter REJECTED: Spread 0.0410% is 4.1x expected 0.0100%. Likely illiquidity. Reject.
2026-06-05 14:17:15.955 | INFO     | knowledge.strategy_library:evaluate:302 - [Absorption] SIGNAL: STRONG_BUY @ 2.4405 | SL=2.3705 TP=3.4405 | Regime=ACCUMULATION | Score=5.00
2026-06-05 14:17:15.957 | WARNING  | execution.order_manager:validate_signal_with_fee_filter:245 - [OrderManager] Fee filter REJECTED: Spread 0.0410% is 4.1x expected 0.0100%. Likely illiquidity. Reject.
2026-06-05 14:17:16.358 | INFO     | knowledge.strategy_library:evaluate:302 - [Absorption] SIGNAL: STRONG_BUY @ 2.4405 | SL=2.3705 TP=3.4405 | Regime=ACCUMULATION | Score=5.00
2026-06-05 14:17:16.359 | WARNING  | execution.order_manager:validate_signal_with_fee_filter:245 - [OrderManager] Fee filter REJECTED: Spread 0.0410% is 4.1x expected 0.0100%. Likely illiquidity. Reject.
2026-06-05 14:17:16.461 | INFO     | knowledge.strategy_library:evaluate:302 - [Absorption] SIGNAL: STRONG_BUY @ 2.4405 | SL=2.3705 TP=3.4405 | Regime=ACCUMULATION | Score=5.00
2026-06-05 14:17:16.462 | WARNING  | execution.order_manager:validate_signal_with_fee_filter:245 - [OrderManager] Fee filter REJECTED: Spread 0.0410% is 4.1x expected 0.0100%. Likely illiquidity. Reject.
2026-06-05 14:17:16.463 | INFO     | main:_on_paper_order_book:718 - [HEALTH] Ticks:1000 TradesRcv:142 TradesQueued:0 Features:210 Regime:ACCUMULATION Bids:20 Asks:20 Mid:2.4405 Pos:FLAT ClTrades:0 ConsecLoss:0 SigEval:2000 NoBook:0 LossSkip:0
2026-06-05 14:17:16.556 | INFO     | knowledge.strategy_library:evaluate:302 - [Absorption] SIGNAL: STRONG_BUY @ 2.4405 | SL=2.3705 TP=3.4405 | Regime=ACCUMULATION | Score=5.00
2026-06-05 14:17:16.557 | WARNING  | execution.order_manager:validate_signal_with_fee_filter:245 - [OrderManager] Fee filter REJECTED: Spread 0.0410% is 4.1x expected 0.0100%. Likely illiquidity. Reject.
2026-06-05 14:17:16.659 | INFO     | knowledge.strategy_library:evaluate:302 - [Absorption] SIGNAL: STRONG_BUY @ 2.4405 | SL=2.3705 TP=3.4405 | Regime=ACCUMULATION | Score=5.00
2026-06-05 14:17:16.660 | WARNING  | execution.order_manager:validate_signal_with_fee_filter:245 - [OrderManager] Fee filter REJECTED: Spread 0.0410% is 4.1x expected 0.0100%. Likely illiquidity. Reject.
2026-06-05 14:17:17.967 | INFO     | knowledge.strategy_library:evaluate:302 - [Absorption] SIGNAL: STRONG_BUY @ 2.4405 | SL=2.3705 TP=3.4405 | Regime=ACCUMULATION | Score=5.00
2026-06-05 14:17:17.969 | WARNING  | execution.order_manager:validate_signal_with_fee_filter:245 - [OrderManager] Fee filter REJECTED: Spread 0.0410% is 4.1x expected 0.0100%. Likely illiquidity. Reject.
2026-06-05 14:17:18.070 | INFO     | knowledge.strategy_library:evaluate:302 - [Absorption] SIGNAL: STRONG_BUY @ 2.4405 | SL=2.3705 TP=3.4405 | Regime=ACCUMULATION | Score=5.00
2026-06-05 14:17:18.072 | WARNING  | execution.order_manager:validate_signal_with_fee_filter:245 - [OrderManager] Fee filter REJECTED: Spread 0.0410% is 4.1x expected 0.0100%. Likely illiquidity. Reject.
2026-06-05 14:17:19.153 | INFO     | knowledge.strategy_library:evaluate:302 - [Absorption] SIGNAL: STRONG_BUY @ 2.4410 | SL=2.3710 TP=3.4410 | Regime=ACCUMULATION | Score=4.74
2026-06-05 14:17:19.154 | WARNING  | execution.order_manager:validate_signal_with_fee_filter:245 - [OrderManager] Fee filter REJECTED: Spread 0.0819% is 8.2x expected 0.0100%. Likely illiquidity. Reject.
2026-06-05 14:17:19.262 | INFO     | knowledge.strategy_library:evaluate:302 - [Absorption] SIGNAL: STRONG_BUY @ 2.4415 | SL=2.3715 TP=3.4415 | Regime=ACCUMULATION | Score=4.63
2026-06-05 14:17:19.264 | WARNING  | execution.order_manager:validate_signal_with_fee_filter:245 - [OrderManager] Fee filter REJECTED: Spread 0.0410% is 4.1x expected 0.0100%. Likely illiquidity. Reject.
2026-06-05 14:17:19.359 | INFO     | knowledge.strategy_library:evaluate:302 - [Absorption] SIGNAL: STRONG_BUY @ 2.4415 | SL=2.3785 TP=3.3415 | Regime=ACCUMULATION | Score=4.61
2026-06-05 14:17:19.360 | WARNING  | execution.order_manager:validate_signal_with_fee_filter:245 - [OrderManager] Fee filter REJECTED: Spread 0.0410% is 4.1x expected 0.0100%. Likely illiquidity. Reject.
2026-06-05 14:17:19.452 | INFO     | knowledge.strategy_library:evaluate:302 - [Absorption] SIGNAL: STRONG_BUY @ 2.4415 | SL=2.3785 TP=3.3415 | Regime=ACCUMULATION | Score=4.61
2026-06-05 14:17:19.454 | WARNING  | execution.order_manager:validate_signal_with_fee_filter:245 - [OrderManager] Fee filter REJECTED: Spread 0.0410% is 4.1x expected 0.0100%. Likely illiquidity. Reject.
2026-06-05 14:17:19.551 | INFO     | knowledge.strategy_library:evaluate:302 - [Absorption] SIGNAL: STRONG_BUY @ 2.4415 | SL=2.3785 TP=3.3415 | Regime=ACCUMULATION | Score=4.61
2026-06-05 14:17:19.552 | WARNING  | execution.order_manager:validate_signal_with_fee_filter:245 - [OrderManager] Fee filter REJECTED: Spread 0.0410% is 4.1x expected 0.0100%. Likely illiquidity. Reject.
2026-06-05 14:17:19.651 | INFO     | knowledge.strategy_library:evaluate:302 - [Absorption] SIGNAL: STRONG_BUY @ 2.4415 | SL=2.3785 TP=3.3415 | Regime=ACCUMULATION | Score=4.61
2026-06-05 14:17:19.653 | WARNING  | execution.order_manager:validate_signal_with_fee_filter:245 - [OrderManager] Fee filter REJECTED: Spread 0.0410% is 4.1x expected 0.0100%. Likely illiquidity. Reject.
2026-06-05 14:17:19.859 | INFO     | knowledge.strategy_library:evaluate:302 - [Absorption] SIGNAL: STRONG_BUY @ 2.4415 | SL=2.3785 TP=3.3415 | Regime=ACCUMULATION | Score=4.61
2026-06-05 14:17:19.861 | WARNING  | execution.order_manager:validate_signal_with_fee_filter:245 - [OrderManager] Fee filter REJECTED: Spread 0.0410% is 4.1x expected 0.0100%. Likely illiquidity. Reject.
2026-06-05 14:17:20.392 | INFO     | knowledge.strategy_library:evaluate:302 - [Absorption] SIGNAL: STRONG_BUY @ 2.4415 | SL=2.3785 TP=3.3415 | Regime=ACCUMULATION | Score=4.65
2026-06-05 14:17:20.393 | WARNING  | execution.order_manager:validate_signal_with_fee_filter:245 - [OrderManager] Fee filter REJECTED: Spread 0.0410% is 4.1x expected 0.0100%. Likely illiquidity. Reject.
2026-06-05 14:17:20.461 | INFO     | knowledge.strategy_library:evaluate:302 - [Absorption] SIGNAL: STRONG_BUY @ 2.4415 | SL=2.3785 TP=3.3415 | Regime=ACCUMULATION | Score=4.65
2026-06-05 14:17:20.462 | WARNING  | execution.order_manager:validate_signal_with_fee_filter:245 - [OrderManager] Fee filter REJECTED: Spread 0.0410% is 4.1x expected 0.0100%. Likely illiquidity. Reject.
2026-06-05 14:17:21.213 | INFO     | knowledge.strategy_library:evaluate:302 - [Absorption] SIGNAL: STRONG_BUY @ 2.4415 | SL=2.3785 TP=3.3415 | Regime=ACCUMULATION | Score=4.64
2026-06-05 14:17:21.215 | WARNING  | execution.order_manager:validate_signal_with_fee_filter:245 - [OrderManager] Fee filter REJECTED: Spread 0.0410% is 4.1x expected 0.0100%. Likely illiquidity. Reject.
2026-06-05 14:17:21.258 | INFO     | knowledge.strategy_library:evaluate:302 - [Absorption] SIGNAL: STRONG_BUY @ 2.4415 | SL=2.3785 TP=3.3415 | Regime=ACCUMULATION | Score=4.65
2026-06-05 14:17:21.259 | WARNING  | execution.order_manager:validate_signal_with_fee_filter:245 - [OrderManager] Fee filter REJECTED: Spread 0.0410% is 4.1x expected 0.0100%. Likely illiquidity. Reject.
2026-06-05 14:17:21.353 | INFO     | knowledge.strategy_library:evaluate:302 - [Absorption] SIGNAL: STRONG_BUY @ 2.4415 | SL=2.3785 TP=3.3415 | Regime=ACCUMULATION | Score=4.42
2026-06-05 14:17:21.354 | WARNING  | execution.order_manager:validate_signal_with_fee_filter:245 - [OrderManager] Fee filter REJECTED: Spread 0.0410% is 4.1x expected 0.0100%. Likely illiquidity. Reject.
2026-06-05 14:17:22.131 | INFO     | knowledge.strategy_library:evaluate:302 - [Absorption] SIGNAL: STRONG_BUY @ 2.4415 | SL=2.3785 TP=3.3415 | Regime=ACCUMULATION | Score=4.68
2026-06-05 14:17:22.133 | WARNING  | execution.order_manager:validate_signal_with_fee_filter:245 - [OrderManager] Fee filter REJECTED: Spread 0.0410% is 4.1x expected 0.0100%. Likely illiquidity. Reject.
2026-06-05 14:17:22.200 | INFO     | knowledge.strategy_library:evaluate:302 - [Absorption] SIGNAL: STRONG_BUY @ 2.4415 | SL=2.3785 TP=3.3415 | Regime=ACCUMULATION | Score=4.72
2026-06-05 14:17:22.202 | WARNING  | execution.order_manager:validate_signal_with_fee_filter:245 - [OrderManager] Fee filter REJECTED: Spread 0.0410% is 4.1x expected 0.0100%. Likely illiquidity. Reject.
2026-06-05 14:17:22.258 | INFO     | knowledge.strategy_library:evaluate:302 - [Absorption] SIGNAL: STRONG_BUY @ 2.4415 | SL=2.3785 TP=3.3415 | Regime=ACCUMULATION | Score=4.69
2026-06-05 14:17:22.260 | WARNING  | execution.order_manager:validate_signal_with_fee_filter:245 - [OrderManager] Fee filter REJECTED: Spread 0.0410% is 4.1x expected 0.0100%. Likely illiquidity. Reject.
2026-06-05 14:17:22.369 | INFO     | knowledge.strategy_library:evaluate:302 - [Absorption] SIGNAL: STRONG_BUY @ 2.4415 | SL=2.3785 TP=3.3415 | Regime=ACCUMULATION | Score=4.92
2026-06-05 14:17:22.370 | WARNING  | execution.order_manager:validate_signal_with_fee_filter:245 - [OrderManager] Fee filter REJECTED: Spread 0.0410% is 4.1x expected 0.0100%. Likely illiquidity. Reject.
2026-06-05 14:17:22.556 | INFO     | knowledge.strategy_library:evaluate:302 - [Absorption] SIGNAL: STRONG_BUY @ 2.4415 | SL=2.3785 TP=3.3415 | Regime=ACCUMULATION | Score=4.92
2026-06-05 14:17:22.557 | WARNING  | execution.order_manager:validate_signal_with_fee_filter:245 - [OrderManager] Fee filter REJECTED: Spread 0.0410% is 4.1x expected 0.0100%. Likely illiquidity. Reject.
2026-06-05 14:17:22.852 | INFO     | knowledge.strategy_library:evaluate:302 - [Absorption] SIGNAL: STRONG_BUY @ 2.4415 | SL=2.3785 TP=3.3415 | Regime=ACCUMULATION | Score=4.92
2026-06-05 14:17:22.852 | WARNING  | execution.order_manager:validate_signal_with_fee_filter:245 - [OrderManager] Fee filter REJECTED: Spread 0.0410% is 4.1x expected 0.0100%. Likely illiquidity. Reject.
2026-06-05 14:17:22.946 | INFO     | knowledge.strategy_library:evaluate:302 - [Absorption] SIGNAL: STRONG_BUY @ 2.4415 | SL=2.3785 TP=3.3415 | Regime=ACCUMULATION | Score=4.87
2026-06-05 14:17:22.947 | WARNING  | execution.order_manager:validate_signal_with_fee_filter:245 - [OrderManager] Fee filter REJECTED: Spread 0.0410% is 4.1x expected 0.0100%. Likely illiquidity. Reject.
2026-06-05 14:17:23.055 | INFO     | knowledge.strategy_library:evaluate:302 - [Absorption] SIGNAL: STRONG_BUY @ 2.4415 | SL=2.3785 TP=3.3415 | Regime=ACCUMULATION | Score=4.87
2026-06-05 14:17:23.056 | WARNING  | execution.order_manager:validate_signal_with_fee_filter:245 - [OrderManager] Fee filter REJECTED: Spread 0.0410% is 4.1x expected 0.0100%. Likely illiquidity. Reject.
2026-06-05 14:17:24.057 | INFO     | knowledge.strategy_library:evaluate:302 - [Absorption] SIGNAL: STRONG_BUY @ 2.4415 | SL=2.3785 TP=3.3415 | Regime=ACCUMULATION | Score=4.87
2026-06-05 14:17:24.058 | WARNING  | execution.order_manager:validate_signal_with_fee_filter:245 - [OrderManager] Fee filter REJECTED: Spread 0.0410% is 4.1x expected 0.0100%. Likely illiquidity. Reject.
2026-06-05 14:17:24.653 | INFO     | knowledge.strategy_library:evaluate:302 - [Absorption] SIGNAL: STRONG_BUY @ 2.4415 | SL=2.3785 TP=3.3415 | Regime=ACCUMULATION | Score=4.87
2026-06-05 14:17:24.654 | WARNING  | execution.order_manager:validate_signal_with_fee_filter:245 - [OrderManager] Fee filter REJECTED: Spread 0.0410% is 4.1x expected 0.0100%. Likely illiquidity. Reject.
2026-06-05 14:17:25.610 | INFO     | knowledge.strategy_library:evaluate:302 - [Absorption] SIGNAL: STRONG_BUY @ 2.4415 | SL=2.3785 TP=3.3415 | Regime=ACCUMULATION | Score=4.85
2026-06-05 14:17:25.611 | WARNING  | execution.order_manager:validate_signal_with_fee_filter:245 - [OrderManager] Fee filter REJECTED: Spread 0.0410% is 4.1x expected 0.0100%. Likely illiquidity. Reject.
2026-06-05 14:17:27.569 | INFO     | knowledge.strategy_library:evaluate:302 - [Absorption] SIGNAL: STRONG_BUY @ 2.4415 | SL=2.3925 TP=3.1415 | Regime=ACCUMULATION | Score=5.00
2026-06-05 14:17:27.571 | WARNING  | execution.order_manager:validate_signal_with_fee_filter:245 - [OrderManager] Fee filter REJECTED: Spread 0.0410% is 4.1x expected 0.0100%. Likely illiquidity. Reject.
2026-06-05 14:17:27.660 | INFO     | knowledge.strategy_library:evaluate:302 - [Absorption] SIGNAL: STRONG_BUY @ 2.4415 | SL=2.3925 TP=3.1415 | Regime=ACCUMULATION | Score=5.00
2026-06-05 14:17:27.661 | WARNING  | execution.order_manager:validate_signal_with_fee_filter:245 - [OrderManager] Fee filter REJECTED: Spread 0.0410% is 4.1x expected 0.0100%. Likely illiquidity. Reject.
2026-06-05 14:17:29.411 | INFO     | knowledge.strategy_library:evaluate:302 - [Absorption] SIGNAL: STRONG_BUY @ 2.4415 | SL=2.3925 TP=3.1415 | Regime=ACCUMULATION | Score=5.00
2026-06-05 14:17:29.413 | WARNING  | execution.order_manager:validate_signal_with_fee_filter:245 - [OrderManager] Fee filter REJECTED: Spread 0.0410% is 4.1x expected 0.0100%. Likely illiquidity. Reject.
2026-06-05 14:17:29.454 | INFO     | knowledge.strategy_library:evaluate:302 - [Absorption] SIGNAL: STRONG_BUY @ 2.4425 | SL=2.3865 TP=3.2425 | Regime=ACCUMULATION | Score=5.00
2026-06-05 14:17:29.455 | WARNING  | execution.order_manager:validate_signal_with_fee_filter:245 - [OrderManager] Fee filter REJECTED: Spread 0.0409% is 4.1x expected 0.0100%. Likely illiquidity. Reject.
2026-06-05 14:17:29.456 | INFO     | knowledge.strategy_library:evaluate:302 - [Stacked Imbalance] SIGNAL: STRONG_BUY @ 2.4425 | SL=2.3865 TP=3.2425 | Regime=ACCUMULATION | Score=3.79
2026-06-05 14:17:29.457 | WARNING  | execution.order_manager:validate_signal_with_fee_filter:245 - [OrderManager] Fee filter REJECTED: Spread 0.0409% is 4.1x expected 0.0100%. Likely illiquidity. Reject.
2026-06-05 14:17:29.554 | INFO     | knowledge.strategy_library:evaluate:302 - [Absorption] SIGNAL: STRONG_BUY @ 2.4425 | SL=2.3865 TP=3.2425 | Regime=ACCUMULATION | Score=4.86
2026-06-05 14:17:29.556 | WARNING  | execution.order_manager:validate_signal_with_fee_filter:245 - [OrderManager] Fee filter REJECTED: Spread 0.0409% is 4.1x expected 0.0100%. Likely illiquidity. Reject.
2026-06-05 14:17:29.558 | INFO     | knowledge.strategy_library:evaluate:302 - [Stacked Imbalance] SIGNAL: BUY @ 2.4425 | SL=2.3865 TP=3.2425 | Regime=ACCUMULATION | Score=3.70
2026-06-05 14:17:29.558 | WARNING  | execution.order_manager:validate_signal_with_fee_filter:245 - [OrderManager] Fee filter REJECTED: Spread 0.0409% is 4.1x expected 0.0100%. Likely illiquidity. Reject.
2026-06-05 14:17:29.665 | INFO     | knowledge.strategy_library:evaluate:302 - [Absorption] SIGNAL: STRONG_BUY @ 2.4425 | SL=2.3865 TP=3.2425 | Regime=ACCUMULATION | Score=4.77
2026-06-05 14:17:29.666 | WARNING  | execution.order_manager:validate_signal_with_fee_filter:245 - [OrderManager] Fee filter REJECTED: Spread 0.0409% is 4.1x expected 0.0100%. Likely illiquidity. Reject.
2026-06-05 14:17:29.668 | INFO     | knowledge.strategy_library:evaluate:302 - [Stacked Imbalance] SIGNAL: BUY @ 2.4425 | SL=2.3865 TP=3.2425 | Regime=ACCUMULATION | Score=3.49
2026-06-05 14:17:29.670 | WARNING  | execution.order_manager:validate_signal_with_fee_filter:245 - [OrderManager] Fee filter REJECTED: Spread 0.0409% is 4.1x expected 0.0100%. Likely illiquidity. Reject.
2026-06-05 14:17:29.760 | INFO     | knowledge.strategy_library:evaluate:302 - [Absorption] SIGNAL: STRONG_BUY @ 2.4425 | SL=2.3865 TP=3.2425 | Regime=ACCUMULATION | Score=4.76
2026-06-05 14:17:29.761 | WARNING  | execution.order_manager:validate_signal_with_fee_filter:245 - [OrderManager] Fee filter REJECTED: Spread 0.0409% is 4.1x expected 0.0100%. Likely illiquidity. Reject.
2026-06-05 14:17:29.762 | INFO     | knowledge.strategy_library:evaluate:302 - [Stacked Imbalance] SIGNAL: BUY @ 2.4425 | SL=2.3865 TP=3.2425 | Regime=ACCUMULATION | Score=3.49
2026-06-05 14:17:29.763 | WARNING  | execution.order_manager:validate_signal_with_fee_filter:245 - [OrderManager] Fee filter REJECTED: Spread 0.0409% is 4.1x expected 0.0100%. Likely illiquidity. Reject.
2026-06-05 14:17:29.858 | INFO     | knowledge.strategy_library:evaluate:302 - [Absorption] SIGNAL: STRONG_BUY @ 2.4425 | SL=2.3865 TP=3.2425 | Regime=ACCUMULATION | Score=4.55
2026-06-05 14:17:29.859 | WARNING  | execution.order_manager:validate_signal_with_fee_filter:245 - [OrderManager] Fee filter REJECTED: Spread 0.0409% is 4.1x expected 0.0100%. Likely illiquidity. Reject.
2026-06-05 14:17:29.860 | INFO     | knowledge.strategy_library:evaluate:302 - [Stacked Imbalance] SIGNAL: BUY @ 2.4425 | SL=2.3865 TP=3.2425 | Regime=ACCUMULATION | Score=3.49
2026-06-05 14:17:29.862 | WARNING  | execution.order_manager:validate_signal_with_fee_filter:245 - [OrderManager] Fee filter REJECTED: Spread 0.0409% is 4.1x expected 0.0100%. Likely illiquidity. Reject.
2026-06-05 14:17:30.396 | INFO     | knowledge.strategy_library:evaluate:302 - [Absorption] SIGNAL: STRONG_BUY @ 2.4425 | SL=2.3865 TP=3.2425 | Regime=ACCUMULATION | Score=4.59
2026-06-05 14:17:30.397 | WARNING  | execution.order_manager:validate_signal_with_fee_filter:245 - [OrderManager] Fee filter REJECTED: Spread 0.0409% is 4.1x expected 0.0100%. Likely illiquidity. Reject.
2026-06-05 14:17:30.400 | INFO     | knowledge.strategy_library:evaluate:302 - [Stacked Imbalance] SIGNAL: BUY @ 2.4425 | SL=2.3865 TP=3.2425 | Regime=ACCUMULATION | Score=3.49
2026-06-05 14:17:30.401 | WARNING  | execution.order_manager:validate_signal_with_fee_filter:245 - [OrderManager] Fee filter REJECTED: Spread 0.0409% is 4.1x expected 0.0100%. Likely illiquidity. Reject.
2026-06-05 14:17:30.947 | INFO     | knowledge.strategy_library:evaluate:302 - [Absorption] SIGNAL: STRONG_BUY @ 2.4425 | SL=2.3865 TP=3.2425 | Regime=ACCUMULATION | Score=4.88
2026-06-05 14:17:30.949 | WARNING  | execution.order_manager:validate_signal_with_fee_filter:245 - [OrderManager] Fee filter REJECTED: Spread 0.0409% is 4.1x expected 0.0100%. Likely illiquidity. Reject.
2026-06-05 14:17:30.950 | INFO     | knowledge.strategy_library:evaluate:302 - [Stacked Imbalance] SIGNAL: BUY @ 2.4425 | SL=2.3865 TP=3.2425 | Regime=ACCUMULATION | Score=3.49
2026-06-05 14:17:30.952 | WARNING  | execution.order_manager:validate_signal_with_fee_filter:245 - [OrderManager] Fee filter REJECTED: Spread 0.0409% is 4.1x expected 0.0100%. Likely illiquidity. Reject.
2026-06-05 14:17:31.065 | INFO     | knowledge.strategy_library:evaluate:302 - [Absorption] SIGNAL: STRONG_BUY @ 2.4425 | SL=2.3935 TP=3.1425 | Regime=ACCUMULATION | Score=4.82
2026-06-05 14:17:31.066 | WARNING  | execution.order_manager:validate_signal_with_fee_filter:245 - [OrderManager] Fee filter REJECTED: Spread 0.0409% is 4.1x expected 0.0100%. Likely illiquidity. Reject.
2026-06-05 14:17:31.068 | INFO     | knowledge.strategy_library:evaluate:302 - [Stacked Imbalance] SIGNAL: BUY @ 2.4425 | SL=2.3935 TP=3.1425 | Regime=ACCUMULATION | Score=3.08
2026-06-05 14:17:31.070 | WARNING  | execution.order_manager:validate_signal_with_fee_filter:245 - [OrderManager] Fee filter REJECTED: Spread 0.0409% is 4.1x expected 0.0100%. Likely illiquidity. Reject.
2026-06-05 14:17:31.154 | INFO     | knowledge.strategy_library:evaluate:302 - [Absorption] SIGNAL: STRONG_BUY @ 2.4425 | SL=2.3935 TP=3.1425 | Regime=ACCUMULATION | Score=4.80
2026-06-05 14:17:31.156 | WARNING  | execution.order_manager:validate_signal_with_fee_filter:245 - [OrderManager] Fee filter REJECTED: Spread 0.0409% is 4.1x expected 0.0100%. Likely illiquidity. Reject.
2026-06-05 14:17:31.157 | INFO     | knowledge.strategy_library:evaluate:302 - [Stacked Imbalance] SIGNAL: BUY @ 2.4425 | SL=2.3935 TP=3.1425 | Regime=ACCUMULATION | Score=3.08
2026-06-05 14:17:31.158 | WARNING  | execution.order_manager:validate_signal_with_fee_filter:245 - [OrderManager] Fee filter REJECTED: Spread 0.0409% is 4.1x expected 0.0100%. Likely illiquidity. Reject.
2026-06-05 14:17:31.263 | INFO     | knowledge.strategy_library:evaluate:302 - [Absorption] SIGNAL: STRONG_BUY @ 2.4425 | SL=2.3935 TP=3.1425 | Regime=ACCUMULATION | Score=4.82
2026-06-05 14:17:31.264 | WARNING  | execution.order_manager:validate_signal_with_fee_filter:245 - [OrderManager] Fee filter REJECTED: Spread 0.0409% is 4.1x expected 0.0100%. Likely illiquidity. Reject.
2026-06-05 14:17:31.266 | INFO     | knowledge.strategy_library:evaluate:302 - [Stacked Imbalance] SIGNAL: BUY @ 2.4425 | SL=2.3935 TP=3.1425 | Regime=ACCUMULATION | Score=3.08
2026-06-05 14:17:31.267 | WARNING  | execution.order_manager:validate_signal_with_fee_filter:245 - [OrderManager] Fee filter REJECTED: Spread 0.0409% is 4.1x expected 0.0100%. Likely illiquidity. Reject.
2026-06-05 14:17:32.450 | INFO     | knowledge.strategy_library:evaluate:302 - [Absorption] SIGNAL: STRONG_BUY @ 2.4425 | SL=2.3935 TP=3.1425 | Regime=ACCUMULATION | Score=5.00
2026-06-05 14:17:32.452 | WARNING  | execution.order_manager:validate_signal_with_fee_filter:245 - [OrderManager] Fee filter REJECTED: Spread 0.0409% is 4.1x expected 0.0100%. Likely illiquidity. Reject.
2026-06-05 14:17:32.453 | INFO     | knowledge.strategy_library:evaluate:302 - [Stacked Imbalance] SIGNAL: BUY @ 2.4425 | SL=2.3935 TP=3.1425 | Regime=ACCUMULATION | Score=3.25
2026-06-05 14:17:32.454 | WARNING  | execution.order_manager:validate_signal_with_fee_filter:245 - [OrderManager] Fee filter REJECTED: Spread 0.0409% is 4.1x expected 0.0100%. Likely illiquidity. Reject.
2026-06-05 14:17:32.553 | INFO     | knowledge.strategy_library:evaluate:302 - [Absorption] SIGNAL: STRONG_BUY @ 2.4425 | SL=2.3935 TP=3.1425 | Regime=ACCUMULATION | Score=5.00
2026-06-05 14:17:32.554 | WARNING  | execution.order_manager:validate_signal_with_fee_filter:245 - [OrderManager] Fee filter REJECTED: Spread 0.0409% is 4.1x expected 0.0100%. Likely illiquidity. Reject.
2026-06-05 14:17:32.556 | INFO     | knowledge.strategy_library:evaluate:302 - [Stacked Imbalance] SIGNAL: BUY @ 2.4425 | SL=2.3935 TP=3.1425 | Regime=ACCUMULATION | Score=3.19
2026-06-05 14:17:32.557 | WARNING  | execution.order_manager:validate_signal_with_fee_filter:245 - [OrderManager] Fee filter REJECTED: Spread 0.0409% is 4.1x expected 0.0100%. Likely illiquidity. Reject.
2026-06-05 14:17:32.652 | INFO     | knowledge.strategy_library:evaluate:302 - [Absorption] SIGNAL: STRONG_BUY @ 2.4425 | SL=2.3935 TP=3.1425 | Regime=ACCUMULATION | Score=5.00
2026-06-05 14:17:32.654 | WARNING  | execution.order_manager:validate_signal_with_fee_filter:245 - [OrderManager] Fee filter REJECTED: Spread 0.0409% is 4.1x expected 0.0100%. Likely illiquidity. Reject.
2026-06-05 14:17:32.655 | INFO     | knowledge.strategy_library:evaluate:302 - [Stacked Imbalance] SIGNAL: BUY @ 2.4425 | SL=2.3935 TP=3.1425 | Regime=ACCUMULATION | Score=3.21
2026-06-05 14:17:32.656 | WARNING  | execution.order_manager:validate_signal_with_fee_filter:245 - [OrderManager] Fee filter REJECTED: Spread 0.0409% is 4.1x expected 0.0100%. Likely illiquidity. Reject.
2026-06-05 14:17:33.091 | INFO     | knowledge.strategy_library:evaluate:302 - [Absorption] SIGNAL: STRONG_BUY @ 2.4425 | SL=2.3935 TP=3.1425 | Regime=ACCUMULATION | Score=5.00
2026-06-05 14:17:33.092 | WARNING  | execution.order_manager:validate_signal_with_fee_filter:245 - [OrderManager] Fee filter REJECTED: Spread 0.0409% is 4.1x expected 0.0100%. Likely illiquidity. Reject.
2026-06-05 14:17:33.094 | INFO     | knowledge.strategy_library:evaluate:302 - [Stacked Imbalance] SIGNAL: BUY @ 2.4425 | SL=2.3935 TP=3.1425 | Regime=ACCUMULATION | Score=3.21
2026-06-05 14:17:33.096 | WARNING  | execution.order_manager:validate_signal_with_fee_filter:245 - [OrderManager] Fee filter REJECTED: Spread 0.0409% is 4.1x expected 0.0100%. Likely illiquidity. Reject.
2026-06-05 14:17:33.153 | INFO     | knowledge.strategy_library:evaluate:302 - [Absorption] SIGNAL: STRONG_BUY @ 2.4425 | SL=2.3935 TP=3.1425 | Regime=ACCUMULATION | Score=5.00
2026-06-05 14:17:33.154 | WARNING  | execution.order_manager:validate_signal_with_fee_filter:245 - [OrderManager] Fee filter REJECTED: Spread 0.0409% is 4.1x expected 0.0100%. Likely illiquidity. Reject.
2026-06-05 14:17:33.156 | INFO     | knowledge.strategy_library:evaluate:302 - [Stacked Imbalance] SIGNAL: BUY @ 2.4425 | SL=2.3935 TP=3.1425 | Regime=ACCUMULATION | Score=3.17
2026-06-05 14:17:33.157 | WARNING  | execution.order_manager:validate_signal_with_fee_filter:245 - [OrderManager] Fee filter REJECTED: Spread 0.0409% is 4.1x expected 0.0100%. Likely illiquidity. Reject.
2026-06-05 14:17:33.465 | INFO     | knowledge.strategy_library:evaluate:302 - [Absorption] SIGNAL: STRONG_BUY @ 2.4425 | SL=2.4005 TP=3.0425 | Regime=ACCUMULATION | Score=5.00
2026-06-05 14:17:33.466 | WARNING  | execution.order_manager:validate_signal_with_fee_filter:245 - [OrderManager] Fee filter REJECTED: Spread 0.0409% is 4.1x expected 0.0100%. Likely illiquidity. Reject.
2026-06-05 14:17:33.467 | INFO     | knowledge.strategy_library:evaluate:302 - [Stacked Imbalance] SIGNAL: BUY @ 2.4425 | SL=2.4005 TP=3.0425 | Regime=ACCUMULATION | Score=3.19
2026-06-05 14:17:33.469 | WARNING  | execution.order_manager:validate_signal_with_fee_filter:245 - [OrderManager] Fee filter REJECTED: Spread 0.0409% is 4.1x expected 0.0100%. Likely illiquidity. Reject.
2026-06-05 14:17:34.009 | INFO     | knowledge.strategy_library:evaluate:302 - [Absorption] SIGNAL: STRONG_BUY @ 2.4425 | SL=2.4005 TP=3.0425 | Regime=ACCUMULATION | Score=5.00
2026-06-05 14:17:34.009 | WARNING  | execution.order_manager:validate_signal_with_fee_filter:245 - [OrderManager] Fee filter REJECTED: Spread 0.0409% is 4.1x expected 0.0100%. Likely illiquidity. Reject.
2026-06-05 14:17:34.011 | INFO     | knowledge.strategy_library:evaluate:302 - [Stacked Imbalance] SIGNAL: BUY @ 2.4425 | SL=2.4005 TP=3.0425 | Regime=ACCUMULATION | Score=3.30
2026-06-05 14:17:34.012 | WARNING  | execution.order_manager:validate_signal_with_fee_filter:245 - [OrderManager] Fee filter REJECTED: Spread 0.0409% is 4.1x expected 0.0100%. Likely illiquidity. Reject.
2026-06-05 14:17:34.355 | INFO     | knowledge.strategy_library:evaluate:302 - [Absorption] SIGNAL: STRONG_BUY @ 2.4425 | SL=2.4005 TP=3.0425 | Regime=ACCUMULATION | Score=5.00
2026-06-05 14:17:34.356 | WARNING  | execution.order_manager:validate_signal_with_fee_filter:245 - [OrderManager] Fee filter REJECTED: Spread 0.0409% is 4.1x expected 0.0100%. Likely illiquidity. Reject.
2026-06-05 14:17:34.357 | INFO     | knowledge.strategy_library:evaluate:302 - [Stacked Imbalance] SIGNAL: BUY @ 2.4425 | SL=2.4005 TP=3.0425 | Regime=ACCUMULATION | Score=3.29
2026-06-05 14:17:34.359 | WARNING  | execution.order_manager:validate_signal_with_fee_filter:245 - [OrderManager] Fee filter REJECTED: Spread 0.0409% is 4.1x expected 0.0100%. Likely illiquidity. Reject.
2026-06-05 14:17:34.462 | INFO     | knowledge.strategy_library:evaluate:302 - [Absorption] SIGNAL: STRONG_BUY @ 2.4425 | SL=2.4005 TP=3.0425 | Regime=ACCUMULATION | Score=5.00
2026-06-05 14:17:34.464 | WARNING  | execution.order_manager:validate_signal_with_fee_filter:245 - [OrderManager] Fee filter REJECTED: Spread 0.0409% is 4.1x expected 0.0100%. Likely illiquidity. Reject.
2026-06-05 14:17:34.466 | INFO     | knowledge.strategy_library:evaluate:302 - [Stacked Imbalance] SIGNAL: BUY @ 2.4425 | SL=2.4005 TP=3.0425 | Regime=ACCUMULATION | Score=3.30
2026-06-05 14:17:34.467 | WARNING  | execution.order_manager:validate_signal_with_fee_filter:245 - [OrderManager] Fee filter REJECTED: Spread 0.0409% is 4.1x expected 0.0100%. Likely illiquidity. Reject.
2026-06-05 14:17:34.557 | INFO     | knowledge.strategy_library:evaluate:302 - [Absorption] SIGNAL: STRONG_BUY @ 2.4425 | SL=2.4005 TP=3.0425 | Regime=ACCUMULATION | Score=5.00
2026-06-05 14:17:34.559 | WARNING  | execution.order_manager:validate_signal_with_fee_filter:245 - [OrderManager] Fee filter REJECTED: Spread 0.0409% is 4.1x expected 0.0100%. Likely illiquidity. Reject.
2026-06-05 14:17:34.560 | INFO     | knowledge.strategy_library:evaluate:302 - [Stacked Imbalance] SIGNAL: BUY @ 2.4425 | SL=2.4005 TP=3.0425 | Regime=ACCUMULATION | Score=3.35
2026-06-05 14:17:34.561 | WARNING  | execution.order_manager:validate_signal_with_fee_filter:245 - [OrderManager] Fee filter REJECTED: Spread 0.0409% is 4.1x expected 0.0100%. Likely illiquidity. Reject.
2026-06-05 14:17:34.758 | INFO     | knowledge.strategy_library:evaluate:302 - [Absorption] SIGNAL: STRONG_BUY @ 2.4425 | SL=2.4005 TP=3.0425 | Regime=ACCUMULATION | Score=5.00
2026-06-05 14:17:34.759 | WARNING  | execution.order_manager:validate_signal_with_fee_filter:245 - [OrderManager] Fee filter REJECTED: Spread 0.0409% is 4.1x expected 0.0100%. Likely illiquidity. Reject.
2026-06-05 14:17:34.760 | INFO     | knowledge.strategy_library:evaluate:302 - [Stacked Imbalance] SIGNAL: BUY @ 2.4425 | SL=2.4005 TP=3.0425 | Regime=ACCUMULATION | Score=3.31
2026-06-05 14:17:34.761 | WARNING  | execution.order_manager:validate_signal_with_fee_filter:245 - [OrderManager] Fee filter REJECTED: Spread 0.0409% is 4.1x expected 0.0100%. Likely illiquidity. Reject.
2026-06-05 14:17:34.955 | INFO     | knowledge.strategy_library:evaluate:302 - [Absorption] SIGNAL: STRONG_BUY @ 2.4425 | SL=2.4005 TP=3.0425 | Regime=ACCUMULATION | Score=5.00
2026-06-05 14:17:34.956 | WARNING  | execution.order_manager:validate_signal_with_fee_filter:245 - [OrderManager] Fee filter REJECTED: Spread 0.0409% is 4.1x expected 0.0100%. Likely illiquidity. Reject.
2026-06-05 14:17:34.958 | INFO     | knowledge.strategy_library:evaluate:302 - [Stacked Imbalance] SIGNAL: BUY @ 2.4425 | SL=2.4005 TP=3.0425 | Regime=ACCUMULATION | Score=3.31
2026-06-05 14:17:34.959 | WARNING  | execution.order_manager:validate_signal_with_fee_filter:245 - [OrderManager] Fee filter REJECTED: Spread 0.0409% is 4.1x expected 0.0100%. Likely illiquidity. Reject.
2026-06-05 14:17:35.657 | INFO     | knowledge.strategy_library:evaluate:302 - [Absorption] SIGNAL: STRONG_BUY @ 2.4425 | SL=2.4005 TP=3.0425 | Regime=ACCUMULATION | Score=5.00
2026-06-05 14:17:35.658 | WARNING  | execution.order_manager:validate_signal_with_fee_filter:245 - [OrderManager] Fee filter REJECTED: Spread 0.0409% is 4.1x expected 0.0100%. Likely illiquidity. Reject.
2026-06-05 14:17:35.659 | INFO     | knowledge.strategy_library:evaluate:302 - [Stacked Imbalance] SIGNAL: BUY @ 2.4425 | SL=2.4005 TP=3.0425 | Regime=ACCUMULATION | Score=3.28
2026-06-05 14:17:35.661 | WARNING  | execution.order_manager:validate_signal_with_fee_filter:245 - [OrderManager] Fee filter REJECTED: Spread 0.0409% is 4.1x expected 0.0100%. Likely illiquidity. Reject.
2026-06-05 14:17:36.143 | INFO     | knowledge.strategy_library:evaluate:302 - [Absorption] SIGNAL: BUY @ 2.4425 | SL=2.4005 TP=3.0425 | Regime=ACCUMULATION | Score=3.59
2026-06-05 14:17:36.144 | WARNING  | execution.order_manager:validate_signal_with_fee_filter:245 - [OrderManager] Fee filter REJECTED: Spread 0.0409% is 4.1x expected 0.0100%. Likely illiquidity. Reject.
2026-06-05 14:17:36.144 | INFO     | knowledge.strategy_library:evaluate:302 - [Stacked Imbalance] SIGNAL: BUY @ 2.4425 | SL=2.4005 TP=3.0425 | Regime=ACCUMULATION | Score=3.37
2026-06-05 14:17:36.145 | WARNING  | execution.order_manager:validate_signal_with_fee_filter:245 - [OrderManager] Fee filter REJECTED: Spread 0.0409% is 4.1x expected 0.0100%. Likely illiquidity. Reject.
2026-06-05 14:17:36.266 | INFO     | knowledge.strategy_library:evaluate:302 - [Absorption] SIGNAL: STRONG_BUY @ 2.4425 | SL=2.4005 TP=3.0425 | Regime=ACCUMULATION | Score=3.89
2026-06-05 14:17:36.268 | WARNING  | execution.order_manager:validate_signal_with_fee_filter:245 - [OrderManager] Fee filter REJECTED: Spread 0.0409% is 4.1x expected 0.0100%. Likely illiquidity. Reject.
2026-06-05 14:17:36.269 | INFO     | knowledge.strategy_library:evaluate:302 - [Stacked Imbalance] SIGNAL: BUY @ 2.4425 | SL=2.4005 TP=3.0425 | Regime=ACCUMULATION | Score=3.37
2026-06-05 14:17:36.271 | WARNING  | execution.order_manager:validate_signal_with_fee_filter:245 - [OrderManager] Fee filter REJECTED: Spread 0.0409% is 4.1x expected 0.0100%. Likely illiquidity. Reject.
2026-06-05 14:17:36.355 | INFO     | knowledge.strategy_library:evaluate:302 - [Absorption] SIGNAL: STRONG_BUY @ 2.4415 | SL=2.3995 TP=3.0415 | Regime=ACCUMULATION | Score=4.59
2026-06-05 14:17:36.356 | WARNING  | execution.order_manager:validate_signal_with_fee_filter:245 - [OrderManager] Fee filter REJECTED: Spread 0.0410% is 4.1x expected 0.0100%. Likely illiquidity. Reject.
2026-06-05 14:17:36.458 | INFO     | knowledge.strategy_library:evaluate:302 - [Absorption] SIGNAL: BUY @ 2.4415 | SL=2.3995 TP=3.0415 | Regime=ACCUMULATION | Score=4.62
2026-06-05 14:17:36.460 | WARNING  | execution.order_manager:validate_signal_with_fee_filter:245 - [OrderManager] Fee filter REJECTED: Spread 0.0410% is 4.1x expected 0.0100%. Likely illiquidity. Reject.
2026-06-05 14:17:36.755 | INFO     | knowledge.strategy_library:evaluate:302 - [Absorption] SIGNAL: BUY @ 2.4415 | SL=2.3995 TP=3.0415 | Regime=ACCUMULATION | Score=4.66
2026-06-05 14:17:36.757 | WARNING  | execution.order_manager:validate_signal_with_fee_filter:245 - [OrderManager] Fee filter REJECTED: Spread 0.0410% is 4.1x expected 0.0100%. Likely illiquidity. Reject.
2026-06-05 14:17:36.856 | INFO     | knowledge.strategy_library:evaluate:302 - [Absorption] SIGNAL: BUY @ 2.4415 | SL=2.3995 TP=3.0415 | Regime=ACCUMULATION | Score=4.66
2026-06-05 14:17:36.858 | WARNING  | execution.order_manager:validate_signal_with_fee_filter:245 - [OrderManager] Fee filter REJECTED: Spread 0.0410% is 4.1x expected 0.0100%. Likely illiquidity. Reject.
2026-06-05 14:17:36.964 | INFO     | knowledge.strategy_library:evaluate:302 - [Absorption] SIGNAL: BUY @ 2.4415 | SL=2.3995 TP=3.0415 | Regime=ACCUMULATION | Score=4.53
2026-06-05 14:17:36.966 | WARNING  | execution.order_manager:validate_signal_with_fee_filter:245 - [OrderManager] Fee filter REJECTED: Spread 0.0410% is 4.1x expected 0.0100%. Likely illiquidity. Reject.
2026-06-05 14:17:37.055 | INFO     | knowledge.strategy_library:evaluate:302 - [Absorption] SIGNAL: BUY @ 2.4425 | SL=2.4005 TP=3.0425 | Regime=ACCUMULATION | Score=4.64
2026-06-05 14:17:37.057 | WARNING  | execution.order_manager:validate_signal_with_fee_filter:245 - [OrderManager] Fee filter REJECTED: Spread 0.0409% is 4.1x expected 0.0100%. Likely illiquidity. Reject.
2026-06-05 14:17:37.158 | INFO     | knowledge.strategy_library:evaluate:302 - [Absorption] SIGNAL: BUY @ 2.4415 | SL=2.3995 TP=3.0415 | Regime=ACCUMULATION | Score=5.00
2026-06-05 14:17:37.160 | WARNING  | execution.order_manager:validate_signal_with_fee_filter:245 - [OrderManager] Fee filter REJECTED: Spread 0.0410% is 4.1x expected 0.0100%. Likely illiquidity. Reject.
2026-06-05 14:17:37.275 | INFO     | knowledge.strategy_library:evaluate:302 - [Absorption] SIGNAL: BUY @ 2.4415 | SL=2.3995 TP=3.0415 | Regime=ACCUMULATION | Score=5.00
2026-06-05 14:17:37.276 | WARNING  | execution.order_manager:validate_signal_with_fee_filter:245 - [OrderManager] Fee filter REJECTED: Spread 0.0410% is 4.1x expected 0.0100%. Likely illiquidity. Reject.
2026-06-05 14:17:37.368 | INFO     | knowledge.strategy_library:evaluate:302 - [Absorption] SIGNAL: BUY @ 2.4415 | SL=2.3995 TP=3.0415 | Regime=ACCUMULATION | Score=5.00
2026-06-05 14:17:37.370 | WARNING  | execution.order_manager:validate_signal_with_fee_filter:245 - [OrderManager] Fee filter REJECTED: Spread 0.0410% is 4.1x expected 0.0100%. Likely illiquidity. Reject.
2026-06-05 14:17:37.895 | INFO     | knowledge.strategy_library:evaluate:302 - [Absorption] SIGNAL: BUY @ 2.4415 | SL=2.3995 TP=3.0415 | Regime=ACCUMULATION | Score=5.00
2026-06-05 14:17:37.896 | WARNING  | execution.order_manager:validate_signal_with_fee_filter:245 - [OrderManager] Fee filter REJECTED: Spread 0.0410% is 4.1x expected 0.0100%. Likely illiquidity. Reject.
2026-06-05 14:17:37.958 | INFO     | knowledge.strategy_library:evaluate:302 - [Absorption] SIGNAL: BUY @ 2.4415 | SL=2.3995 TP=3.0415 | Regime=ACCUMULATION | Score=5.00
2026-06-05 14:17:37.959 | WARNING  | execution.order_manager:validate_signal_with_fee_filter:245 - [OrderManager] Fee filter REJECTED: Spread 0.0410% is 4.1x expected 0.0100%. Likely illiquidity. Reject.
2026-06-05 14:17:38.960 | INFO     | knowledge.strategy_library:evaluate:302 - [Absorption] SIGNAL: BUY @ 2.4415 | SL=2.3995 TP=3.0415 | Regime=ACCUMULATION | Score=4.40
2026-06-05 14:17:38.961 | WARNING  | execution.order_manager:validate_signal_with_fee_filter:245 - [OrderManager] Fee filter REJECTED: Spread 0.0410% is 4.1x expected 0.0100%. Likely illiquidity. Reject.
2026-06-05 14:17:39.454 | INFO     | knowledge.strategy_library:evaluate:302 - [Absorption] SIGNAL: BUY @ 2.4415 | SL=2.3995 TP=3.0415 | Regime=ACCUMULATION | Score=4.43
2026-06-05 14:17:39.455 | WARNING  | execution.order_manager:validate_signal_with_fee_filter:245 - [OrderManager] Fee filter REJECTED: Spread 0.0410% is 4.1x expected 0.0100%. Likely illiquidity. Reject.
2026-06-05 14:17:39.555 | INFO     | knowledge.strategy_library:evaluate:302 - [Absorption] SIGNAL: BUY @ 2.4415 | SL=2.3995 TP=3.0415 | Regime=ACCUMULATION | Score=4.47
2026-06-05 14:17:39.557 | WARNING  | execution.order_manager:validate_signal_with_fee_filter:245 - [OrderManager] Fee filter REJECTED: Spread 0.0410% is 4.1x expected 0.0100%. Likely illiquidity. Reject.
2026-06-05 14:17:39.655 | INFO     | knowledge.strategy_library:evaluate:302 - [Absorption] SIGNAL: BUY @ 2.4425 | SL=2.4005 TP=3.0425 | Regime=ACCUMULATION | Score=5.01
2026-06-05 14:17:39.656 | WARNING  | execution.order_manager:validate_signal_with_fee_filter:245 - [OrderManager] Fee filter REJECTED: Spread 0.0409% is 4.1x expected 0.0100%. Likely illiquidity. Reject.
2026-06-05 14:17:40.262 | INFO     | knowledge.strategy_library:evaluate:302 - [Absorption] SIGNAL: BUY @ 2.4425 | SL=2.4005 TP=3.0425 | Regime=ACCUMULATION | Score=4.78
2026-06-05 14:17:40.263 | WARNING  | execution.order_manager:validate_signal_with_fee_filter:245 - [OrderManager] Fee filter REJECTED: Spread 0.0409% is 4.1x expected 0.0100%. Likely illiquidity. Reject.
2026-06-05 14:17:40.454 | INFO     | knowledge.strategy_library:evaluate:302 - [Absorption] SIGNAL: BUY @ 2.4425 | SL=2.4005 TP=3.0425 | Regime=ACCUMULATION | Score=4.82
2026-06-05 14:17:40.456 | WARNING  | execution.order_manager:validate_signal_with_fee_filter:245 - [OrderManager] Fee filter REJECTED: Spread 0.0409% is 4.1x expected 0.0100%. Likely illiquidity. Reject.
2026-06-05 14:17:40.558 | INFO     | knowledge.strategy_library:evaluate:302 - [Absorption] SIGNAL: STRONG_BUY @ 2.4425 | SL=2.4005 TP=3.0425 | Regime=ACCUMULATION | Score=5.74
2026-06-05 14:17:40.560 | WARNING  | execution.order_manager:validate_signal_with_fee_filter:245 - [OrderManager] Fee filter REJECTED: Spread 0.0409% is 4.1x expected 0.0100%. Likely illiquidity. Reject.
2026-06-05 14:17:40.654 | INFO     | knowledge.strategy_library:evaluate:302 - [Absorption] SIGNAL: STRONG_BUY @ 2.4425 | SL=2.4005 TP=3.0425 | Regime=ACCUMULATION | Score=5.62
2026-06-05 14:17:40.655 | WARNING  | execution.order_manager:validate_signal_with_fee_filter:245 - [OrderManager] Fee filter REJECTED: Spread 0.0409% is 4.1x expected 0.0100%. Likely illiquidity. Reject.
2026-06-05 14:17:40.769 | INFO     | knowledge.strategy_library:evaluate:302 - [Absorption] SIGNAL: STRONG_BUY @ 2.4425 | SL=2.4005 TP=3.0425 | Regime=ACCUMULATION | Score=5.64
2026-06-05 14:17:40.788 | WARNING  | execution.order_manager:validate_signal_with_fee_filter:245 - [OrderManager] Fee filter REJECTED: Spread 0.0409% is 4.1x expected 0.0100%. Likely illiquidity. Reject.
2026-06-05 14:17:40.872 | INFO     | knowledge.strategy_library:evaluate:302 - [Absorption] SIGNAL: STRONG_BUY @ 2.4425 | SL=2.4005 TP=3.0425 | Regime=ACCUMULATION | Score=5.64
2026-06-05 14:17:40.873 | WARNING  | execution.order_manager:validate_signal_with_fee_filter:245 - [OrderManager] Fee filter REJECTED: Spread 0.0409% is 4.1x expected 0.0100%. Likely illiquidity. Reject.
2026-06-05 14:17:40.943 | INFO     | knowledge.strategy_library:evaluate:302 - [Absorption] SIGNAL: STRONG_BUY @ 2.4425 | SL=2.4005 TP=3.0425 | Regime=ACCUMULATION | Score=5.60
2026-06-05 14:17:40.943 | WARNING  | execution.order_manager:validate_signal_with_fee_filter:245 - [OrderManager] Fee filter REJECTED: Spread 0.0409% is 4.1x expected 0.0100%. Likely illiquidity. Reject.
2026-06-05 14:17:42.358 | INFO     | knowledge.strategy_library:evaluate:302 - [Absorption] SIGNAL: STRONG_BUY @ 2.4435 | SL=2.3945 TP=3.1435 | Regime=ACCUMULATION | Score=5.63
2026-06-05 14:17:42.359 | WARNING  | execution.order_manager:validate_signal_with_fee_filter:245 - [OrderManager] Fee filter REJECTED: Spread 0.0409% is 4.1x expected 0.0100%. Likely illiquidity. Reject.
2026-06-05 14:17:42.465 | INFO     | knowledge.strategy_library:evaluate:302 - [Absorption] SIGNAL: STRONG_BUY @ 2.4435 | SL=2.3945 TP=3.1435 | Regime=ACCUMULATION | Score=5.60
2026-06-05 14:17:42.468 | WARNING  | execution.order_manager:validate_signal_with_fee_filter:245 - [OrderManager] Fee filter REJECTED: Spread 0.0409% is 4.1x expected 0.0100%. Likely illiquidity. Reject.
2026-06-05 14:17:42.563 | INFO     | knowledge.strategy_library:evaluate:302 - [Absorption] SIGNAL: STRONG_BUY @ 2.4435 | SL=2.3945 TP=3.1435 | Regime=ACCUMULATION | Score=5.47
2026-06-05 14:17:42.565 | WARNING  | execution.order_manager:validate_signal_with_fee_filter:245 - [OrderManager] Fee filter REJECTED: Spread 0.0409% is 4.1x expected 0.0100%. Likely illiquidity. Reject.
2026-06-05 14:17:42.656 | INFO     | knowledge.strategy_library:evaluate:302 - [Absorption] SIGNAL: STRONG_BUY @ 2.4435 | SL=2.3945 TP=3.1435 | Regime=ACCUMULATION | Score=5.54
2026-06-05 14:17:42.660 | WARNING  | execution.order_manager:validate_signal_with_fee_filter:245 - [OrderManager] Fee filter REJECTED: Spread 0.0409% is 4.1x expected 0.0100%. Likely illiquidity. Reject.
2026-06-05 14:17:42.858 | INFO     | knowledge.strategy_library:evaluate:302 - [Absorption] SIGNAL: BUY @ 2.4435 | SL=2.3945 TP=3.1435 | Regime=ACCUMULATION | Score=5.32
2026-06-05 14:17:42.859 | WARNING  | execution.order_manager:validate_signal_with_fee_filter:245 - [OrderManager] Fee filter REJECTED: Spread 0.0409% is 4.1x expected 0.0100%. Likely illiquidity. Reject.
2026-06-05 14:17:43.327 | INFO     | knowledge.strategy_library:evaluate:302 - [Absorption] SIGNAL: BUY @ 2.4425 | SL=2.3935 TP=3.1425 | Regime=ACCUMULATION | Score=6.02
2026-06-05 14:17:43.328 | WARNING  | execution.order_manager:validate_signal_with_fee_filter:245 - [OrderManager] Fee filter REJECTED: Spread 0.0409% is 4.1x expected 0.0100%. Likely illiquidity. Reject.
2026-06-05 14:17:43.370 | INFO     | knowledge.strategy_library:evaluate:302 - [Absorption] SIGNAL: BUY @ 2.4425 | SL=2.3935 TP=3.1425 | Regime=ACCUMULATION | Score=6.02
2026-06-05 14:17:43.371 | WARNING  | execution.order_manager:validate_signal_with_fee_filter:245 - [OrderManager] Fee filter REJECTED: Spread 0.0409% is 4.1x expected 0.0100%. Likely illiquidity. Reject.
2026-06-05 14:17:44.064 | INFO     | knowledge.strategy_library:evaluate:302 - [Absorption] SIGNAL: BUY @ 2.4435 | SL=2.3945 TP=3.1435 | Regime=ACCUMULATION | Score=5.17
2026-06-05 14:17:44.066 | WARNING  | execution.order_manager:validate_signal_with_fee_filter:245 - [OrderManager] Fee filter REJECTED: Spread 0.0409% is 4.1x expected 0.0100%. Likely illiquidity. Reject.
2026-06-05 14:17:44.160 | INFO     | knowledge.strategy_library:evaluate:302 - [Absorption] SIGNAL: BUY @ 2.4435 | SL=2.3945 TP=3.1435 | Regime=ACCUMULATION | Score=5.18
2026-06-05 14:17:44.160 | WARNING  | execution.order_manager:validate_signal_with_fee_filter:245 - [OrderManager] Fee filter REJECTED: Spread 0.0409% is 4.1x expected 0.0100%. Likely illiquidity. Reject.
2026-06-05 14:17:44.258 | INFO     | knowledge.strategy_library:evaluate:302 - [Absorption] SIGNAL: BUY @ 2.4435 | SL=2.3945 TP=3.1435 | Regime=ACCUMULATION | Score=5.29
2026-06-05 14:17:44.259 | WARNING  | execution.order_manager:validate_signal_with_fee_filter:245 - [OrderManager] Fee filter REJECTED: Spread 0.0409% is 4.1x expected 0.0100%. Likely illiquidity. Reject.
2026-06-05 14:17:44.768 | INFO     | knowledge.strategy_library:evaluate:302 - [Absorption] SIGNAL: BUY @ 2.4435 | SL=2.3945 TP=3.1435 | Regime=ACCUMULATION | Score=5.18
2026-06-05 14:17:44.769 | WARNING  | execution.order_manager:validate_signal_with_fee_filter:245 - [OrderManager] Fee filter REJECTED: Spread 0.0409% is 4.1x expected 0.0100%. Likely illiquidity. Reject.
2026-06-05 14:17:44.858 | INFO     | knowledge.strategy_library:evaluate:302 - [Absorption] SIGNAL: BUY @ 2.4435 | SL=2.3945 TP=3.1435 | Regime=ACCUMULATION | Score=5.31
2026-06-05 14:17:44.859 | WARNING  | execution.order_manager:validate_signal_with_fee_filter:245 - [OrderManager] Fee filter REJECTED: Spread 0.0409% is 4.1x expected 0.0100%. Likely illiquidity. Reject.
2026-06-05 14:17:45.062 | INFO     | knowledge.strategy_library:evaluate:302 - [Absorption] SIGNAL: BUY @ 2.4435 | SL=2.3945 TP=3.1435 | Regime=ACCUMULATION | Score=5.28
2026-06-05 14:17:45.063 | WARNING  | execution.order_manager:validate_signal_with_fee_filter:245 - [OrderManager] Fee filter REJECTED: Spread 0.0409% is 4.1x expected 0.0100%. Likely illiquidity. Reject.
2026-06-05 14:17:45.455 | INFO     | knowledge.strategy_library:evaluate:302 - [Absorption] SIGNAL: BUY @ 2.4435 | SL=2.3945 TP=3.1435 | Regime=ACCUMULATION | Score=5.28
2026-06-05 14:17:45.457 | WARNING  | execution.order_manager:validate_signal_with_fee_filter:245 - [OrderManager] Fee filter REJECTED: Spread 0.0409% is 4.1x expected 0.0100%. Likely illiquidity. Reject.
2026-06-05 14:17:45.870 | INFO     | knowledge.strategy_library:evaluate:302 - [Absorption] SIGNAL: BUY @ 2.4435 | SL=2.3945 TP=3.1435 | Regime=ACCUMULATION | Score=5.28
2026-06-05 14:17:45.872 | WARNING  | execution.order_manager:validate_signal_with_fee_filter:245 - [OrderManager] Fee filter REJECTED: Spread 0.0409% is 4.1x expected 0.0100%. Likely illiquidity. Reject.
2026-06-05 14:17:45.960 | INFO     | knowledge.strategy_library:evaluate:302 - [Absorption] SIGNAL: BUY @ 2.4435 | SL=2.3945 TP=3.1435 | Regime=ACCUMULATION | Score=5.28
2026-06-05 14:17:45.961 | WARNING  | execution.order_manager:validate_signal_with_fee_filter:245 - [OrderManager] Fee filter REJECTED: Spread 0.0409% is 4.1x expected 0.0100%. Likely illiquidity. Reject.
2026-06-05 14:17:46.154 | INFO     | knowledge.strategy_library:evaluate:302 - [Absorption] SIGNAL: BUY @ 2.4435 | SL=2.3945 TP=3.1435 | Regime=ACCUMULATION | Score=5.28
2026-06-05 14:17:46.155 | WARNING  | execution.order_manager:validate_signal_with_fee_filter:245 - [OrderManager] Fee filter REJECTED: Spread 0.0409% is 4.1x expected 0.0100%. Likely illiquidity. Reject.
2026-06-05 14:17:46.257 | INFO     | knowledge.strategy_library:evaluate:302 - [Absorption] SIGNAL: BUY @ 2.4435 | SL=2.3945 TP=3.1435 | Regime=ACCUMULATION | Score=5.31
2026-06-05 14:17:46.259 | WARNING  | execution.order_manager:validate_signal_with_fee_filter:245 - [OrderManager] Fee filter REJECTED: Spread 0.0409% is 4.1x expected 0.0100%. Likely illiquidity. Reject.
2026-06-05 14:17:46.353 | INFO     | knowledge.strategy_library:evaluate:302 - [Absorption] SIGNAL: BUY @ 2.4435 | SL=2.3945 TP=3.1435 | Regime=ACCUMULATION | Score=5.41
2026-06-05 14:17:46.354 | WARNING  | execution.order_manager:validate_signal_with_fee_filter:245 - [OrderManager] Fee filter REJECTED: Spread 0.0409% is 4.1x expected 0.0100%. Likely illiquidity. Reject.
2026-06-05 14:17:46.460 | INFO     | knowledge.strategy_library:evaluate:302 - [Absorption] SIGNAL: STRONG_BUY @ 2.4445 | SL=2.3885 TP=3.2445 | Regime=ACCUMULATION | Score=5.69
2026-06-05 14:17:46.462 | WARNING  | execution.order_manager:validate_signal_with_fee_filter:245 - [OrderManager] Fee filter REJECTED: Spread 0.0409% is 4.1x expected 0.0100%. Likely illiquidity. Reject.
2026-06-05 14:17:46.554 | INFO     | knowledge.strategy_library:evaluate:302 - [Absorption] SIGNAL: STRONG_BUY @ 2.4445 | SL=2.3885 TP=3.2445 | Regime=ACCUMULATION | Score=5.32
2026-06-05 14:17:46.556 | WARNING  | execution.order_manager:validate_signal_with_fee_filter:245 - [OrderManager] Fee filter REJECTED: Spread 0.0409% is 4.1x expected 0.0100%. Likely illiquidity. Reject.
2026-06-05 14:17:46.669 | INFO     | knowledge.strategy_library:evaluate:302 - [Absorption] SIGNAL: BUY @ 2.4435 | SL=2.3875 TP=3.2435 | Regime=ACCUMULATION | Score=6.02
2026-06-05 14:17:46.670 | WARNING  | execution.order_manager:validate_signal_with_fee_filter:245 - [OrderManager] Fee filter REJECTED: Spread 0.0409% is 4.1x expected 0.0100%. Likely illiquidity. Reject.
2026-06-05 14:17:46.754 | INFO     | knowledge.strategy_library:evaluate:302 - [Absorption] SIGNAL: BUY @ 2.4445 | SL=2.3885 TP=3.2445 | Regime=ACCUMULATION | Score=5.22
2026-06-05 14:17:46.755 | WARNING  | execution.order_manager:validate_signal_with_fee_filter:245 - [OrderManager] Fee filter REJECTED: Spread 0.0409% is 4.1x expected 0.0100%. Likely illiquidity. Reject.
2026-06-05 14:17:46.855 | INFO     | knowledge.strategy_library:evaluate:302 - [Absorption] SIGNAL: BUY @ 2.4445 | SL=2.3885 TP=3.2445 | Regime=ACCUMULATION | Score=5.31
2026-06-05 14:17:46.857 | WARNING  | execution.order_manager:validate_signal_with_fee_filter:245 - [OrderManager] Fee filter REJECTED: Spread 0.0409% is 4.1x expected 0.0100%. Likely illiquidity. Reject.
2026-06-05 14:17:46.951 | INFO     | knowledge.strategy_library:evaluate:302 - [Absorption] SIGNAL: BUY @ 2.4445 | SL=2.3885 TP=3.2445 | Regime=ACCUMULATION | Score=5.31
2026-06-05 14:17:46.952 | WARNING  | execution.order_manager:validate_signal_with_fee_filter:245 - [OrderManager] Fee filter REJECTED: Spread 0.0409% is 4.1x expected 0.0100%. Likely illiquidity. Reject.
2026-06-05 14:17:47.057 | INFO     | knowledge.strategy_library:evaluate:302 - [Absorption] SIGNAL: BUY @ 2.4445 | SL=2.3885 TP=3.2445 | Regime=ACCUMULATION | Score=5.31
2026-06-05 14:17:47.058 | WARNING  | execution.order_manager:validate_signal_with_fee_filter:245 - [OrderManager] Fee filter REJECTED: Spread 0.0409% is 4.1x expected 0.0100%. Likely illiquidity. Reject.
2026-06-05 14:17:47.156 | INFO     | knowledge.strategy_library:evaluate:302 - [Absorption] SIGNAL: BUY @ 2.4445 | SL=2.3885 TP=3.2445 | Regime=ACCUMULATION | Score=5.34
2026-06-05 14:17:47.157 | WARNING  | execution.order_manager:validate_signal_with_fee_filter:245 - [OrderManager] Fee filter REJECTED: Spread 0.0409% is 4.1x expected 0.0100%. Likely illiquidity. Reject.
2026-06-05 14:17:47.259 | INFO     | knowledge.strategy_library:evaluate:302 - [Absorption] SIGNAL: BUY @ 2.4445 | SL=2.3885 TP=3.2445 | Regime=ACCUMULATION | Score=6.02
2026-06-05 14:17:47.260 | WARNING  | execution.order_manager:validate_signal_with_fee_filter:245 - [OrderManager] Fee filter REJECTED: Spread 0.0409% is 4.1x expected 0.0100%. Likely illiquidity. Reject.
2026-06-05 14:17:47.364 | INFO     | knowledge.strategy_library:evaluate:302 - [Absorption] SIGNAL: BUY @ 2.4455 | SL=2.3825 TP=3.3455 | Regime=ACCUMULATION | Score=5.84
2026-06-05 14:17:47.366 | WARNING  | execution.order_manager:validate_signal_with_fee_filter:245 - [OrderManager] Fee filter REJECTED: Spread 0.0409% is 4.1x expected 0.0100%. Likely illiquidity. Reject.
2026-06-05 14:17:47.457 | INFO     | knowledge.strategy_library:evaluate:302 - [Absorption] SIGNAL: STRONG_BUY @ 2.4455 | SL=2.3825 TP=3.3455 | Regime=ACCUMULATION | Score=5.22
2026-06-05 14:17:47.458 | WARNING  | execution.order_manager:validate_signal_with_fee_filter:245 - [OrderManager] Fee filter REJECTED: Spread 0.0409% is 4.1x expected 0.0100%. Likely illiquidity. Reject.
2026-06-05 14:17:47.661 | INFO     | knowledge.strategy_library:evaluate:302 - [Absorption] SIGNAL: STRONG_BUY @ 2.4455 | SL=2.3825 TP=3.3455 | Regime=ACCUMULATION | Score=5.17
2026-06-05 14:17:47.662 | WARNING  | execution.order_manager:validate_signal_with_fee_filter:245 - [OrderManager] Fee filter REJECTED: Spread 0.0409% is 4.1x expected 0.0100%. Likely illiquidity. Reject.
2026-06-05 14:17:47.757 | INFO     | knowledge.strategy_library:evaluate:302 - [Absorption] SIGNAL: BUY @ 2.4455 | SL=2.3825 TP=3.3455 | Regime=ACCUMULATION | Score=4.45
2026-06-05 14:17:47.759 | WARNING  | execution.order_manager:validate_signal_with_fee_filter:245 - [OrderManager] Fee filter REJECTED: Spread 0.0409% is 4.1x expected 0.0100%. Likely illiquidity. Reject.
2026-06-05 14:17:47.863 | INFO     | knowledge.strategy_library:evaluate:302 - [Absorption] SIGNAL: BUY @ 2.4455 | SL=2.3825 TP=3.3455 | Regime=ACCUMULATION | Score=4.32
2026-06-05 14:17:47.864 | WARNING  | execution.order_manager:validate_signal_with_fee_filter:245 - [OrderManager] Fee filter REJECTED: Spread 0.0409% is 4.1x expected 0.0100%. Likely illiquidity. Reject.
2026-06-05 14:17:48.052 | INFO     | knowledge.strategy_library:evaluate:302 - [Absorption] SIGNAL: BUY @ 2.4455 | SL=2.3825 TP=3.3455 | Regime=ACCUMULATION | Score=4.32
2026-06-05 14:17:48.054 | WARNING  | execution.order_manager:validate_signal_with_fee_filter:245 - [OrderManager] Fee filter REJECTED: Spread 0.0409% is 4.1x expected 0.0100%. Likely illiquidity. Reject.
2026-06-05 14:17:48.159 | INFO     | knowledge.strategy_library:evaluate:302 - [Absorption] SIGNAL: BUY @ 2.4455 | SL=2.3825 TP=3.3455 | Regime=ACCUMULATION | Score=4.25
2026-06-05 14:17:48.159 | WARNING  | execution.order_manager:validate_signal_with_fee_filter:245 - [OrderManager] Fee filter REJECTED: Spread 0.0409% is 4.1x expected 0.0100%. Likely illiquidity. Reject.
2026-06-05 14:17:48.265 | INFO     | knowledge.strategy_library:evaluate:302 - [Absorption] SIGNAL: BUY @ 2.4455 | SL=2.3825 TP=3.3455 | Regime=ACCUMULATION | Score=4.22
2026-06-05 14:17:48.267 | WARNING  | execution.order_manager:validate_signal_with_fee_filter:245 - [OrderManager] Fee filter REJECTED: Spread 0.0409% is 4.1x expected 0.0100%. Likely illiquidity. Reject.
2026-06-05 14:17:48.643 | INFO     | knowledge.strategy_library:evaluate:302 - [Absorption] SIGNAL: BUY @ 2.4455 | SL=2.3825 TP=3.3455 | Regime=ACCUMULATION | Score=7.16
2026-06-05 14:17:48.644 | WARNING  | execution.order_manager:validate_signal_with_fee_filter:245 - [OrderManager] Fee filter REJECTED: Spread 0.0409% is 4.1x expected 0.0100%. Likely illiquidity. Reject.
2026-06-05 14:17:48.951 | INFO     | knowledge.strategy_library:evaluate:302 - [Absorption] SIGNAL: BUY @ 2.4455 | SL=2.3825 TP=3.3455 | Regime=ACCUMULATION | Score=7.16
2026-06-05 14:17:48.953 | WARNING  | execution.order_manager:validate_signal_with_fee_filter:245 - [OrderManager] Fee filter REJECTED: Spread 0.0409% is 4.1x expected 0.0100%. Likely illiquidity. Reject.
2026-06-05 14:17:49.055 | INFO     | knowledge.strategy_library:evaluate:302 - [Absorption] SIGNAL: BUY @ 2.4455 | SL=2.3825 TP=3.3455 | Regime=ACCUMULATION | Score=7.11
2026-06-05 14:17:49.056 | WARNING  | execution.order_manager:validate_signal_with_fee_filter:245 - [OrderManager] Fee filter REJECTED: Spread 0.0409% is 4.1x expected 0.0100%. Likely illiquidity. Reject.
2026-06-05 14:17:49.353 | INFO     | knowledge.strategy_library:evaluate:302 - [Absorption] SIGNAL: BUY @ 2.4455 | SL=2.3825 TP=3.3455 | Regime=ACCUMULATION | Score=7.11
2026-06-05 14:17:49.354 | WARNING  | execution.order_manager:validate_signal_with_fee_filter:245 - [OrderManager] Fee filter REJECTED: Spread 0.0409% is 4.1x expected 0.0100%. Likely illiquidity. Reject.
2026-06-05 14:17:49.575 | INFO     | knowledge.strategy_library:evaluate:302 - [Absorption] SIGNAL: BUY @ 2.4455 | SL=2.3825 TP=3.3455 | Regime=ACCUMULATION | Score=7.11
2026-06-05 14:17:49.576 | WARNING  | execution.order_manager:validate_signal_with_fee_filter:245 - [OrderManager] Fee filter REJECTED: Spread 0.0409% is 4.1x expected 0.0100%. Likely illiquidity. Reject.
2026-06-05 14:17:49.658 | INFO     | knowledge.strategy_library:evaluate:302 - [Absorption] SIGNAL: BUY @ 2.4455 | SL=2.3825 TP=3.3455 | Regime=ACCUMULATION | Score=7.11
2026-06-05 14:17:49.660 | WARNING  | execution.order_manager:validate_signal_with_fee_filter:245 - [OrderManager] Fee filter REJECTED: Spread 0.0409% is 4.1x expected 0.0100%. Likely illiquidity. Reject.
2026-06-05 14:17:49.754 | INFO     | knowledge.strategy_library:evaluate:302 - [Absorption] SIGNAL: BUY @ 2.4455 | SL=2.3825 TP=3.3455 | Regime=ACCUMULATION | Score=7.33
2026-06-05 14:17:49.756 | WARNING  | execution.order_manager:validate_signal_with_fee_filter:245 - [OrderManager] Fee filter REJECTED: Spread 0.0409% is 4.1x expected 0.0100%. Likely illiquidity. Reject.
2026-06-05 14:17:49.865 | INFO     | knowledge.strategy_library:evaluate:302 - [Absorption] SIGNAL: BUY @ 2.4445 | SL=2.3815 TP=3.3445 | Regime=ACCUMULATION | Score=8.04
2026-06-05 14:17:49.867 | WARNING  | execution.order_manager:validate_signal_with_fee_filter:245 - [OrderManager] Fee filter REJECTED: Spread 0.0409% is 4.1x expected 0.0100%. Likely illiquidity. Reject.
2026-06-05 14:17:49.953 | INFO     | knowledge.strategy_library:evaluate:302 - [Absorption] SIGNAL: BUY @ 2.4455 | SL=2.3825 TP=3.3455 | Regime=ACCUMULATION | Score=7.34
2026-06-05 14:17:49.954 | WARNING  | execution.order_manager:validate_signal_with_fee_filter:245 - [OrderManager] Fee filter REJECTED: Spread 0.0409% is 4.1x expected 0.0100%. Likely illiquidity. Reject.
2026-06-05 14:17:50.058 | INFO     | knowledge.strategy_library:evaluate:302 - [Absorption] SIGNAL: BUY @ 2.4445 | SL=2.3815 TP=3.3445 | Regime=ACCUMULATION | Score=8.04
2026-06-05 14:17:50.060 | WARNING  | execution.order_manager:validate_signal_with_fee_filter:245 - [OrderManager] Fee filter REJECTED: Spread 0.0409% is 4.1x expected 0.0100%. Likely illiquidity. Reject.
2026-06-05 14:17:50.168 | INFO     | knowledge.strategy_library:evaluate:302 - [Absorption] SIGNAL: BUY @ 2.4445 | SL=2.3815 TP=3.3445 | Regime=ACCUMULATION | Score=8.10
2026-06-05 14:17:50.171 | WARNING  | execution.order_manager:validate_signal_with_fee_filter:245 - [OrderManager] Fee filter REJECTED: Spread 0.0409% is 4.1x expected 0.0100%. Likely illiquidity. Reject.
2026-06-05 14:17:50.494 | INFO     | knowledge.strategy_library:evaluate:302 - [Absorption] SIGNAL: BUY @ 2.4450 | SL=2.3820 TP=3.3450 | Regime=ACCUMULATION | Score=7.97
2026-06-05 14:17:50.495 | WARNING  | execution.order_manager:validate_signal_with_fee_filter:245 - [OrderManager] Fee filter REJECTED: Spread 0.0818% is 8.2x expected 0.0100%. Likely illiquidity. Reject.
2026-06-05 14:17:50.959 | INFO     | knowledge.strategy_library:evaluate:302 - [Absorption] SIGNAL: BUY @ 2.4450 | SL=2.3820 TP=3.3450 | Regime=ACCUMULATION | Score=7.96
2026-06-05 14:17:50.960 | WARNING  | execution.order_manager:validate_signal_with_fee_filter:245 - [OrderManager] Fee filter REJECTED: Spread 0.0818% is 8.2x expected 0.0100%. Likely illiquidity. Reject.
2026-06-05 14:17:51.257 | INFO     | knowledge.strategy_library:evaluate:302 - [Absorption] SIGNAL: BUY @ 2.4450 | SL=2.3820 TP=3.3450 | Regime=ACCUMULATION | Score=8.15
2026-06-05 14:17:51.258 | WARNING  | execution.order_manager:validate_signal_with_fee_filter:245 - [OrderManager] Fee filter REJECTED: Spread 0.0818% is 8.2x expected 0.0100%. Likely illiquidity. Reject.
2026-06-05 14:17:51.655 | INFO     | knowledge.strategy_library:evaluate:302 - [Absorption] SIGNAL: BUY @ 2.4450 | SL=2.3820 TP=3.3450 | Regime=ACCUMULATION | Score=8.15
2026-06-05 14:17:51.657 | WARNING  | execution.order_manager:validate_signal_with_fee_filter:245 - [OrderManager] Fee filter REJECTED: Spread 0.0818% is 8.2x expected 0.0100%. Likely illiquidity. Reject.
2026-06-05 14:17:52.152 | INFO     | knowledge.strategy_library:evaluate:302 - [Absorption] SIGNAL: BUY @ 2.4450 | SL=2.3820 TP=3.3450 | Regime=ACCUMULATION | Score=8.04
2026-06-05 14:17:52.154 | WARNING  | execution.order_manager:validate_signal_with_fee_filter:245 - [OrderManager] Fee filter REJECTED: Spread 0.0818% is 8.2x expected 0.0100%. Likely illiquidity. Reject.
2026-06-05 14:17:52.353 | INFO     | knowledge.strategy_library:evaluate:302 - [Absorption] SIGNAL: BUY @ 2.4450 | SL=2.3820 TP=3.3450 | Regime=ACCUMULATION | Score=8.04
2026-06-05 14:17:52.354 | WARNING  | execution.order_manager:validate_signal_with_fee_filter:245 - [OrderManager] Fee filter REJECTED: Spread 0.0818% is 8.2x expected 0.0100%. Likely illiquidity. Reject.
2026-06-05 14:17:52.459 | INFO     | knowledge.strategy_library:evaluate:302 - [Absorption] SIGNAL: BUY @ 2.4445 | SL=2.3815 TP=3.3445 | Regime=ACCUMULATION | Score=8.13
2026-06-05 14:17:52.460 | WARNING  | execution.order_manager:validate_signal_with_fee_filter:245 - [OrderManager] Fee filter REJECTED: Spread 0.0409% is 4.1x expected 0.0100%. Likely illiquidity. Reject.
2026-06-05 14:17:52.566 | INFO     | knowledge.strategy_library:evaluate:302 - [Absorption] SIGNAL: BUY @ 2.4445 | SL=2.3815 TP=3.3445 | Regime=ACCUMULATION | Score=8.04
2026-06-05 14:17:52.567 | WARNING  | execution.order_manager:validate_signal_with_fee_filter:245 - [OrderManager] Fee filter REJECTED: Spread 0.0409% is 4.1x expected 0.0100%. Likely illiquidity. Reject.
2026-06-05 14:17:52.662 | INFO     | knowledge.strategy_library:evaluate:302 - [Absorption] SIGNAL: BUY @ 2.4445 | SL=2.3815 TP=3.3445 | Regime=ACCUMULATION | Score=7.96
2026-06-05 14:17:52.664 | WARNING  | execution.order_manager:validate_signal_with_fee_filter:245 - [OrderManager] Fee filter REJECTED: Spread 0.0409% is 4.1x expected 0.0100%. Likely illiquidity. Reject.
2026-06-05 14:17:52.856 | INFO     | knowledge.strategy_library:evaluate:302 - [Absorption] SIGNAL: BUY @ 2.4445 | SL=2.3815 TP=3.3445 | Regime=ACCUMULATION | Score=7.96
2026-06-05 14:17:52.857 | WARNING  | execution.order_manager:validate_signal_with_fee_filter:245 - [OrderManager] Fee filter REJECTED: Spread 0.0409% is 4.1x expected 0.0100%. Likely illiquidity. Reject.
2026-06-05 14:17:52.969 | INFO     | knowledge.strategy_library:evaluate:302 - [Absorption] SIGNAL: BUY @ 2.4445 | SL=2.3815 TP=3.3445 | Regime=ACCUMULATION | Score=8.03
2026-06-05 14:17:52.970 | WARNING  | execution.order_manager:validate_signal_with_fee_filter:245 - [OrderManager] Fee filter REJECTED: Spread 0.0409% is 4.1x expected 0.0100%. Likely illiquidity. Reject.
2026-06-05 14:17:53.258 | INFO     | knowledge.strategy_library:evaluate:302 - [Absorption] SIGNAL: BUY @ 2.4445 | SL=2.3815 TP=3.3445 | Regime=ACCUMULATION | Score=8.04
2026-06-05 14:17:53.259 | WARNING  | execution.order_manager:validate_signal_with_fee_filter:245 - [OrderManager] Fee filter REJECTED: Spread 0.0409% is 4.1x expected 0.0100%. Likely illiquidity. Reject.
2026-06-05 14:17:53.356 | INFO     | knowledge.strategy_library:evaluate:302 - [Absorption] SIGNAL: BUY @ 2.4445 | SL=2.3815 TP=3.3445 | Regime=ACCUMULATION | Score=8.04
2026-06-05 14:17:53.357 | WARNING  | execution.order_manager:validate_signal_with_fee_filter:245 - [OrderManager] Fee filter REJECTED: Spread 0.0409% is 4.1x expected 0.0100%. Likely illiquidity. Reject.
2026-06-05 14:17:53.858 | INFO     | knowledge.strategy_library:evaluate:302 - [Absorption] SIGNAL: BUY @ 2.4435 | SL=2.3805 TP=3.3435 | Regime=ACCUMULATION | Score=7.52
2026-06-05 14:17:53.859 | WARNING  | execution.order_manager:validate_signal_with_fee_filter:245 - [OrderManager] Fee filter REJECTED: Spread 0.0409% is 4.1x expected 0.0100%. Likely illiquidity. Reject.
2026-06-05 14:17:53.955 | INFO     | knowledge.strategy_library:evaluate:302 - [Absorption] SIGNAL: BUY @ 2.4435 | SL=2.3805 TP=3.3435 | Regime=ACCUMULATION | Score=7.45
2026-06-05 14:17:53.956 | WARNING  | execution.order_manager:validate_signal_with_fee_filter:245 - [OrderManager] Fee filter REJECTED: Spread 0.0409% is 4.1x expected 0.0100%. Likely illiquidity. Reject.
2026-06-05 14:17:54.156 | INFO     | knowledge.strategy_library:evaluate:302 - [Absorption] SIGNAL: BUY @ 2.4435 | SL=2.3805 TP=3.3435 | Regime=ACCUMULATION | Score=7.41
2026-06-05 14:17:54.157 | WARNING  | execution.order_manager:validate_signal_with_fee_filter:245 - [OrderManager] Fee filter REJECTED: Spread 0.0409% is 4.1x expected 0.0100%. Likely illiquidity. Reject.
2026-06-05 14:17:54.269 | INFO     | knowledge.strategy_library:evaluate:302 - [Absorption] SIGNAL: BUY @ 2.4435 | SL=2.3805 TP=3.3435 | Regime=ACCUMULATION | Score=7.43
2026-06-05 14:17:54.270 | WARNING  | execution.order_manager:validate_signal_with_fee_filter:245 - [OrderManager] Fee filter REJECTED: Spread 0.0409% is 4.1x expected 0.0100%. Likely illiquidity. Reject.
2026-06-05 14:17:54.357 | INFO     | knowledge.strategy_library:evaluate:302 - [Absorption] SIGNAL: BUY @ 2.4435 | SL=2.3805 TP=3.3435 | Regime=ACCUMULATION | Score=7.78
2026-06-05 14:17:54.359 | WARNING  | execution.order_manager:validate_signal_with_fee_filter:245 - [OrderManager] Fee filter REJECTED: Spread 0.0409% is 4.1x expected 0.0100%. Likely illiquidity. Reject.
2026-06-05 14:17:54.458 | INFO     | knowledge.strategy_library:evaluate:302 - [Absorption] SIGNAL: BUY @ 2.4435 | SL=2.3805 TP=3.3435 | Regime=ACCUMULATION | Score=7.78
2026-06-05 14:17:54.459 | WARNING  | execution.order_manager:validate_signal_with_fee_filter:245 - [OrderManager] Fee filter REJECTED: Spread 0.0409% is 4.1x expected 0.0100%. Likely illiquidity. Reject.
2026-06-05 14:17:54.855 | INFO     | knowledge.strategy_library:evaluate:302 - [Absorption] SIGNAL: BUY @ 2.4435 | SL=2.3805 TP=3.3435 | Regime=ACCUMULATION | Score=7.79
2026-06-05 14:17:54.856 | WARNING  | execution.order_manager:validate_signal_with_fee_filter:245 - [OrderManager] Fee filter REJECTED: Spread 0.0409% is 4.1x expected 0.0100%. Likely illiquidity. Reject.
2026-06-05 14:17:56.159 | INFO     | knowledge.strategy_library:evaluate:302 - [Absorption] SIGNAL: BUY @ 2.4440 | SL=2.3810 TP=3.3440 | Regime=ACCUMULATION | Score=7.15
2026-06-05 14:17:56.160 | WARNING  | execution.order_manager:validate_signal_with_fee_filter:245 - [OrderManager] Fee filter REJECTED: Spread 0.0818% is 8.2x expected 0.0100%. Likely illiquidity. Reject.
2026-06-05 14:17:56.460 | INFO     | knowledge.strategy_library:evaluate:302 - [Absorption] SIGNAL: BUY @ 2.4440 | SL=2.3810 TP=3.3440 | Regime=ACCUMULATION | Score=7.22
2026-06-05 14:17:56.461 | WARNING  | execution.order_manager:validate_signal_with_fee_filter:245 - [OrderManager] Fee filter REJECTED: Spread 0.0818% is 8.2x expected 0.0100%. Likely illiquidity. Reject.
2026-06-05 14:17:56.879 | INFO     | knowledge.strategy_library:evaluate:302 - [Absorption] SIGNAL: BUY @ 2.4435 | SL=2.3805 TP=3.3435 | Regime=ACCUMULATION | Score=7.66
2026-06-05 14:17:56.880 | WARNING  | execution.order_manager:validate_signal_with_fee_filter:245 - [OrderManager] Fee filter REJECTED: Spread 0.0409% is 4.1x expected 0.0100%. Likely illiquidity. Reject.
2026-06-05 14:17:56.955 | INFO     | knowledge.strategy_library:evaluate:302 - [Absorption] SIGNAL: BUY @ 2.4435 | SL=2.3805 TP=3.3435 | Regime=ACCUMULATION | Score=7.67
2026-06-05 14:17:56.958 | WARNING  | execution.order_manager:validate_signal_with_fee_filter:245 - [OrderManager] Fee filter REJECTED: Spread 0.0409% is 4.1x expected 0.0100%. Likely illiquidity. Reject.
2026-06-05 14:17:57.056 | INFO     | knowledge.strategy_library:evaluate:302 - [Absorption] SIGNAL: BUY @ 2.4435 | SL=2.3805 TP=3.3435 | Regime=ACCUMULATION | Score=7.70
2026-06-05 14:17:57.057 | WARNING  | execution.order_manager:validate_signal_with_fee_filter:245 - [OrderManager] Fee filter REJECTED: Spread 0.0409% is 4.1x expected 0.0100%. Likely illiquidity. Reject.
2026-06-05 14:17:57.457 | INFO     | knowledge.strategy_library:evaluate:302 - [Absorption] SIGNAL: BUY @ 2.4435 | SL=2.3805 TP=3.3435 | Regime=ACCUMULATION | Score=7.86
2026-06-05 14:17:57.458 | WARNING  | execution.order_manager:validate_signal_with_fee_filter:245 - [OrderManager] Fee filter REJECTED: Spread 0.0409% is 4.1x expected 0.0100%. Likely illiquidity. Reject.
2026-06-05 14:17:57.776 | INFO     | knowledge.strategy_library:evaluate:302 - [Absorption] SIGNAL: BUY @ 2.4435 | SL=2.3805 TP=3.3435 | Regime=ACCUMULATION | Score=7.86
2026-06-05 14:17:57.777 | WARNING  | execution.order_manager:validate_signal_with_fee_filter:245 - [OrderManager] Fee filter REJECTED: Spread 0.0409% is 4.1x expected 0.0100%. Likely illiquidity. Reject.
2026-06-05 14:17:58.154 | INFO     | knowledge.strategy_library:evaluate:302 - [Absorption] SIGNAL: BUY @ 2.4435 | SL=2.3805 TP=3.3435 | Regime=ACCUMULATION | Score=8.07
2026-06-05 14:17:58.156 | WARNING  | execution.order_manager:validate_signal_with_fee_filter:245 - [OrderManager] Fee filter REJECTED: Spread 0.0409% is 4.1x expected 0.0100%. Likely illiquidity. Reject.
2026-06-05 14:17:58.256 | INFO     | knowledge.strategy_library:evaluate:302 - [Absorption] SIGNAL: BUY @ 2.4445 | SL=2.3815 TP=3.3445 | Regime=ACCUMULATION | Score=8.11
2026-06-05 14:17:58.257 | WARNING  | execution.order_manager:validate_signal_with_fee_filter:245 - [OrderManager] Fee filter REJECTED: Spread 0.0409% is 4.1x expected 0.0100%. Likely illiquidity. Reject.
2026-06-05 14:17:58.358 | INFO     | knowledge.strategy_library:evaluate:302 - [Absorption] SIGNAL: BUY @ 2.4445 | SL=2.3815 TP=3.3445 | Regime=ACCUMULATION | Score=8.07
2026-06-05 14:17:58.360 | WARNING  | execution.order_manager:validate_signal_with_fee_filter:245 - [OrderManager] Fee filter REJECTED: Spread 0.0409% is 4.1x expected 0.0100%. Likely illiquidity. Reject.
2026-06-05 14:17:58.445 | INFO     | knowledge.strategy_library:evaluate:302 - [Absorption] SIGNAL: BUY @ 2.4445 | SL=2.3815 TP=3.3445 | Regime=ACCUMULATION | Score=8.07
2026-06-05 14:17:58.445 | WARNING  | execution.order_manager:validate_signal_with_fee_filter:245 - [OrderManager] Fee filter REJECTED: Spread 0.0409% is 4.1x expected 0.0100%. Likely illiquidity. Reject.
2026-06-05 14:17:59.594 | INFO     | knowledge.strategy_library:evaluate:302 - [Absorption] SIGNAL: BUY @ 2.4445 | SL=2.3815 TP=3.3445 | Regime=ACCUMULATION | Score=8.10
2026-06-05 14:17:59.595 | WARNING  | execution.order_manager:validate_signal_with_fee_filter:245 - [OrderManager] Fee filter REJECTED: Spread 0.0409% is 4.1x expected 0.0100%. Likely illiquidity. Reject.
2026-06-05 14:18:00.154 | INFO     | knowledge.strategy_library:evaluate:302 - [Absorption] SIGNAL: BUY @ 2.4445 | SL=2.3815 TP=3.3445 | Regime=ACCUMULATION | Score=8.10
2026-06-05 14:18:00.155 | WARNING  | execution.order_manager:validate_signal_with_fee_filter:245 - [OrderManager] Fee filter REJECTED: Spread 0.0409% is 4.1x expected 0.0100%. Likely illiquidity. Reject.
2026-06-05 14:18:00.255 | INFO     | knowledge.strategy_library:evaluate:302 - [Absorption] SIGNAL: BUY @ 2.4445 | SL=2.3815 TP=3.3445 | Regime=ACCUMULATION | Score=8.10
2026-06-05 14:18:00.256 | WARNING  | execution.order_manager:validate_signal_with_fee_filter:245 - [OrderManager] Fee filter REJECTED: Spread 0.0409% is 4.1x expected 0.0100%. Likely illiquidity. Reject.
2026-06-05 14:18:00.553 | INFO     | knowledge.strategy_library:evaluate:302 - [Absorption] SIGNAL: BUY @ 2.4445 | SL=2.3815 TP=3.3445 | Regime=ACCUMULATION | Score=8.33
2026-06-05 14:18:00.555 | WARNING  | execution.order_manager:validate_signal_with_fee_filter:245 - [OrderManager] Fee filter REJECTED: Spread 0.0409% is 4.1x expected 0.0100%. Likely illiquidity. Reject.
2026-06-05 14:18:00.870 | INFO     | knowledge.strategy_library:evaluate:302 - [Absorption] SIGNAL: BUY @ 2.4445 | SL=2.3815 TP=3.3445 | Regime=ACCUMULATION | Score=8.33
2026-06-05 14:18:00.871 | WARNING  | execution.order_manager:validate_signal_with_fee_filter:245 - [OrderManager] Fee filter REJECTED: Spread 0.0409% is 4.1x expected 0.0100%. Likely illiquidity. Reject.
2026-06-05 14:18:00.969 | INFO     | knowledge.strategy_library:evaluate:302 - [Absorption] SIGNAL: BUY @ 2.4445 | SL=2.3815 TP=3.3445 | Regime=ACCUMULATION | Score=8.33
2026-06-05 14:18:00.971 | WARNING  | execution.order_manager:validate_signal_with_fee_filter:245 - [OrderManager] Fee filter REJECTED: Spread 0.0409% is 4.1x expected 0.0100%. Likely illiquidity. Reject.
2026-06-05 14:18:01.169 | INFO     | knowledge.strategy_library:evaluate:302 - [Absorption] SIGNAL: BUY @ 2.4445 | SL=2.3815 TP=3.3445 | Regime=ACCUMULATION | Score=8.30
2026-06-05 14:18:01.170 | WARNING  | execution.order_manager:validate_signal_with_fee_filter:245 - [OrderManager] Fee filter REJECTED: Spread 0.0409% is 4.1x expected 0.0100%. Likely illiquidity. Reject.
2026-06-05 14:18:01.454 | INFO     | knowledge.strategy_library:evaluate:302 - [Absorption] SIGNAL: BUY @ 2.4445 | SL=2.3815 TP=3.3445 | Regime=ACCUMULATION | Score=8.33
2026-06-05 14:18:01.455 | WARNING  | execution.order_manager:validate_signal_with_fee_filter:245 - [OrderManager] Fee filter REJECTED: Spread 0.0409% is 4.1x expected 0.0100%. Likely illiquidity. Reject.
2026-06-05 14:18:01.760 | INFO     | knowledge.strategy_library:evaluate:302 - [Absorption] SIGNAL: BUY @ 2.4445 | SL=2.3815 TP=3.3445 | Regime=ACCUMULATION | Score=8.33
2026-06-05 14:18:01.761 | WARNING  | execution.order_manager:validate_signal_with_fee_filter:245 - [OrderManager] Fee filter REJECTED: Spread 0.0409% is 4.1x expected 0.0100%. Likely illiquidity. Reject.
2026-06-05 14:18:01.968 | INFO     | knowledge.strategy_library:evaluate:302 - [Absorption] SIGNAL: BUY @ 2.4455 | SL=2.3825 TP=3.3455 | Regime=ACCUMULATION | Score=8.22
2026-06-05 14:18:01.970 | WARNING  | execution.order_manager:validate_signal_with_fee_filter:245 - [OrderManager] Fee filter REJECTED: Spread 0.0409% is 4.1x expected 0.0100%. Likely illiquidity. Reject.
2026-06-05 14:18:02.054 | INFO     | knowledge.strategy_library:evaluate:302 - [Absorption] SIGNAL: BUY @ 2.4455 | SL=2.3825 TP=3.3455 | Regime=ACCUMULATION | Score=8.32
2026-06-05 14:18:02.054 | WARNING  | execution.order_manager:validate_signal_with_fee_filter:245 - [OrderManager] Fee filter REJECTED: Spread 0.0409% is 4.1x expected 0.0100%. Likely illiquidity. Reject.
2026-06-05 14:18:02.153 | INFO     | knowledge.strategy_library:evaluate:302 - [Absorption] SIGNAL: BUY @ 2.4455 | SL=2.3825 TP=3.3455 | Regime=ACCUMULATION | Score=8.36
2026-06-05 14:18:02.154 | WARNING  | execution.order_manager:validate_signal_with_fee_filter:245 - [OrderManager] Fee filter REJECTED: Spread 0.0409% is 4.1x expected 0.0100%. Likely illiquidity. Reject.
2026-06-05 14:18:02.250 | INFO     | knowledge.strategy_library:evaluate:302 - [Absorption] SIGNAL: BUY @ 2.4455 | SL=2.3825 TP=3.3455 | Regime=ACCUMULATION | Score=8.95
2026-06-05 14:18:02.252 | WARNING  | execution.order_manager:validate_signal_with_fee_filter:245 - [OrderManager] Fee filter REJECTED: Spread 0.0409% is 4.1x expected 0.0100%. Likely illiquidity. Reject.
2026-06-05 14:18:02.354 | INFO     | knowledge.strategy_library:evaluate:302 - [Absorption] SIGNAL: STRONG_BUY @ 2.4455 | SL=2.3825 TP=3.3455 | Regime=ACCUMULATION | Score=9.00
2026-06-05 14:18:02.355 | WARNING  | execution.order_manager:validate_signal_with_fee_filter:245 - [OrderManager] Fee filter REJECTED: Spread 0.0409% is 4.1x expected 0.0100%. Likely illiquidity. Reject.
2026-06-05 14:18:02.452 | INFO     | knowledge.strategy_library:evaluate:302 - [Absorption] SIGNAL: STRONG_BUY @ 2.4455 | SL=2.3895 TP=3.2455 | Regime=ACCUMULATION | Score=8.90
2026-06-05 14:18:02.453 | WARNING  | execution.order_manager:validate_signal_with_fee_filter:245 - [OrderManager] Fee filter REJECTED: Spread 0.0409% is 4.1x expected 0.0100%. Likely illiquidity. Reject.
2026-06-05 14:18:02.558 | INFO     | knowledge.strategy_library:evaluate:302 - [Absorption] SIGNAL: STRONG_BUY @ 2.4455 | SL=2.3895 TP=3.2455 | Regime=ACCUMULATION | Score=9.00
2026-06-05 14:18:02.559 | WARNING  | execution.order_manager:validate_signal_with_fee_filter:245 - [OrderManager] Fee filter REJECTED: Spread 0.0409% is 4.1x expected 0.0100%. Likely illiquidity. Reject.
2026-06-05 14:18:02.858 | INFO     | knowledge.strategy_library:evaluate:302 - [Absorption] SIGNAL: STRONG_BUY @ 2.4465 | SL=2.3835 TP=3.3465 | Regime=ACCUMULATION | Score=8.46
2026-06-05 14:18:02.859 | WARNING  | execution.order_manager:validate_signal_with_fee_filter:245 - [OrderManager] Fee filter REJECTED: Spread 0.0409% is 4.1x expected 0.0100%. Likely illiquidity. Reject.
2026-06-05 14:18:02.957 | INFO     | knowledge.strategy_library:evaluate:302 - [Absorption] SIGNAL: BUY @ 2.4465 | SL=2.3835 TP=3.3465 | Regime=ACCUMULATION | Score=7.51
2026-06-05 14:18:02.958 | WARNING  | execution.order_manager:validate_signal_with_fee_filter:245 - [OrderManager] Fee filter REJECTED: Spread 0.0409% is 4.1x expected 0.0100%. Likely illiquidity. Reject.
2026-06-05 14:18:03.058 | INFO     | knowledge.strategy_library:evaluate:302 - [Absorption] SIGNAL: BUY @ 2.4465 | SL=2.3835 TP=3.3465 | Regime=ACCUMULATION | Score=7.46
2026-06-05 14:18:03.059 | WARNING  | execution.order_manager:validate_signal_with_fee_filter:245 - [OrderManager] Fee filter REJECTED: Spread 0.0409% is 4.1x expected 0.0100%. Likely illiquidity. Reject.
2026-06-05 14:18:03.157 | INFO     | knowledge.strategy_library:evaluate:302 - [Absorption] SIGNAL: STRONG_BUY @ 2.4465 | SL=2.3835 TP=3.3465 | Regime=ACCUMULATION | Score=9.00
2026-06-05 14:18:03.158 | WARNING  | execution.order_manager:validate_signal_with_fee_filter:245 - [OrderManager] Fee filter REJECTED: Spread 0.0409% is 4.1x expected 0.0100%. Likely illiquidity. Reject.
2026-06-05 14:18:03.255 | INFO     | knowledge.strategy_library:evaluate:302 - [Absorption] SIGNAL: STRONG_BUY @ 2.4465 | SL=2.3835 TP=3.3465 | Regime=ACCUMULATION | Score=9.00
2026-06-05 14:18:03.256 | WARNING  | execution.order_manager:validate_signal_with_fee_filter:245 - [OrderManager] Fee filter REJECTED: Spread 0.0409% is 4.1x expected 0.0100%. Likely illiquidity. Reject.
2026-06-05 14:18:03.707 | INFO     | knowledge.strategy_library:evaluate:302 - [Absorption] SIGNAL: STRONG_BUY @ 2.4475 | SL=2.3775 TP=3.4475 | Regime=ACCUMULATION | Score=8.45
2026-06-05 14:18:03.708 | WARNING  | execution.order_manager:validate_signal_with_fee_filter:245 - [OrderManager] Fee filter REJECTED: Spread 0.0409% is 4.1x expected 0.0100%. Likely illiquidity. Reject.
2026-06-05 14:18:03.754 | INFO     | knowledge.strategy_library:evaluate:302 - [Absorption] SIGNAL: BUY @ 2.4475 | SL=2.3775 TP=3.4475 | Regime=ACCUMULATION | Score=7.27
2026-06-05 14:18:03.755 | WARNING  | execution.order_manager:validate_signal_with_fee_filter:245 - [OrderManager] Fee filter REJECTED: Spread 0.0409% is 4.1x expected 0.0100%. Likely illiquidity. Reject.
2026-06-05 14:18:03.858 | INFO     | knowledge.strategy_library:evaluate:302 - [Absorption] SIGNAL: BUY @ 2.4475 | SL=2.3775 TP=3.4475 | Regime=ACCUMULATION | Score=7.27
2026-06-05 14:18:03.859 | WARNING  | execution.order_manager:validate_signal_with_fee_filter:245 - [OrderManager] Fee filter REJECTED: Spread 0.0409% is 4.1x expected 0.0100%. Likely illiquidity. Reject.
2026-06-05 14:18:04.160 | INFO     | knowledge.strategy_library:evaluate:302 - [Absorption] SIGNAL: BUY @ 2.4475 | SL=2.3915 TP=3.2475 | Regime=ACCUMULATION | Score=9.00
2026-06-05 14:18:04.161 | WARNING  | execution.order_manager:validate_signal_with_fee_filter:245 - [OrderManager] Fee filter REJECTED: Spread 0.0409% is 4.1x expected 0.0100%. Likely illiquidity. Reject.
2026-06-05 14:18:04.456 | INFO     | knowledge.strategy_library:evaluate:302 - [Absorption] SIGNAL: BUY @ 2.4475 | SL=2.3915 TP=3.2475 | Regime=ACCUMULATION | Score=9.00
2026-06-05 14:18:04.458 | WARNING  | execution.order_manager:validate_signal_with_fee_filter:245 - [OrderManager] Fee filter REJECTED: Spread 0.0409% is 4.1x expected 0.0100%. Likely illiquidity. Reject.
2026-06-05 14:18:04.853 | INFO     | knowledge.strategy_library:evaluate:302 - [Absorption] SIGNAL: BUY @ 2.4475 | SL=2.3915 TP=3.2475 | Regime=ACCUMULATION | Score=5.00
2026-06-05 14:18:04.854 | WARNING  | execution.order_manager:validate_signal_with_fee_filter:245 - [OrderManager] Fee filter REJECTED: Spread 0.0409% is 4.1x expected 0.0100%. Likely illiquidity. Reject.
2026-06-05 14:18:04.952 | INFO     | knowledge.strategy_library:evaluate:302 - [Absorption] SIGNAL: BUY @ 2.4475 | SL=2.3915 TP=3.2475 | Regime=ACCUMULATION | Score=5.00
2026-06-05 14:18:04.954 | WARNING  | execution.order_manager:validate_signal_with_fee_filter:245 - [OrderManager] Fee filter REJECTED: Spread 0.0409% is 4.1x expected 0.0100%. Likely illiquidity. Reject.
2026-06-05 14:18:05.156 | INFO     | knowledge.strategy_library:evaluate:302 - [Absorption] SIGNAL: BUY @ 2.4475 | SL=2.3915 TP=3.2475 | Regime=ACCUMULATION | Score=5.00
2026-06-05 14:18:05.158 | WARNING  | execution.order_manager:validate_signal_with_fee_filter:245 - [OrderManager] Fee filter REJECTED: Spread 0.0409% is 4.1x expected 0.0100%. Likely illiquidity. Reject.
2026-06-05 14:18:05.259 | INFO     | knowledge.strategy_library:evaluate:302 - [Absorption] SIGNAL: BUY @ 2.4475 | SL=2.3915 TP=3.2475 | Regime=ACCUMULATION | Score=5.00
2026-06-05 14:18:05.260 | WARNING  | execution.order_manager:validate_signal_with_fee_filter:245 - [OrderManager] Fee filter REJECTED: Spread 0.0409% is 4.1x expected 0.0100%. Likely illiquidity. Reject.
2026-06-05 14:18:05.356 | INFO     | knowledge.strategy_library:evaluate:302 - [Absorption] SIGNAL: BUY @ 2.4475 | SL=2.3915 TP=3.2475 | Regime=ACCUMULATION | Score=5.00
2026-06-05 14:18:05.358 | WARNING  | execution.order_manager:validate_signal_with_fee_filter:245 - [OrderManager] Fee filter REJECTED: Spread 0.0409% is 4.1x expected 0.0100%. Likely illiquidity. Reject.
2026-06-05 14:18:05.474 | INFO     | knowledge.strategy_library:evaluate:302 - [Absorption] SIGNAL: BUY @ 2.4485 | SL=2.3855 TP=3.3485 | Regime=ACCUMULATION | Score=5.00
2026-06-05 14:18:05.476 | WARNING  | execution.order_manager:validate_signal_with_fee_filter:245 - [OrderManager] Fee filter REJECTED: Spread 0.0408% is 4.1x expected 0.0100%. Likely illiquidity. Reject.
2026-06-05 14:18:05.565 | INFO     | knowledge.strategy_library:evaluate:302 - [Absorption] SIGNAL: BUY @ 2.4485 | SL=2.3855 TP=3.3485 | Regime=ACCUMULATION | Score=5.00
2026-06-05 14:18:05.567 | WARNING  | execution.order_manager:validate_signal_with_fee_filter:245 - [OrderManager] Fee filter REJECTED: Spread 0.0408% is 4.1x expected 0.0100%. Likely illiquidity. Reject.
2026-06-05 14:18:05.678 | INFO     | knowledge.strategy_library:evaluate:302 - [Absorption] SIGNAL: BUY @ 2.4485 | SL=2.3855 TP=3.3485 | Regime=ACCUMULATION | Score=5.00
2026-06-05 14:18:05.679 | WARNING  | execution.order_manager:validate_signal_with_fee_filter:245 - [OrderManager] Fee filter REJECTED: Spread 0.0408% is 4.1x expected 0.0100%. Likely illiquidity. Reject.
2026-06-05 14:18:05.751 | INFO     | knowledge.strategy_library:evaluate:302 - [Absorption] SIGNAL: BUY @ 2.4485 | SL=2.3855 TP=3.3485 | Regime=ACCUMULATION | Score=4.91
2026-06-05 14:18:05.751 | WARNING  | execution.order_manager:validate_signal_with_fee_filter:245 - [OrderManager] Fee filter REJECTED: Spread 0.0408% is 4.1x expected 0.0100%. Likely illiquidity. Reject.
2026-06-05 14:18:05.867 | INFO     | knowledge.strategy_library:evaluate:302 - [Absorption] SIGNAL: BUY @ 2.4485 | SL=2.3855 TP=3.3485 | Regime=ACCUMULATION | Score=4.65
2026-06-05 14:18:05.868 | WARNING  | execution.order_manager:validate_signal_with_fee_filter:245 - [OrderManager] Fee filter REJECTED: Spread 0.0408% is 4.1x expected 0.0100%. Likely illiquidity. Reject.
2026-06-05 14:18:05.947 | INFO     | knowledge.strategy_library:evaluate:302 - [Absorption] SIGNAL: BUY @ 2.4485 | SL=2.3855 TP=3.3485 | Regime=ACCUMULATION | Score=4.80
2026-06-05 14:18:05.948 | WARNING  | execution.order_manager:validate_signal_with_fee_filter:245 - [OrderManager] Fee filter REJECTED: Spread 0.0408% is 4.1x expected 0.0100%. Likely illiquidity. Reject.
2026-06-05 14:18:06.159 | INFO     | knowledge.strategy_library:evaluate:302 - [Absorption] SIGNAL: BUY @ 2.4485 | SL=2.3855 TP=3.3485 | Regime=ACCUMULATION | Score=4.98
2026-06-05 14:18:06.160 | WARNING  | execution.order_manager:validate_signal_with_fee_filter:245 - [OrderManager] Fee filter REJECTED: Spread 0.0408% is 4.1x expected 0.0100%. Likely illiquidity. Reject.
2026-06-05 14:18:06.259 | INFO     | knowledge.strategy_library:evaluate:302 - [Absorption] SIGNAL: BUY @ 2.4485 | SL=2.3855 TP=3.3485 | Regime=ACCUMULATION | Score=4.91
2026-06-05 14:18:06.260 | WARNING  | execution.order_manager:validate_signal_with_fee_filter:245 - [OrderManager] Fee filter REJECTED: Spread 0.0408% is 4.1x expected 0.0100%. Likely illiquidity. Reject.
2026-06-05 14:18:06.398 | INFO     | knowledge.strategy_library:evaluate:302 - [Absorption] SIGNAL: BUY @ 2.4475 | SL=2.3845 TP=3.3475 | Regime=ACCUMULATION | Score=4.71
2026-06-05 14:18:06.400 | WARNING  | execution.order_manager:validate_signal_with_fee_filter:245 - [OrderManager] Fee filter REJECTED: Spread 0.0409% is 4.1x expected 0.0100%. Likely illiquidity. Reject.
2026-06-05 14:18:06.463 | INFO     | knowledge.strategy_library:evaluate:302 - [Absorption] SIGNAL: BUY @ 2.4480 | SL=2.3850 TP=3.3480 | Regime=ACCUMULATION | Score=4.66
2026-06-05 14:18:06.465 | WARNING  | execution.order_manager:validate_signal_with_fee_filter:245 - [OrderManager] Fee filter REJECTED: Spread 0.0817% is 8.2x expected 0.0100%. Likely illiquidity. Reject.
2026-06-05 14:18:06.565 | INFO     | knowledge.strategy_library:evaluate:302 - [Absorption] SIGNAL: BUY @ 2.4485 | SL=2.3855 TP=3.3485 | Regime=ACCUMULATION | Score=4.88
2026-06-05 14:18:06.567 | WARNING  | execution.order_manager:validate_signal_with_fee_filter:245 - [OrderManager] Fee filter REJECTED: Spread 0.0408% is 4.1x expected 0.0100%. Likely illiquidity. Reject.
2026-06-05 14:18:06.664 | INFO     | knowledge.strategy_library:evaluate:302 - [Absorption] SIGNAL: BUY @ 2.4485 | SL=2.3855 TP=3.3485 | Regime=ACCUMULATION | Score=5.00
2026-06-05 14:18:06.665 | WARNING  | execution.order_manager:validate_signal_with_fee_filter:245 - [OrderManager] Fee filter REJECTED: Spread 0.0408% is 4.1x expected 0.0100%. Likely illiquidity. Reject.
2026-06-05 14:18:08.160 | INFO     | knowledge.strategy_library:evaluate:302 - [Absorption] SIGNAL: BUY @ 2.4495 | SL=2.3795 TP=3.4495 | Regime=ACCUMULATION | Score=5.33
2026-06-05 14:18:08.162 | WARNING  | execution.order_manager:validate_signal_with_fee_filter:245 - [OrderManager] Fee filter REJECTED: Spread 0.0408% is 4.1x expected 0.0100%. Likely illiquidity. Reject.
2026-06-05 14:18:08.163 | INFO     | knowledge.strategy_library:evaluate:302 - [Stacked Imbalance] SIGNAL: BUY @ 2.4495 | SL=2.3795 TP=3.4495 | Regime=ACCUMULATION | Score=2.62
2026-06-05 14:18:08.164 | WARNING  | execution.order_manager:validate_signal_with_fee_filter:245 - [OrderManager] Fee filter REJECTED: Spread 0.0408% is 4.1x expected 0.0100%. Likely illiquidity. Reject.
2026-06-05 14:18:08.262 | INFO     | knowledge.strategy_library:evaluate:302 - [Absorption] SIGNAL: BUY @ 2.4505 | SL=2.3735 TP=3.5505 | Regime=ACCUMULATION | Score=5.33
2026-06-05 14:18:08.263 | WARNING  | execution.order_manager:validate_signal_with_fee_filter:245 - [OrderManager] Fee filter REJECTED: Spread 0.0408% is 4.1x expected 0.0100%. Likely illiquidity. Reject.
2026-06-05 14:18:08.264 | INFO     | knowledge.strategy_library:evaluate:302 - [Stacked Imbalance] SIGNAL: BUY @ 2.4505 | SL=2.3735 TP=3.5505 | Regime=ACCUMULATION | Score=3.51
2026-06-05 14:18:08.265 | WARNING  | execution.order_manager:validate_signal_with_fee_filter:245 - [OrderManager] Fee filter REJECTED: Spread 0.0408% is 4.1x expected 0.0100%. Likely illiquidity. Reject.
2026-06-05 14:18:09.554 | INFO     | knowledge.strategy_library:evaluate:302 - [Absorption] SIGNAL: BUY @ 2.4515 | SL=2.3675 TP=3.6515 | Regime=ACCUMULATION | Score=8.11
2026-06-05 14:18:09.556 | WARNING  | execution.order_manager:validate_signal_with_fee_filter:245 - [OrderManager] Fee filter REJECTED: Spread 0.0408% is 4.1x expected 0.0100%. Likely illiquidity. Reject.
2026-06-05 14:18:09.654 | INFO     | knowledge.strategy_library:evaluate:302 - [Absorption] SIGNAL: BUY @ 2.4515 | SL=2.3675 TP=3.6515 | Regime=ACCUMULATION | Score=8.14
2026-06-05 14:18:09.655 | WARNING  | execution.order_manager:validate_signal_with_fee_filter:245 - [OrderManager] Fee filter REJECTED: Spread 0.0408% is 4.1x expected 0.0100%. Likely illiquidity. Reject.
2026-06-05 14:18:24.954 | INFO     | data.exchange_connector:_process_message:423 - [WS MSGS] total=1500 depth=1315 aggTrade=185 other=0
2026-06-05 14:18:53.996 | INFO     | knowledge.strategy_library:evaluate:302 - [Absorption] SIGNAL: BUY @ 2.4515 | SL=2.4025 TP=3.1515 | Regime=ACCUMULATION | Score=9.00
2026-06-05 14:18:53.998 | WARNING  | execution.order_manager:validate_signal_with_fee_filter:245 - [OrderManager] Fee filter REJECTED: Spread 0.0408% is 4.1x expected 0.0100%. Likely illiquidity. Reject.
2026-06-05 14:18:54.619 | INFO     | knowledge.strategy_library:evaluate:302 - [Absorption] SIGNAL: BUY @ 2.4525 | SL=2.3965 TP=3.2525 | Regime=ACCUMULATION | Score=9.00
2026-06-05 14:18:54.620 | WARNING  | execution.order_manager:validate_signal_with_fee_filter:245 - [OrderManager] Fee filter REJECTED: Spread 0.0408% is 4.1x expected 0.0100%. Likely illiquidity. Reject.
2026-06-05 14:18:54.658 | INFO     | knowledge.strategy_library:evaluate:302 - [Absorption] SIGNAL: BUY @ 2.4525 | SL=2.3965 TP=3.2525 | Regime=ACCUMULATION | Score=9.00
2026-06-05 14:18:54.659 | WARNING  | execution.order_manager:validate_signal_with_fee_filter:245 - [OrderManager] Fee filter REJECTED: Spread 0.0408% is 4.1x expected 0.0100%. Likely illiquidity. Reject.
2026-06-05 14:19:03.963 | INFO     | knowledge.strategy_library:evaluate:302 - [Absorption] SIGNAL: BUY @ 2.4545 | SL=2.4055 TP=3.1545 | Regime=ACCUMULATION | Score=9.00
2026-06-05 14:19:03.965 | WARNING  | execution.order_manager:validate_signal_with_fee_filter:245 - [OrderManager] Fee filter REJECTED: Spread 0.0407% is 4.1x expected 0.0100%. Likely illiquidity. Reject.
2026-06-05 14:19:03.967 | INFO     | knowledge.strategy_library:evaluate:302 - [Stacked Imbalance] SIGNAL: BUY @ 2.4545 | SL=2.4055 TP=3.1545 | Regime=ACCUMULATION | Score=5.83
2026-06-05 14:19:03.968 | WARNING  | execution.order_manager:validate_signal_with_fee_filter:245 - [OrderManager] Fee filter REJECTED: Spread 0.0407% is 4.1x expected 0.0100%. Likely illiquidity. Reject.
2026-06-05 14:19:07.418 | INFO     | knowledge.strategy_library:evaluate:302 - [Absorption] SIGNAL: BUY @ 2.4565 | SL=2.3935 TP=3.3565 | Regime=ACCUMULATION | Score=9.00
2026-06-05 14:19:07.421 | WARNING  | execution.order_manager:validate_signal_with_fee_filter:245 - [OrderManager] Fee filter REJECTED: Spread 0.0407% is 4.1x expected 0.0100%. Likely illiquidity. Reject.
2026-06-05 14:20:07.385 | INFO     | data.exchange_connector:_process_message:423 - [WS MSGS] total=2000 depth=1744 aggTrade=256 other=0
2026-06-05 14:21:04.757 | INFO     | main:_on_paper_order_book:718 - [HEALTH] Ticks:2000 TradesRcv:279 TradesQueued:0 Features:210 Regime:ACCUMULATION Bids:20 Asks:20 Mid:2.4455 Pos:FLAT ClTrades:0 ConsecLoss:0 SigEval:4000 NoBook:0 LossSkip:0
2026-06-05 14:21:08.558 | INFO     | knowledge.strategy_library:evaluate:302 - [Absorption] SIGNAL: STRONG_BUY @ 2.4440 | SL=2.4020 TP=3.0440 | Regime=ACCUMULATION | Score=5.08
2026-06-05 14:21:08.559 | WARNING  | execution.order_manager:validate_signal_with_fee_filter:245 - [OrderManager] Fee filter REJECTED: Spread 0.0818% is 8.2x expected 0.0100%. Likely illiquidity. Reject.
2026-06-05 14:21:08.560 | INFO     | knowledge.strategy_library:evaluate:302 - [Stacked Imbalance] SIGNAL: STRONG_BUY @ 2.4440 | SL=2.4020 TP=3.0440 | Regime=ACCUMULATION | Score=6.50
2026-06-05 14:21:08.560 | WARNING  | execution.order_manager:validate_signal_with_fee_filter:245 - [OrderManager] Fee filter REJECTED: Spread 0.0818% is 8.2x expected 0.0100%. Likely illiquidity. Reject.
2026-06-05 14:21:08.857 | INFO     | knowledge.strategy_library:evaluate:302 - [Absorption] SIGNAL: STRONG_BUY @ 2.4440 | SL=2.4020 TP=3.0440 | Regime=ACCUMULATION | Score=4.67
2026-06-05 14:21:08.858 | WARNING  | execution.order_manager:validate_signal_with_fee_filter:245 - [OrderManager] Fee filter REJECTED: Spread 0.0818% is 8.2x expected 0.0100%. Likely illiquidity. Reject.
2026-06-05 14:21:08.859 | INFO     | knowledge.strategy_library:evaluate:302 - [Stacked Imbalance] SIGNAL: STRONG_BUY @ 2.4440 | SL=2.4020 TP=3.0440 | Regime=ACCUMULATION | Score=6.50
2026-06-05 14:21:08.861 | WARNING  | execution.order_manager:validate_signal_with_fee_filter:245 - [OrderManager] Fee filter REJECTED: Spread 0.0818% is 8.2x expected 0.0100%. Likely illiquidity. Reject.
2026-06-05 14:21:09.157 | INFO     | knowledge.strategy_library:evaluate:302 - [Absorption] SIGNAL: STRONG_BUY @ 2.4435 | SL=2.4015 TP=3.0435 | Regime=ACCUMULATION | Score=5.14
2026-06-05 14:21:09.158 | WARNING  | execution.order_manager:validate_signal_with_fee_filter:245 - [OrderManager] Fee filter REJECTED: Spread 0.0409% is 4.1x expected 0.0100%. Likely illiquidity. Reject.
2026-06-05 14:21:09.159 | INFO     | knowledge.strategy_library:evaluate:302 - [Stacked Imbalance] SIGNAL: STRONG_BUY @ 2.4435 | SL=2.4015 TP=3.0435 | Regime=ACCUMULATION | Score=6.50
2026-06-05 14:21:09.160 | WARNING  | execution.order_manager:validate_signal_with_fee_filter:245 - [OrderManager] Fee filter REJECTED: Spread 0.0409% is 4.1x expected 0.0100%. Likely illiquidity. Reject.
2026-06-05 14:21:09.255 | INFO     | knowledge.strategy_library:evaluate:302 - [Absorption] SIGNAL: STRONG_BUY @ 2.4435 | SL=2.4015 TP=3.0435 | Regime=ACCUMULATION | Score=5.14
2026-06-05 14:21:09.256 | WARNING  | execution.order_manager:validate_signal_with_fee_filter:245 - [OrderManager] Fee filter REJECTED: Spread 0.0409% is 4.1x expected 0.0100%. Likely illiquidity. Reject.
2026-06-05 14:21:09.258 | INFO     | knowledge.strategy_library:evaluate:302 - [Stacked Imbalance] SIGNAL: STRONG_BUY @ 2.4435 | SL=2.4015 TP=3.0435 | Regime=ACCUMULATION | Score=6.50
2026-06-05 14:21:09.259 | WARNING  | execution.order_manager:validate_signal_with_fee_filter:245 - [OrderManager] Fee filter REJECTED: Spread 0.0409% is 4.1x expected 0.0100%. Likely illiquidity. Reject.
2026-06-05 14:21:09.861 | INFO     | knowledge.strategy_library:evaluate:302 - [Absorption] SIGNAL: STRONG_BUY @ 2.4435 | SL=2.4015 TP=3.0435 | Regime=ACCUMULATION | Score=5.35
2026-06-05 14:21:09.862 | WARNING  | execution.order_manager:validate_signal_with_fee_filter:245 - [OrderManager] Fee filter REJECTED: Spread 0.0409% is 4.1x expected 0.0100%. Likely illiquidity. Reject.
2026-06-05 14:21:09.863 | INFO     | knowledge.strategy_library:evaluate:302 - [Stacked Imbalance] SIGNAL: STRONG_BUY @ 2.4435 | SL=2.4015 TP=3.0435 | Regime=ACCUMULATION | Score=6.50
2026-06-05 14:21:09.864 | WARNING  | execution.order_manager:validate_signal_with_fee_filter:245 - [OrderManager] Fee filter REJECTED: Spread 0.0409% is 4.1x expected 0.0100%. Likely illiquidity. Reject.
2026-06-05 14:21:09.958 | INFO     | knowledge.strategy_library:evaluate:302 - [Absorption] SIGNAL: STRONG_BUY @ 2.4445 | SL=2.4025 TP=3.0445 | Regime=ACCUMULATION | Score=5.08
2026-06-05 14:21:09.959 | WARNING  | execution.order_manager:validate_signal_with_fee_filter:245 - [OrderManager] Fee filter REJECTED: Spread 0.0409% is 4.1x expected 0.0100%. Likely illiquidity. Reject.
2026-06-05 14:21:09.960 | INFO     | knowledge.strategy_library:evaluate:302 - [Stacked Imbalance] SIGNAL: STRONG_BUY @ 2.4445 | SL=2.4025 TP=3.0445 | Regime=ACCUMULATION | Score=6.50
2026-06-05 14:21:09.961 | WARNING  | execution.order_manager:validate_signal_with_fee_filter:245 - [OrderManager] Fee filter REJECTED: Spread 0.0409% is 4.1x expected 0.0100%. Likely illiquidity. Reject.
2026-06-05 14:21:10.077 | INFO     | knowledge.strategy_library:evaluate:302 - [Absorption] SIGNAL: STRONG_BUY @ 2.4445 | SL=2.4025 TP=3.0445 | Regime=ACCUMULATION | Score=6.61
2026-06-05 14:21:10.079 | WARNING  | execution.order_manager:validate_signal_with_fee_filter:245 - [OrderManager] Fee filter REJECTED: Spread 0.0409% is 4.1x expected 0.0100%. Likely illiquidity. Reject.
2026-06-05 14:21:10.080 | INFO     | knowledge.strategy_library:evaluate:302 - [Stacked Imbalance] SIGNAL: STRONG_BUY @ 2.4445 | SL=2.4025 TP=3.0445 | Regime=ACCUMULATION | Score=6.50
2026-06-05 14:21:10.082 | WARNING  | execution.order_manager:validate_signal_with_fee_filter:245 - [OrderManager] Fee filter REJECTED: Spread 0.0409% is 4.1x expected 0.0100%. Likely illiquidity. Reject.
2026-06-05 14:21:10.180 | INFO     | knowledge.strategy_library:evaluate:302 - [Absorption] SIGNAL: STRONG_BUY @ 2.4445 | SL=2.4025 TP=3.0445 | Regime=ACCUMULATION | Score=5.89
2026-06-05 14:21:10.181 | WARNING  | execution.order_manager:validate_signal_with_fee_filter:245 - [OrderManager] Fee filter REJECTED: Spread 0.0409% is 4.1x expected 0.0100%. Likely illiquidity. Reject.
2026-06-05 14:21:10.183 | INFO     | knowledge.strategy_library:evaluate:302 - [Stacked Imbalance] SIGNAL: STRONG_BUY @ 2.4445 | SL=2.4025 TP=3.0445 | Regime=ACCUMULATION | Score=6.50
2026-06-05 14:21:10.185 | WARNING  | execution.order_manager:validate_signal_with_fee_filter:245 - [OrderManager] Fee filter REJECTED: Spread 0.0409% is 4.1x expected 0.0100%. Likely illiquidity. Reject.
2026-06-05 14:21:10.589 | INFO     | knowledge.strategy_library:evaluate:302 - [Absorption] SIGNAL: STRONG_BUY @ 2.4445 | SL=2.4025 TP=3.0445 | Regime=ACCUMULATION | Score=5.89
2026-06-05 14:21:10.590 | WARNING  | execution.order_manager:validate_signal_with_fee_filter:245 - [OrderManager] Fee filter REJECTED: Spread 0.0409% is 4.1x expected 0.0100%. Likely illiquidity. Reject.
2026-06-05 14:21:10.591 | INFO     | knowledge.strategy_library:evaluate:302 - [Stacked Imbalance] SIGNAL: STRONG_BUY @ 2.4445 | SL=2.4025 TP=3.0445 | Regime=ACCUMULATION | Score=6.50
2026-06-05 14:21:10.591 | WARNING  | execution.order_manager:validate_signal_with_fee_filter:245 - [OrderManager] Fee filter REJECTED: Spread 0.0409% is 4.1x expected 0.0100%. Likely illiquidity. Reject.
2026-06-05 14:21:11.257 | INFO     | knowledge.strategy_library:evaluate:302 - [Absorption] SIGNAL: STRONG_BUY @ 2.4445 | SL=2.4025 TP=3.0445 | Regime=ACCUMULATION | Score=6.04
2026-06-05 14:21:11.258 | WARNING  | execution.order_manager:validate_signal_with_fee_filter:245 - [OrderManager] Fee filter REJECTED: Spread 0.0409% is 4.1x expected 0.0100%. Likely illiquidity. Reject.
2026-06-05 14:21:11.259 | INFO     | knowledge.strategy_library:evaluate:302 - [Stacked Imbalance] SIGNAL: STRONG_BUY @ 2.4445 | SL=2.4025 TP=3.0445 | Regime=ACCUMULATION | Score=6.50
2026-06-05 14:21:11.260 | WARNING  | execution.order_manager:validate_signal_with_fee_filter:245 - [OrderManager] Fee filter REJECTED: Spread 0.0409% is 4.1x expected 0.0100%. Likely illiquidity. Reject.
2026-06-05 14:21:11.354 | INFO     | knowledge.strategy_library:evaluate:302 - [Absorption] SIGNAL: STRONG_BUY @ 2.4445 | SL=2.4025 TP=3.0445 | Regime=ACCUMULATION | Score=5.81
2026-06-05 14:21:11.355 | WARNING  | execution.order_manager:validate_signal_with_fee_filter:245 - [OrderManager] Fee filter REJECTED: Spread 0.0409% is 4.1x expected 0.0100%. Likely illiquidity. Reject.
2026-06-05 14:21:11.357 | INFO     | knowledge.strategy_library:evaluate:302 - [Stacked Imbalance] SIGNAL: STRONG_BUY @ 2.4445 | SL=2.4025 TP=3.0445 | Regime=ACCUMULATION | Score=6.50
2026-06-05 14:21:11.358 | WARNING  | execution.order_manager:validate_signal_with_fee_filter:245 - [OrderManager] Fee filter REJECTED: Spread 0.0409% is 4.1x expected 0.0100%. Likely illiquidity. Reject.
2026-06-05 14:21:11.557 | INFO     | knowledge.strategy_library:evaluate:302 - [Absorption] SIGNAL: STRONG_BUY @ 2.4445 | SL=2.4025 TP=3.0445 | Regime=ACCUMULATION | Score=5.90
2026-06-05 14:21:11.558 | WARNING  | execution.order_manager:validate_signal_with_fee_filter:245 - [OrderManager] Fee filter REJECTED: Spread 0.0409% is 4.1x expected 0.0100%. Likely illiquidity. Reject.
2026-06-05 14:21:11.559 | INFO     | knowledge.strategy_library:evaluate:302 - [Stacked Imbalance] SIGNAL: STRONG_BUY @ 2.4445 | SL=2.4025 TP=3.0445 | Regime=ACCUMULATION | Score=6.50
2026-06-05 14:21:11.560 | WARNING  | execution.order_manager:validate_signal_with_fee_filter:245 - [OrderManager] Fee filter REJECTED: Spread 0.0409% is 4.1x expected 0.0100%. Likely illiquidity. Reject.
2026-06-05 14:21:12.054 | INFO     | knowledge.strategy_library:evaluate:302 - [Absorption] SIGNAL: STRONG_BUY @ 2.4445 | SL=2.4025 TP=3.0445 | Regime=ACCUMULATION | Score=5.83
2026-06-05 14:21:12.055 | WARNING  | execution.order_manager:validate_signal_with_fee_filter:245 - [OrderManager] Fee filter REJECTED: Spread 0.0409% is 4.1x expected 0.0100%. Likely illiquidity. Reject.
2026-06-05 14:21:12.056 | INFO     | knowledge.strategy_library:evaluate:302 - [Stacked Imbalance] SIGNAL: STRONG_BUY @ 2.4445 | SL=2.4025 TP=3.0445 | Regime=ACCUMULATION | Score=6.50
2026-06-05 14:21:12.057 | WARNING  | execution.order_manager:validate_signal_with_fee_filter:245 - [OrderManager] Fee filter REJECTED: Spread 0.0409% is 4.1x expected 0.0100%. Likely illiquidity. Reject.
2026-06-05 14:21:12.204 | INFO     | knowledge.strategy_library:evaluate:302 - [Absorption] SIGNAL: STRONG_BUY @ 2.4440 | SL=2.4020 TP=3.0440 | Regime=ACCUMULATION | Score=5.49
2026-06-05 14:21:12.205 | WARNING  | execution.order_manager:validate_signal_with_fee_filter:245 - [OrderManager] Fee filter REJECTED: Spread 0.0818% is 8.2x expected 0.0100%. Likely illiquidity. Reject.
2026-06-05 14:21:12.206 | INFO     | knowledge.strategy_library:evaluate:302 - [Stacked Imbalance] SIGNAL: STRONG_BUY @ 2.4440 | SL=2.4020 TP=3.0440 | Regime=ACCUMULATION | Score=6.50
2026-06-05 14:21:12.207 | WARNING  | execution.order_manager:validate_signal_with_fee_filter:245 - [OrderManager] Fee filter REJECTED: Spread 0.0818% is 8.2x expected 0.0100%. Likely illiquidity. Reject.
2026-06-05 14:21:12.259 | INFO     | knowledge.strategy_library:evaluate:302 - [Absorption] SIGNAL: STRONG_BUY @ 2.4440 | SL=2.4020 TP=3.0440 | Regime=ACCUMULATION | Score=5.49
2026-06-05 14:21:12.260 | WARNING  | execution.order_manager:validate_signal_with_fee_filter:245 - [OrderManager] Fee filter REJECTED: Spread 0.0818% is 8.2x expected 0.0100%. Likely illiquidity. Reject.
2026-06-05 14:21:12.261 | INFO     | knowledge.strategy_library:evaluate:302 - [Stacked Imbalance] SIGNAL: STRONG_BUY @ 2.4440 | SL=2.4020 TP=3.0440 | Regime=ACCUMULATION | Score=6.50
2026-06-05 14:21:12.263 | WARNING  | execution.order_manager:validate_signal_with_fee_filter:245 - [OrderManager] Fee filter REJECTED: Spread 0.0818% is 8.2x expected 0.0100%. Likely illiquidity. Reject.
2026-06-05 14:21:12.463 | INFO     | knowledge.strategy_library:evaluate:302 - [Absorption] SIGNAL: STRONG_BUY @ 2.4440 | SL=2.4020 TP=3.0440 | Regime=ACCUMULATION | Score=5.38
2026-06-05 14:21:12.464 | WARNING  | execution.order_manager:validate_signal_with_fee_filter:245 - [OrderManager] Fee filter REJECTED: Spread 0.0818% is 8.2x expected 0.0100%. Likely illiquidity. Reject.
2026-06-05 14:21:12.466 | INFO     | knowledge.strategy_library:evaluate:302 - [Stacked Imbalance] SIGNAL: STRONG_BUY @ 2.4440 | SL=2.4020 TP=3.0440 | Regime=ACCUMULATION | Score=6.50
2026-06-05 14:21:12.467 | WARNING  | execution.order_manager:validate_signal_with_fee_filter:245 - [OrderManager] Fee filter REJECTED: Spread 0.0818% is 8.2x expected 0.0100%. Likely illiquidity. Reject.
2026-06-05 14:21:12.594 | INFO     | knowledge.strategy_library:evaluate:302 - [Absorption] SIGNAL: STRONG_BUY @ 2.4440 | SL=2.4020 TP=3.0440 | Regime=ACCUMULATION | Score=5.73
2026-06-05 14:21:12.596 | WARNING  | execution.order_manager:validate_signal_with_fee_filter:245 - [OrderManager] Fee filter REJECTED: Spread 0.0818% is 8.2x expected 0.0100%. Likely illiquidity. Reject.
2026-06-05 14:21:12.597 | INFO     | knowledge.strategy_library:evaluate:302 - [Stacked Imbalance] SIGNAL: STRONG_BUY @ 2.4440 | SL=2.4020 TP=3.0440 | Regime=ACCUMULATION | Score=6.50
2026-06-05 14:21:12.598 | WARNING  | execution.order_manager:validate_signal_with_fee_filter:245 - [OrderManager] Fee filter REJECTED: Spread 0.0818% is 8.2x expected 0.0100%. Likely illiquidity. Reject.
2026-06-05 14:21:12.658 | INFO     | knowledge.strategy_library:evaluate:302 - [Absorption] SIGNAL: STRONG_BUY @ 2.4445 | SL=2.4025 TP=3.0445 | Regime=ACCUMULATION | Score=5.43
2026-06-05 14:21:12.659 | WARNING  | execution.order_manager:validate_signal_with_fee_filter:245 - [OrderManager] Fee filter REJECTED: Spread 0.0409% is 4.1x expected 0.0100%. Likely illiquidity. Reject.
2026-06-05 14:21:12.661 | INFO     | knowledge.strategy_library:evaluate:302 - [Stacked Imbalance] SIGNAL: STRONG_BUY @ 2.4445 | SL=2.4025 TP=3.0445 | Regime=ACCUMULATION | Score=6.50
2026-06-05 14:21:12.662 | WARNING  | execution.order_manager:validate_signal_with_fee_filter:245 - [OrderManager] Fee filter REJECTED: Spread 0.0409% is 4.1x expected 0.0100%. Likely illiquidity. Reject.
2026-06-05 14:21:12.758 | INFO     | knowledge.strategy_library:evaluate:302 - [Absorption] SIGNAL: STRONG_BUY @ 2.4445 | SL=2.4025 TP=3.0445 | Regime=ACCUMULATION | Score=6.03
2026-06-05 14:21:12.759 | WARNING  | execution.order_manager:validate_signal_with_fee_filter:245 - [OrderManager] Fee filter REJECTED: Spread 0.0409% is 4.1x expected 0.0100%. Likely illiquidity. Reject.
2026-06-05 14:21:12.760 | INFO     | knowledge.strategy_library:evaluate:302 - [Stacked Imbalance] SIGNAL: STRONG_BUY @ 2.4445 | SL=2.4025 TP=3.0445 | Regime=ACCUMULATION | Score=6.50
2026-06-05 14:21:12.761 | WARNING  | execution.order_manager:validate_signal_with_fee_filter:245 - [OrderManager] Fee filter REJECTED: Spread 0.0409% is 4.1x expected 0.0100%. Likely illiquidity. Reject.
2026-06-05 14:21:12.859 | INFO     | knowledge.strategy_library:evaluate:302 - [Absorption] SIGNAL: STRONG_BUY @ 2.4445 | SL=2.4025 TP=3.0445 | Regime=ACCUMULATION | Score=6.03
2026-06-05 14:21:12.860 | WARNING  | execution.order_manager:validate_signal_with_fee_filter:245 - [OrderManager] Fee filter REJECTED: Spread 0.0409% is 4.1x expected 0.0100%. Likely illiquidity. Reject.
2026-06-05 14:21:12.861 | INFO     | knowledge.strategy_library:evaluate:302 - [Stacked Imbalance] SIGNAL: STRONG_BUY @ 2.4445 | SL=2.4025 TP=3.0445 | Regime=ACCUMULATION | Score=6.50
2026-06-05 14:21:12.863 | WARNING  | execution.order_manager:validate_signal_with_fee_filter:245 - [OrderManager] Fee filter REJECTED: Spread 0.0409% is 4.1x expected 0.0100%. Likely illiquidity. Reject.
2026-06-05 14:21:12.969 | INFO     | knowledge.strategy_library:evaluate:302 - [Absorption] SIGNAL: STRONG_BUY @ 2.4445 | SL=2.4025 TP=3.0445 | Regime=ACCUMULATION | Score=6.03
2026-06-05 14:21:12.970 | WARNING  | execution.order_manager:validate_signal_with_fee_filter:245 - [OrderManager] Fee filter REJECTED: Spread 0.0409% is 4.1x expected 0.0100%. Likely illiquidity. Reject.
2026-06-05 14:21:12.971 | INFO     | knowledge.strategy_library:evaluate:302 - [Stacked Imbalance] SIGNAL: STRONG_BUY @ 2.4445 | SL=2.4025 TP=3.0445 | Regime=ACCUMULATION | Score=6.50
2026-06-05 14:21:12.973 | WARNING  | execution.order_manager:validate_signal_with_fee_filter:245 - [OrderManager] Fee filter REJECTED: Spread 0.0409% is 4.1x expected 0.0100%. Likely illiquidity. Reject.
2026-06-05 14:21:13.153 | INFO     | knowledge.strategy_library:evaluate:302 - [Absorption] SIGNAL: STRONG_BUY @ 2.4445 | SL=2.4025 TP=3.0445 | Regime=ACCUMULATION | Score=6.03
2026-06-05 14:21:13.154 | WARNING  | execution.order_manager:validate_signal_with_fee_filter:245 - [OrderManager] Fee filter REJECTED: Spread 0.0409% is 4.1x expected 0.0100%. Likely illiquidity. Reject.
2026-06-05 14:21:13.154 | INFO     | knowledge.strategy_library:evaluate:302 - [Stacked Imbalance] SIGNAL: STRONG_BUY @ 2.4445 | SL=2.4025 TP=3.0445 | Regime=ACCUMULATION | Score=6.50
2026-06-05 14:21:13.155 | WARNING  | execution.order_manager:validate_signal_with_fee_filter:245 - [OrderManager] Fee filter REJECTED: Spread 0.0409% is 4.1x expected 0.0100%. Likely illiquidity. Reject.
2026-06-05 14:21:13.255 | INFO     | knowledge.strategy_library:evaluate:302 - [Absorption] SIGNAL: STRONG_BUY @ 2.4445 | SL=2.4025 TP=3.0445 | Regime=ACCUMULATION | Score=6.00
2026-06-05 14:21:13.256 | WARNING  | execution.order_manager:validate_signal_with_fee_filter:245 - [OrderManager] Fee filter REJECTED: Spread 0.0409% is 4.1x expected 0.0100%. Likely illiquidity. Reject.
2026-06-05 14:21:13.257 | INFO     | knowledge.strategy_library:evaluate:302 - [Stacked Imbalance] SIGNAL: STRONG_BUY @ 2.4445 | SL=2.4025 TP=3.0445 | Regime=ACCUMULATION | Score=6.50
2026-06-05 14:21:13.258 | WARNING  | execution.order_manager:validate_signal_with_fee_filter:245 - [OrderManager] Fee filter REJECTED: Spread 0.0409% is 4.1x expected 0.0100%. Likely illiquidity. Reject.
2026-06-05 14:21:13.369 | INFO     | knowledge.strategy_library:evaluate:302 - [Absorption] SIGNAL: STRONG_BUY @ 2.4445 | SL=2.4025 TP=3.0445 | Regime=ACCUMULATION | Score=6.00
2026-06-05 14:21:13.370 | WARNING  | execution.order_manager:validate_signal_with_fee_filter:245 - [OrderManager] Fee filter REJECTED: Spread 0.0409% is 4.1x expected 0.0100%. Likely illiquidity. Reject.
2026-06-05 14:21:13.371 | INFO     | knowledge.strategy_library:evaluate:302 - [Stacked Imbalance] SIGNAL: STRONG_BUY @ 2.4445 | SL=2.4025 TP=3.0445 | Regime=ACCUMULATION | Score=6.50
2026-06-05 14:21:13.371 | WARNING  | execution.order_manager:validate_signal_with_fee_filter:245 - [OrderManager] Fee filter REJECTED: Spread 0.0409% is 4.1x expected 0.0100%. Likely illiquidity. Reject.
2026-06-05 14:21:13.461 | INFO     | knowledge.strategy_library:evaluate:302 - [Absorption] SIGNAL: STRONG_BUY @ 2.4445 | SL=2.4025 TP=3.0445 | Regime=ACCUMULATION | Score=6.34
2026-06-05 14:21:13.461 | WARNING  | execution.order_manager:validate_signal_with_fee_filter:245 - [OrderManager] Fee filter REJECTED: Spread 0.0409% is 4.1x expected 0.0100%. Likely illiquidity. Reject.
2026-06-05 14:21:13.463 | INFO     | knowledge.strategy_library:evaluate:302 - [Stacked Imbalance] SIGNAL: STRONG_BUY @ 2.4445 | SL=2.4025 TP=3.0445 | Regime=ACCUMULATION | Score=6.50
2026-06-05 14:21:13.463 | WARNING  | execution.order_manager:validate_signal_with_fee_filter:245 - [OrderManager] Fee filter REJECTED: Spread 0.0409% is 4.1x expected 0.0100%. Likely illiquidity. Reject.
2026-06-05 14:21:13.764 | INFO     | knowledge.strategy_library:evaluate:302 - [Absorption] SIGNAL: STRONG_BUY @ 2.4445 | SL=2.4025 TP=3.0445 | Regime=ACCUMULATION | Score=6.23
2026-06-05 14:21:13.764 | WARNING  | execution.order_manager:validate_signal_with_fee_filter:245 - [OrderManager] Fee filter REJECTED: Spread 0.0409% is 4.1x expected 0.0100%. Likely illiquidity. Reject.
2026-06-05 14:21:13.766 | INFO     | knowledge.strategy_library:evaluate:302 - [Stacked Imbalance] SIGNAL: STRONG_BUY @ 2.4445 | SL=2.4025 TP=3.0445 | Regime=ACCUMULATION | Score=6.50
2026-06-05 14:21:13.766 | WARNING  | execution.order_manager:validate_signal_with_fee_filter:245 - [OrderManager] Fee filter REJECTED: Spread 0.0409% is 4.1x expected 0.0100%. Likely illiquidity. Reject.
2026-06-05 14:21:13.853 | INFO     | knowledge.strategy_library:evaluate:302 - [Absorption] SIGNAL: STRONG_BUY @ 2.4445 | SL=2.4025 TP=3.0445 | Regime=ACCUMULATION | Score=6.26
2026-06-05 14:21:13.854 | WARNING  | execution.order_manager:validate_signal_with_fee_filter:245 - [OrderManager] Fee filter REJECTED: Spread 0.0409% is 4.1x expected 0.0100%. Likely illiquidity. Reject.
2026-06-05 14:21:13.855 | INFO     | knowledge.strategy_library:evaluate:302 - [Stacked Imbalance] SIGNAL: STRONG_BUY @ 2.4445 | SL=2.4025 TP=3.0445 | Regime=ACCUMULATION | Score=6.50
2026-06-05 14:21:13.856 | WARNING  | execution.order_manager:validate_signal_with_fee_filter:245 - [OrderManager] Fee filter REJECTED: Spread 0.0409% is 4.1x expected 0.0100%. Likely illiquidity. Reject.
2026-06-05 14:21:14.988 | INFO     | knowledge.strategy_library:evaluate:302 - [Absorption] SIGNAL: STRONG_BUY @ 2.4445 | SL=2.4025 TP=3.0445 | Regime=ACCUMULATION | Score=5.91
2026-06-05 14:21:14.990 | WARNING  | execution.order_manager:validate_signal_with_fee_filter:245 - [OrderManager] Fee filter REJECTED: Spread 0.0409% is 4.1x expected 0.0100%. Likely illiquidity. Reject.
2026-06-05 14:21:14.991 | INFO     | knowledge.strategy_library:evaluate:302 - [Stacked Imbalance] SIGNAL: STRONG_BUY @ 2.4445 | SL=2.4025 TP=3.0445 | Regime=ACCUMULATION | Score=6.50
2026-06-05 14:21:14.992 | WARNING  | execution.order_manager:validate_signal_with_fee_filter:245 - [OrderManager] Fee filter REJECTED: Spread 0.0409% is 4.1x expected 0.0100%. Likely illiquidity. Reject.
2026-06-05 14:21:15.065 | INFO     | knowledge.strategy_library:evaluate:302 - [Absorption] SIGNAL: STRONG_BUY @ 2.4435 | SL=2.4015 TP=3.0435 | Regime=ACCUMULATION | Score=6.32
2026-06-05 14:21:15.066 | WARNING  | execution.order_manager:validate_signal_with_fee_filter:245 - [OrderManager] Fee filter REJECTED: Spread 0.0409% is 4.1x expected 0.0100%. Likely illiquidity. Reject.
2026-06-05 14:21:15.066 | INFO     | knowledge.strategy_library:evaluate:302 - [Stacked Imbalance] SIGNAL: STRONG_BUY @ 2.4435 | SL=2.4015 TP=3.0435 | Regime=ACCUMULATION | Score=6.50
2026-06-05 14:21:15.067 | WARNING  | execution.order_manager:validate_signal_with_fee_filter:245 - [OrderManager] Fee filter REJECTED: Spread 0.0409% is 4.1x expected 0.0100%. Likely illiquidity. Reject.
2026-06-05 14:21:15.159 | INFO     | knowledge.strategy_library:evaluate:302 - [Absorption] SIGNAL: STRONG_BUY @ 2.4440 | SL=2.4020 TP=3.0440 | Regime=ACCUMULATION | Score=5.56
2026-06-05 14:21:15.161 | WARNING  | execution.order_manager:validate_signal_with_fee_filter:245 - [OrderManager] Fee filter REJECTED: Spread 0.0818% is 8.2x expected 0.0100%. Likely illiquidity. Reject.
2026-06-05 14:21:15.162 | INFO     | knowledge.strategy_library:evaluate:302 - [Stacked Imbalance] SIGNAL: STRONG_BUY @ 2.4440 | SL=2.4020 TP=3.0440 | Regime=ACCUMULATION | Score=6.50
2026-06-05 14:21:15.165 | WARNING  | execution.order_manager:validate_signal_with_fee_filter:245 - [OrderManager] Fee filter REJECTED: Spread 0.0818% is 8.2x expected 0.0100%. Likely illiquidity. Reject.
2026-06-05 14:21:15.361 | INFO     | knowledge.strategy_library:evaluate:302 - [Absorption] SIGNAL: STRONG_BUY @ 2.4440 | SL=2.4020 TP=3.0440 | Regime=ACCUMULATION | Score=5.37
2026-06-05 14:21:15.365 | WARNING  | execution.order_manager:validate_signal_with_fee_filter:245 - [OrderManager] Fee filter REJECTED: Spread 0.0818% is 8.2x expected 0.0100%. Likely illiquidity. Reject.
2026-06-05 14:21:15.368 | INFO     | knowledge.strategy_library:evaluate:302 - [Stacked Imbalance] SIGNAL: STRONG_BUY @ 2.4440 | SL=2.4020 TP=3.0440 | Regime=ACCUMULATION | Score=6.50
2026-06-05 14:21:15.369 | WARNING  | execution.order_manager:validate_signal_with_fee_filter:245 - [OrderManager] Fee filter REJECTED: Spread 0.0818% is 8.2x expected 0.0100%. Likely illiquidity. Reject.
2026-06-05 14:21:15.461 | INFO     | knowledge.strategy_library:evaluate:302 - [Absorption] SIGNAL: STRONG_BUY @ 2.4440 | SL=2.4020 TP=3.0440 | Regime=ACCUMULATION | Score=5.44
2026-06-05 14:21:15.465 | WARNING  | execution.order_manager:validate_signal_with_fee_filter:245 - [OrderManager] Fee filter REJECTED: Spread 0.0818% is 8.2x expected 0.0100%. Likely illiquidity. Reject.
2026-06-05 14:21:15.466 | INFO     | knowledge.strategy_library:evaluate:302 - [Stacked Imbalance] SIGNAL: STRONG_BUY @ 2.4440 | SL=2.4020 TP=3.0440 | Regime=ACCUMULATION | Score=6.50
2026-06-05 14:21:15.467 | WARNING  | execution.order_manager:validate_signal_with_fee_filter:245 - [OrderManager] Fee filter REJECTED: Spread 0.0818% is 8.2x expected 0.0100%. Likely illiquidity. Reject.
2026-06-05 14:21:16.263 | INFO     | knowledge.strategy_library:evaluate:302 - [Absorption] SIGNAL: STRONG_BUY @ 2.4435 | SL=2.4015 TP=3.0435 | Regime=ACCUMULATION | Score=6.26
2026-06-05 14:21:16.276 | WARNING  | execution.order_manager:validate_signal_with_fee_filter:245 - [OrderManager] Fee filter REJECTED: Spread 0.0409% is 4.1x expected 0.0100%. Likely illiquidity. Reject.
2026-06-05 14:21:16.281 | INFO     | knowledge.strategy_library:evaluate:302 - [Stacked Imbalance] SIGNAL: STRONG_BUY @ 2.4435 | SL=2.4015 TP=3.0435 | Regime=ACCUMULATION | Score=6.50
2026-06-05 14:21:16.283 | WARNING  | execution.order_manager:validate_signal_with_fee_filter:245 - [OrderManager] Fee filter REJECTED: Spread 0.0409% is 4.1x expected 0.0100%. Likely illiquidity. Reject.
2026-06-05 14:21:16.392 | INFO     | knowledge.strategy_library:evaluate:302 - [Absorption] SIGNAL: STRONG_BUY @ 2.4435 | SL=2.4015 TP=3.0435 | Regime=ACCUMULATION | Score=6.26
2026-06-05 14:21:16.394 | WARNING  | execution.order_manager:validate_signal_with_fee_filter:245 - [OrderManager] Fee filter REJECTED: Spread 0.0409% is 4.1x expected 0.0100%. Likely illiquidity. Reject.
2026-06-05 14:21:16.397 | INFO     | knowledge.strategy_library:evaluate:302 - [Stacked Imbalance] SIGNAL: STRONG_BUY @ 2.4435 | SL=2.4015 TP=3.0435 | Regime=ACCUMULATION | Score=6.50
2026-06-05 14:21:16.403 | WARNING  | execution.order_manager:validate_signal_with_fee_filter:245 - [OrderManager] Fee filter REJECTED: Spread 0.0409% is 4.1x expected 0.0100%. Likely illiquidity. Reject.
2026-06-05 14:21:16.963 | INFO     | knowledge.strategy_library:evaluate:302 - [Absorption] SIGNAL: STRONG_BUY @ 2.4435 | SL=2.4015 TP=3.0435 | Regime=ACCUMULATION | Score=5.50
2026-06-05 14:21:16.963 | WARNING  | execution.order_manager:validate_signal_with_fee_filter:245 - [OrderManager] Fee filter REJECTED: Spread 0.0409% is 4.1x expected 0.0100%. Likely illiquidity. Reject.
2026-06-05 14:21:16.964 | INFO     | knowledge.strategy_library:evaluate:302 - [Stacked Imbalance] SIGNAL: STRONG_BUY @ 2.4435 | SL=2.4015 TP=3.0435 | Regime=ACCUMULATION | Score=6.50
2026-06-05 14:21:16.967 | WARNING  | execution.order_manager:validate_signal_with_fee_filter:245 - [OrderManager] Fee filter REJECTED: Spread 0.0409% is 4.1x expected 0.0100%. Likely illiquidity. Reject.
2026-06-05 14:21:17.071 | INFO     | knowledge.strategy_library:evaluate:302 - [Absorption] SIGNAL: STRONG_BUY @ 2.4435 | SL=2.4015 TP=3.0435 | Regime=ACCUMULATION | Score=5.66
2026-06-05 14:21:17.074 | WARNING  | execution.order_manager:validate_signal_with_fee_filter:245 - [OrderManager] Fee filter REJECTED: Spread 0.0409% is 4.1x expected 0.0100%. Likely illiquidity. Reject.
2026-06-05 14:21:17.075 | INFO     | knowledge.strategy_library:evaluate:302 - [Stacked Imbalance] SIGNAL: STRONG_BUY @ 2.4435 | SL=2.4015 TP=3.0435 | Regime=ACCUMULATION | Score=6.50
2026-06-05 14:21:17.076 | WARNING  | execution.order_manager:validate_signal_with_fee_filter:245 - [OrderManager] Fee filter REJECTED: Spread 0.0409% is 4.1x expected 0.0100%. Likely illiquidity. Reject.
2026-06-05 14:21:17.287 | INFO     | knowledge.strategy_library:evaluate:302 - [Absorption] SIGNAL: STRONG_BUY @ 2.4435 | SL=2.4015 TP=3.0435 | Regime=ACCUMULATION | Score=5.43
2026-06-05 14:21:17.288 | WARNING  | execution.order_manager:validate_signal_with_fee_filter:245 - [OrderManager] Fee filter REJECTED: Spread 0.0409% is 4.1x expected 0.0100%. Likely illiquidity. Reject.
2026-06-05 14:21:17.289 | INFO     | knowledge.strategy_library:evaluate:302 - [Stacked Imbalance] SIGNAL: STRONG_BUY @ 2.4435 | SL=2.4015 TP=3.0435 | Regime=ACCUMULATION | Score=6.50
2026-06-05 14:21:17.289 | WARNING  | execution.order_manager:validate_signal_with_fee_filter:245 - [OrderManager] Fee filter REJECTED: Spread 0.0409% is 4.1x expected 0.0100%. Likely illiquidity. Reject.
2026-06-05 14:21:17.760 | INFO     | knowledge.strategy_library:evaluate:302 - [Absorption] SIGNAL: STRONG_BUY @ 2.4435 | SL=2.4015 TP=3.0435 | Regime=ACCUMULATION | Score=5.43
2026-06-05 14:21:17.761 | WARNING  | execution.order_manager:validate_signal_with_fee_filter:245 - [OrderManager] Fee filter REJECTED: Spread 0.0409% is 4.1x expected 0.0100%. Likely illiquidity. Reject.
2026-06-05 14:21:17.762 | INFO     | knowledge.strategy_library:evaluate:302 - [Stacked Imbalance] SIGNAL: STRONG_BUY @ 2.4435 | SL=2.4015 TP=3.0435 | Regime=ACCUMULATION | Score=6.50
2026-06-05 14:21:17.763 | WARNING  | execution.order_manager:validate_signal_with_fee_filter:245 - [OrderManager] Fee filter REJECTED: Spread 0.0409% is 4.1x expected 0.0100%. Likely illiquidity. Reject.
2026-06-05 14:21:19.086 | INFO     | knowledge.strategy_library:evaluate:302 - [Absorption] SIGNAL: STRONG_BUY @ 2.4435 | SL=2.4015 TP=3.0435 | Regime=ACCUMULATION | Score=5.43
2026-06-05 14:21:19.087 | WARNING  | execution.order_manager:validate_signal_with_fee_filter:245 - [OrderManager] Fee filter REJECTED: Spread 0.0409% is 4.1x expected 0.0100%. Likely illiquidity. Reject.
2026-06-05 14:21:19.088 | INFO     | knowledge.strategy_library:evaluate:302 - [Stacked Imbalance] SIGNAL: STRONG_BUY @ 2.4435 | SL=2.4015 TP=3.0435 | Regime=ACCUMULATION | Score=6.50
2026-06-05 14:21:19.089 | WARNING  | execution.order_manager:validate_signal_with_fee_filter:245 - [OrderManager] Fee filter REJECTED: Spread 0.0409% is 4.1x expected 0.0100%. Likely illiquidity. Reject.
2026-06-05 14:21:19.115 | INFO     | knowledge.strategy_library:evaluate:302 - [Absorption] SIGNAL: STRONG_BUY @ 2.4435 | SL=2.4015 TP=3.0435 | Regime=ACCUMULATION | Score=5.37
2026-06-05 14:21:19.116 | WARNING  | execution.order_manager:validate_signal_with_fee_filter:245 - [OrderManager] Fee filter REJECTED: Spread 0.0409% is 4.1x expected 0.0100%. Likely illiquidity. Reject.
2026-06-05 14:21:19.118 | INFO     | knowledge.strategy_library:evaluate:302 - [Stacked Imbalance] SIGNAL: STRONG_BUY @ 2.4435 | SL=2.4015 TP=3.0435 | Regime=ACCUMULATION | Score=6.50
2026-06-05 14:21:19.119 | WARNING  | execution.order_manager:validate_signal_with_fee_filter:245 - [OrderManager] Fee filter REJECTED: Spread 0.0409% is 4.1x expected 0.0100%. Likely illiquidity. Reject.
2026-06-05 14:21:19.173 | INFO     | knowledge.strategy_library:evaluate:302 - [Absorption] SIGNAL: STRONG_BUY @ 2.4435 | SL=2.4015 TP=3.0435 | Regime=ACCUMULATION | Score=4.50
2026-06-05 14:21:19.175 | WARNING  | execution.order_manager:validate_signal_with_fee_filter:245 - [OrderManager] Fee filter REJECTED: Spread 0.0409% is 4.1x expected 0.0100%. Likely illiquidity. Reject.
2026-06-05 14:21:19.176 | INFO     | knowledge.strategy_library:evaluate:302 - [Stacked Imbalance] SIGNAL: STRONG_BUY @ 2.4435 | SL=2.4015 TP=3.0435 | Regime=ACCUMULATION | Score=6.50
2026-06-05 14:21:19.178 | WARNING  | execution.order_manager:validate_signal_with_fee_filter:245 - [OrderManager] Fee filter REJECTED: Spread 0.0409% is 4.1x expected 0.0100%. Likely illiquidity. Reject.
2026-06-05 14:21:19.274 | INFO     | knowledge.strategy_library:evaluate:302 - [Absorption] SIGNAL: STRONG_BUY @ 2.4425 | SL=2.4005 TP=3.0425 | Regime=ACCUMULATION | Score=5.88
2026-06-05 14:21:19.276 | WARNING  | execution.order_manager:validate_signal_with_fee_filter:245 - [OrderManager] Fee filter REJECTED: Spread 0.0409% is 4.1x expected 0.0100%. Likely illiquidity. Reject.
2026-06-05 14:21:19.277 | INFO     | knowledge.strategy_library:evaluate:302 - [Stacked Imbalance] SIGNAL: STRONG_BUY @ 2.4425 | SL=2.4005 TP=3.0425 | Regime=ACCUMULATION | Score=5.50
2026-06-05 14:21:19.278 | WARNING  | execution.order_manager:validate_signal_with_fee_filter:245 - [OrderManager] Fee filter REJECTED: Spread 0.0409% is 4.1x expected 0.0100%. Likely illiquidity. Reject.
2026-06-05 14:21:19.361 | INFO     | knowledge.strategy_library:evaluate:302 - [Absorption] SIGNAL: STRONG_BUY @ 2.4425 | SL=2.4005 TP=3.0425 | Regime=ACCUMULATION | Score=5.88
2026-06-05 14:21:19.362 | WARNING  | execution.order_manager:validate_signal_with_fee_filter:245 - [OrderManager] Fee filter REJECTED: Spread 0.0409% is 4.1x expected 0.0100%. Likely illiquidity. Reject.
2026-06-05 14:21:19.363 | INFO     | knowledge.strategy_library:evaluate:302 - [Stacked Imbalance] SIGNAL: STRONG_BUY @ 2.4425 | SL=2.4005 TP=3.0425 | Regime=ACCUMULATION | Score=5.50
2026-06-05 14:21:19.364 | WARNING  | execution.order_manager:validate_signal_with_fee_filter:245 - [OrderManager] Fee filter REJECTED: Spread 0.0409% is 4.1x expected 0.0100%. Likely illiquidity. Reject.
2026-06-05 14:21:19.480 | INFO     | knowledge.strategy_library:evaluate:302 - [Absorption] SIGNAL: STRONG_BUY @ 2.4425 | SL=2.4005 TP=3.0425 | Regime=ACCUMULATION | Score=5.46
2026-06-05 14:21:19.482 | WARNING  | execution.order_manager:validate_signal_with_fee_filter:245 - [OrderManager] Fee filter REJECTED: Spread 0.0409% is 4.1x expected 0.0100%. Likely illiquidity. Reject.
2026-06-05 14:21:19.483 | INFO     | knowledge.strategy_library:evaluate:302 - [Stacked Imbalance] SIGNAL: STRONG_BUY @ 2.4425 | SL=2.4005 TP=3.0425 | Regime=ACCUMULATION | Score=5.50
2026-06-05 14:21:19.484 | WARNING  | execution.order_manager:validate_signal_with_fee_filter:245 - [OrderManager] Fee filter REJECTED: Spread 0.0409% is 4.1x expected 0.0100%. Likely illiquidity. Reject.
2026-06-05 14:21:19.549 | INFO     | knowledge.strategy_library:evaluate:302 - [Absorption] SIGNAL: STRONG_BUY @ 2.4425 | SL=2.4005 TP=3.0425 | Regime=ACCUMULATION | Score=4.91
2026-06-05 14:21:19.550 | WARNING  | execution.order_manager:validate_signal_with_fee_filter:245 - [OrderManager] Fee filter REJECTED: Spread 0.0409% is 4.1x expected 0.0100%. Likely illiquidity. Reject.
2026-06-05 14:21:19.551 | INFO     | knowledge.strategy_library:evaluate:302 - [Stacked Imbalance] SIGNAL: STRONG_BUY @ 2.4425 | SL=2.4005 TP=3.0425 | Regime=ACCUMULATION | Score=5.50
2026-06-05 14:21:19.552 | WARNING  | execution.order_manager:validate_signal_with_fee_filter:245 - [OrderManager] Fee filter REJECTED: Spread 0.0409% is 4.1x expected 0.0100%. Likely illiquidity. Reject.
2026-06-05 14:21:19.653 | INFO     | knowledge.strategy_library:evaluate:302 - [Absorption] SIGNAL: STRONG_BUY @ 2.4425 | SL=2.4005 TP=3.0425 | Regime=ACCUMULATION | Score=4.91
2026-06-05 14:21:19.654 | WARNING  | execution.order_manager:validate_signal_with_fee_filter:245 - [OrderManager] Fee filter REJECTED: Spread 0.0409% is 4.1x expected 0.0100%. Likely illiquidity. Reject.
2026-06-05 14:21:19.654 | INFO     | knowledge.strategy_library:evaluate:302 - [Stacked Imbalance] SIGNAL: STRONG_BUY @ 2.4425 | SL=2.4005 TP=3.0425 | Regime=ACCUMULATION | Score=5.50
2026-06-05 14:21:19.656 | WARNING  | execution.order_manager:validate_signal_with_fee_filter:245 - [OrderManager] Fee filter REJECTED: Spread 0.0409% is 4.1x expected 0.0100%. Likely illiquidity. Reject.
2026-06-05 14:21:19.960 | INFO     | knowledge.strategy_library:evaluate:302 - [Absorption] SIGNAL: STRONG_BUY @ 2.4425 | SL=2.4005 TP=3.0425 | Regime=ACCUMULATION | Score=4.97
2026-06-05 14:21:19.961 | WARNING  | execution.order_manager:validate_signal_with_fee_filter:245 - [OrderManager] Fee filter REJECTED: Spread 0.0409% is 4.1x expected 0.0100%. Likely illiquidity. Reject.
2026-06-05 14:21:19.962 | INFO     | knowledge.strategy_library:evaluate:302 - [Stacked Imbalance] SIGNAL: STRONG_BUY @ 2.4425 | SL=2.4005 TP=3.0425 | Regime=ACCUMULATION | Score=5.50
2026-06-05 14:21:19.963 | WARNING  | execution.order_manager:validate_signal_with_fee_filter:245 - [OrderManager] Fee filter REJECTED: Spread 0.0409% is 4.1x expected 0.0100%. Likely illiquidity. Reject.
2026-06-05 14:21:20.193 | INFO     | knowledge.strategy_library:evaluate:302 - [Absorption] SIGNAL: STRONG_BUY @ 2.4425 | SL=2.4005 TP=3.0425 | Regime=ACCUMULATION | Score=5.01
2026-06-05 14:21:20.194 | WARNING  | execution.order_manager:validate_signal_with_fee_filter:245 - [OrderManager] Fee filter REJECTED: Spread 0.0409% is 4.1x expected 0.0100%. Likely illiquidity. Reject.
2026-06-05 14:21:20.195 | INFO     | knowledge.strategy_library:evaluate:302 - [Stacked Imbalance] SIGNAL: STRONG_BUY @ 2.4425 | SL=2.4005 TP=3.0425 | Regime=ACCUMULATION | Score=5.50
2026-06-05 14:21:20.196 | WARNING  | execution.order_manager:validate_signal_with_fee_filter:245 - [OrderManager] Fee filter REJECTED: Spread 0.0409% is 4.1x expected 0.0100%. Likely illiquidity. Reject.
2026-06-05 14:21:20.255 | INFO     | knowledge.strategy_library:evaluate:302 - [Absorption] SIGNAL: STRONG_BUY @ 2.4425 | SL=2.4005 TP=3.0425 | Regime=ACCUMULATION | Score=5.17
2026-06-05 14:21:20.257 | WARNING  | execution.order_manager:validate_signal_with_fee_filter:245 - [OrderManager] Fee filter REJECTED: Spread 0.0409% is 4.1x expected 0.0100%. Likely illiquidity. Reject.
2026-06-05 14:21:20.258 | INFO     | knowledge.strategy_library:evaluate:302 - [Stacked Imbalance] SIGNAL: STRONG_BUY @ 2.4425 | SL=2.4005 TP=3.0425 | Regime=ACCUMULATION | Score=5.50
2026-06-05 14:21:20.259 | WARNING  | execution.order_manager:validate_signal_with_fee_filter:245 - [OrderManager] Fee filter REJECTED: Spread 0.0409% is 4.1x expected 0.0100%. Likely illiquidity. Reject.
2026-06-05 14:21:20.357 | INFO     | knowledge.strategy_library:evaluate:302 - [Absorption] SIGNAL: STRONG_BUY @ 2.4435 | SL=2.4015 TP=3.0435 | Regime=ACCUMULATION | Score=4.91
2026-06-05 14:21:20.358 | WARNING  | execution.order_manager:validate_signal_with_fee_filter:245 - [OrderManager] Fee filter REJECTED: Spread 0.0409% is 4.1x expected 0.0100%. Likely illiquidity. Reject.
2026-06-05 14:21:20.360 | INFO     | knowledge.strategy_library:evaluate:302 - [Stacked Imbalance] SIGNAL: STRONG_BUY @ 2.4435 | SL=2.4015 TP=3.0435 | Regime=ACCUMULATION | Score=5.50
2026-06-05 14:21:20.361 | WARNING  | execution.order_manager:validate_signal_with_fee_filter:245 - [OrderManager] Fee filter REJECTED: Spread 0.0409% is 4.1x expected 0.0100%. Likely illiquidity. Reject.
2026-06-05 14:21:20.461 | INFO     | knowledge.strategy_library:evaluate:302 - [Absorption] SIGNAL: STRONG_BUY @ 2.4435 | SL=2.4015 TP=3.0435 | Regime=ACCUMULATION | Score=5.58
2026-06-05 14:21:20.463 | WARNING  | execution.order_manager:validate_signal_with_fee_filter:245 - [OrderManager] Fee filter REJECTED: Spread 0.0409% is 4.1x expected 0.0100%. Likely illiquidity. Reject.
2026-06-05 14:21:20.465 | INFO     | knowledge.strategy_library:evaluate:302 - [Stacked Imbalance] SIGNAL: STRONG_BUY @ 2.4435 | SL=2.4015 TP=3.0435 | Regime=ACCUMULATION | Score=5.50
2026-06-05 14:21:20.465 | WARNING  | execution.order_manager:validate_signal_with_fee_filter:245 - [OrderManager] Fee filter REJECTED: Spread 0.0409% is 4.1x expected 0.0100%. Likely illiquidity. Reject.
2026-06-05 14:21:21.246 | INFO     | knowledge.strategy_library:evaluate:302 - [Absorption] SIGNAL: STRONG_BUY @ 2.4430 | SL=2.4010 TP=3.0430 | Regime=ACCUMULATION | Score=6.05
2026-06-05 14:21:21.247 | WARNING  | execution.order_manager:validate_signal_with_fee_filter:245 - [OrderManager] Fee filter REJECTED: Spread 0.0819% is 8.2x expected 0.0100%. Likely illiquidity. Reject.
2026-06-05 14:21:21.248 | INFO     | knowledge.strategy_library:evaluate:302 - [Stacked Imbalance] SIGNAL: STRONG_BUY @ 2.4430 | SL=2.4010 TP=3.0430 | Regime=ACCUMULATION | Score=5.50
2026-06-05 14:21:21.248 | WARNING  | execution.order_manager:validate_signal_with_fee_filter:245 - [OrderManager] Fee filter REJECTED: Spread 0.0819% is 8.2x expected 0.0100%. Likely illiquidity. Reject.
2026-06-05 14:21:21.405 | INFO     | knowledge.strategy_library:evaluate:302 - [Absorption] SIGNAL: STRONG_BUY @ 2.4430 | SL=2.4010 TP=3.0430 | Regime=ACCUMULATION | Score=6.05
2026-06-05 14:21:21.406 | WARNING  | execution.order_manager:validate_signal_with_fee_filter:245 - [OrderManager] Fee filter REJECTED: Spread 0.0819% is 8.2x expected 0.0100%. Likely illiquidity. Reject.
2026-06-05 14:21:21.406 | INFO     | knowledge.strategy_library:evaluate:302 - [Stacked Imbalance] SIGNAL: STRONG_BUY @ 2.4430 | SL=2.4010 TP=3.0430 | Regime=ACCUMULATION | Score=5.50
2026-06-05 14:21:21.407 | WARNING  | execution.order_manager:validate_signal_with_fee_filter:245 - [OrderManager] Fee filter REJECTED: Spread 0.0819% is 8.2x expected 0.0100%. Likely illiquidity. Reject.
2026-06-05 14:21:21.545 | INFO     | knowledge.strategy_library:evaluate:302 - [Absorption] SIGNAL: STRONG_BUY @ 2.4430 | SL=2.4010 TP=3.0430 | Regime=ACCUMULATION | Score=5.97
2026-06-05 14:21:21.546 | WARNING  | execution.order_manager:validate_signal_with_fee_filter:245 - [OrderManager] Fee filter REJECTED: Spread 0.0819% is 8.2x expected 0.0100%. Likely illiquidity. Reject.
2026-06-05 14:21:21.546 | INFO     | knowledge.strategy_library:evaluate:302 - [Stacked Imbalance] SIGNAL: STRONG_BUY @ 2.4430 | SL=2.4010 TP=3.0430 | Regime=ACCUMULATION | Score=5.50
2026-06-05 14:21:21.547 | WARNING  | execution.order_manager:validate_signal_with_fee_filter:245 - [OrderManager] Fee filter REJECTED: Spread 0.0819% is 8.2x expected 0.0100%. Likely illiquidity. Reject.
2026-06-05 14:21:22.256 | INFO     | knowledge.strategy_library:evaluate:302 - [Absorption] SIGNAL: STRONG_BUY @ 2.4435 | SL=2.4015 TP=3.0435 | Regime=ACCUMULATION | Score=5.55
2026-06-05 14:21:22.258 | WARNING  | execution.order_manager:validate_signal_with_fee_filter:245 - [OrderManager] Fee filter REJECTED: Spread 0.0409% is 4.1x expected 0.0100%. Likely illiquidity. Reject.
2026-06-05 14:21:22.258 | INFO     | knowledge.strategy_library:evaluate:302 - [Stacked Imbalance] SIGNAL: STRONG_BUY @ 2.4435 | SL=2.4015 TP=3.0435 | Regime=ACCUMULATION | Score=5.50
2026-06-05 14:21:22.259 | WARNING  | execution.order_manager:validate_signal_with_fee_filter:245 - [OrderManager] Fee filter REJECTED: Spread 0.0409% is 4.1x expected 0.0100%. Likely illiquidity. Reject.
2026-06-05 14:21:22.461 | INFO     | knowledge.strategy_library:evaluate:302 - [Absorption] SIGNAL: STRONG_BUY @ 2.4435 | SL=2.4015 TP=3.0435 | Regime=ACCUMULATION | Score=5.44
2026-06-05 14:21:22.462 | WARNING  | execution.order_manager:validate_signal_with_fee_filter:245 - [OrderManager] Fee filter REJECTED: Spread 0.0409% is 4.1x expected 0.0100%. Likely illiquidity. Reject.
2026-06-05 14:21:22.463 | INFO     | knowledge.strategy_library:evaluate:302 - [Stacked Imbalance] SIGNAL: STRONG_BUY @ 2.4435 | SL=2.4015 TP=3.0435 | Regime=ACCUMULATION | Score=5.50
2026-06-05 14:21:22.464 | WARNING  | execution.order_manager:validate_signal_with_fee_filter:245 - [OrderManager] Fee filter REJECTED: Spread 0.0409% is 4.1x expected 0.0100%. Likely illiquidity. Reject.
2026-06-05 14:21:22.673 | INFO     | knowledge.strategy_library:evaluate:302 - [Absorption] SIGNAL: STRONG_BUY @ 2.4435 | SL=2.4015 TP=3.0435 | Regime=ACCUMULATION | Score=5.50
2026-06-05 14:21:22.675 | WARNING  | execution.order_manager:validate_signal_with_fee_filter:245 - [OrderManager] Fee filter REJECTED: Spread 0.0409% is 4.1x expected 0.0100%. Likely illiquidity. Reject.
2026-06-05 14:21:22.676 | INFO     | knowledge.strategy_library:evaluate:302 - [Stacked Imbalance] SIGNAL: STRONG_BUY @ 2.4435 | SL=2.4015 TP=3.0435 | Regime=ACCUMULATION | Score=5.50
2026-06-05 14:21:22.677 | WARNING  | execution.order_manager:validate_signal_with_fee_filter:245 - [OrderManager] Fee filter REJECTED: Spread 0.0409% is 4.1x expected 0.0100%. Likely illiquidity. Reject.
2026-06-05 14:21:24.274 | INFO     | knowledge.strategy_library:evaluate:302 - [Absorption] SIGNAL: STRONG_BUY @ 2.4435 | SL=2.4015 TP=3.0435 | Regime=ACCUMULATION | Score=5.09
2026-06-05 14:21:24.276 | WARNING  | execution.order_manager:validate_signal_with_fee_filter:245 - [OrderManager] Fee filter REJECTED: Spread 0.0409% is 4.1x expected 0.0100%. Likely illiquidity. Reject.
2026-06-05 14:21:24.277 | INFO     | knowledge.strategy_library:evaluate:302 - [Stacked Imbalance] SIGNAL: STRONG_BUY @ 2.4435 | SL=2.4015 TP=3.0435 | Regime=ACCUMULATION | Score=5.50
2026-06-05 14:21:24.279 | WARNING  | execution.order_manager:validate_signal_with_fee_filter:245 - [OrderManager] Fee filter REJECTED: Spread 0.0409% is 4.1x expected 0.0100%. Likely illiquidity. Reject.
2026-06-05 14:21:24.372 | INFO     | knowledge.strategy_library:evaluate:302 - [Absorption] SIGNAL: STRONG_BUY @ 2.4435 | SL=2.4015 TP=3.0435 | Regime=ACCUMULATION | Score=5.09
2026-06-05 14:21:24.373 | WARNING  | execution.order_manager:validate_signal_with_fee_filter:245 - [OrderManager] Fee filter REJECTED: Spread 0.0409% is 4.1x expected 0.0100%. Likely illiquidity. Reject.
2026-06-05 14:21:24.374 | INFO     | knowledge.strategy_library:evaluate:302 - [Stacked Imbalance] SIGNAL: STRONG_BUY @ 2.4435 | SL=2.4015 TP=3.0435 | Regime=ACCUMULATION | Score=5.50
2026-06-05 14:21:24.376 | WARNING  | execution.order_manager:validate_signal_with_fee_filter:245 - [OrderManager] Fee filter REJECTED: Spread 0.0409% is 4.1x expected 0.0100%. Likely illiquidity. Reject.
2026-06-05 14:21:24.468 | INFO     | knowledge.strategy_library:evaluate:302 - [Absorption] SIGNAL: STRONG_BUY @ 2.4435 | SL=2.4015 TP=3.0435 | Regime=ACCUMULATION | Score=5.05
2026-06-05 14:21:24.469 | WARNING  | execution.order_manager:validate_signal_with_fee_filter:245 - [OrderManager] Fee filter REJECTED: Spread 0.0409% is 4.1x expected 0.0100%. Likely illiquidity. Reject.
2026-06-05 14:21:24.470 | INFO     | knowledge.strategy_library:evaluate:302 - [Stacked Imbalance] SIGNAL: STRONG_BUY @ 2.4435 | SL=2.4015 TP=3.0435 | Regime=ACCUMULATION | Score=5.50
2026-06-05 14:21:24.471 | WARNING  | execution.order_manager:validate_signal_with_fee_filter:245 - [OrderManager] Fee filter REJECTED: Spread 0.0409% is 4.1x expected 0.0100%. Likely illiquidity. Reject.
2026-06-05 14:21:24.665 | INFO     | knowledge.strategy_library:evaluate:302 - [Absorption] SIGNAL: STRONG_BUY @ 2.4435 | SL=2.4015 TP=3.0435 | Regime=ACCUMULATION | Score=5.02
2026-06-05 14:21:24.667 | WARNING  | execution.order_manager:validate_signal_with_fee_filter:245 - [OrderManager] Fee filter REJECTED: Spread 0.0409% is 4.1x expected 0.0100%. Likely illiquidity. Reject.
2026-06-05 14:21:24.669 | INFO     | knowledge.strategy_library:evaluate:302 - [Stacked Imbalance] SIGNAL: STRONG_BUY @ 2.4435 | SL=2.4015 TP=3.0435 | Regime=ACCUMULATION | Score=5.50
2026-06-05 14:21:24.670 | WARNING  | execution.order_manager:validate_signal_with_fee_filter:245 - [OrderManager] Fee filter REJECTED: Spread 0.0409% is 4.1x expected 0.0100%. Likely illiquidity. Reject.
2026-06-05 14:21:24.795 | INFO     | knowledge.strategy_library:evaluate:302 - [Absorption] SIGNAL: STRONG_BUY @ 2.4425 | SL=2.4005 TP=3.0425 | Regime=ACCUMULATION | Score=5.56
2026-06-05 14:21:24.796 | WARNING  | execution.order_manager:validate_signal_with_fee_filter:245 - [OrderManager] Fee filter REJECTED: Spread 0.0409% is 4.1x expected 0.0100%. Likely illiquidity. Reject.
2026-06-05 14:21:24.797 | INFO     | knowledge.strategy_library:evaluate:302 - [Stacked Imbalance] SIGNAL: STRONG_BUY @ 2.4425 | SL=2.4005 TP=3.0425 | Regime=ACCUMULATION | Score=5.50
2026-06-05 14:21:24.799 | WARNING  | execution.order_manager:validate_signal_with_fee_filter:245 - [OrderManager] Fee filter REJECTED: Spread 0.0409% is 4.1x expected 0.0100%. Likely illiquidity. Reject.
2026-06-05 14:21:24.856 | INFO     | knowledge.strategy_library:evaluate:302 - [Absorption] SIGNAL: STRONG_BUY @ 2.4430 | SL=2.4010 TP=3.0430 | Regime=ACCUMULATION | Score=5.14
2026-06-05 14:21:24.857 | WARNING  | execution.order_manager:validate_signal_with_fee_filter:245 - [OrderManager] Fee filter REJECTED: Spread 0.0819% is 8.2x expected 0.0100%. Likely illiquidity. Reject.
2026-06-05 14:21:24.859 | INFO     | knowledge.strategy_library:evaluate:302 - [Stacked Imbalance] SIGNAL: STRONG_BUY @ 2.4430 | SL=2.4010 TP=3.0430 | Regime=ACCUMULATION | Score=5.50
2026-06-05 14:21:24.860 | WARNING  | execution.order_manager:validate_signal_with_fee_filter:245 - [OrderManager] Fee filter REJECTED: Spread 0.0819% is 8.2x expected 0.0100%. Likely illiquidity. Reject.
2026-06-05 14:21:24.960 | INFO     | knowledge.strategy_library:evaluate:302 - [Absorption] SIGNAL: STRONG_BUY @ 2.4425 | SL=2.4005 TP=3.0425 | Regime=ACCUMULATION | Score=5.91
2026-06-05 14:21:24.961 | WARNING  | execution.order_manager:validate_signal_with_fee_filter:245 - [OrderManager] Fee filter REJECTED: Spread 0.0409% is 4.1x expected 0.0100%. Likely illiquidity. Reject.
2026-06-05 14:21:24.962 | INFO     | knowledge.strategy_library:evaluate:302 - [Stacked Imbalance] SIGNAL: STRONG_BUY @ 2.4425 | SL=2.4005 TP=3.0425 | Regime=ACCUMULATION | Score=5.50
2026-06-05 14:21:24.963 | WARNING  | execution.order_manager:validate_signal_with_fee_filter:245 - [OrderManager] Fee filter REJECTED: Spread 0.0409% is 4.1x expected 0.0100%. Likely illiquidity. Reject.
2026-06-05 14:21:25.072 | INFO     | knowledge.strategy_library:evaluate:302 - [Absorption] SIGNAL: STRONG_BUY @ 2.4425 | SL=2.4005 TP=3.0425 | Regime=ACCUMULATION | Score=5.86
2026-06-05 14:21:25.074 | WARNING  | execution.order_manager:validate_signal_with_fee_filter:245 - [OrderManager] Fee filter REJECTED: Spread 0.0409% is 4.1x expected 0.0100%. Likely illiquidity. Reject.
2026-06-05 14:21:25.075 | INFO     | knowledge.strategy_library:evaluate:302 - [Stacked Imbalance] SIGNAL: STRONG_BUY @ 2.4425 | SL=2.4005 TP=3.0425 | Regime=ACCUMULATION | Score=5.50
2026-06-05 14:21:25.077 | WARNING  | execution.order_manager:validate_signal_with_fee_filter:245 - [OrderManager] Fee filter REJECTED: Spread 0.0409% is 4.1x expected 0.0100%. Likely illiquidity. Reject.
2026-06-05 14:21:25.161 | INFO     | knowledge.strategy_library:evaluate:302 - [Absorption] SIGNAL: STRONG_BUY @ 2.4430 | SL=2.4010 TP=3.0430 | Regime=ACCUMULATION | Score=5.27
2026-06-05 14:21:25.162 | WARNING  | execution.order_manager:validate_signal_with_fee_filter:245 - [OrderManager] Fee filter REJECTED: Spread 0.0819% is 8.2x expected 0.0100%. Likely illiquidity. Reject.
2026-06-05 14:21:25.163 | INFO     | knowledge.strategy_library:evaluate:302 - [Stacked Imbalance] SIGNAL: STRONG_BUY @ 2.4430 | SL=2.4010 TP=3.0430 | Regime=ACCUMULATION | Score=5.50
2026-06-05 14:21:25.164 | WARNING  | execution.order_manager:validate_signal_with_fee_filter:245 - [OrderManager] Fee filter REJECTED: Spread 0.0819% is 8.2x expected 0.0100%. Likely illiquidity. Reject.
2026-06-05 14:21:25.356 | INFO     | knowledge.strategy_library:evaluate:302 - [Absorption] SIGNAL: STRONG_BUY @ 2.4430 | SL=2.4010 TP=3.0430 | Regime=ACCUMULATION | Score=5.22
2026-06-05 14:21:25.358 | WARNING  | execution.order_manager:validate_signal_with_fee_filter:245 - [OrderManager] Fee filter REJECTED: Spread 0.0819% is 8.2x expected 0.0100%. Likely illiquidity. Reject.
2026-06-05 14:21:25.359 | INFO     | knowledge.strategy_library:evaluate:302 - [Stacked Imbalance] SIGNAL: STRONG_BUY @ 2.4430 | SL=2.4010 TP=3.0430 | Regime=ACCUMULATION | Score=5.50
2026-06-05 14:21:25.360 | WARNING  | execution.order_manager:validate_signal_with_fee_filter:245 - [OrderManager] Fee filter REJECTED: Spread 0.0819% is 8.2x expected 0.0100%. Likely illiquidity. Reject.
2026-06-05 14:21:25.457 | INFO     | knowledge.strategy_library:evaluate:302 - [Absorption] SIGNAL: STRONG_BUY @ 2.4430 | SL=2.4010 TP=3.0430 | Regime=ACCUMULATION | Score=5.60
2026-06-05 14:21:25.458 | WARNING  | execution.order_manager:validate_signal_with_fee_filter:245 - [OrderManager] Fee filter REJECTED: Spread 0.0819% is 8.2x expected 0.0100%. Likely illiquidity. Reject.
2026-06-05 14:21:25.458 | INFO     | knowledge.strategy_library:evaluate:302 - [Stacked Imbalance] SIGNAL: STRONG_BUY @ 2.4430 | SL=2.4010 TP=3.0430 | Regime=ACCUMULATION | Score=5.50
2026-06-05 14:21:25.461 | WARNING  | execution.order_manager:validate_signal_with_fee_filter:245 - [OrderManager] Fee filter REJECTED: Spread 0.0819% is 8.2x expected 0.0100%. Likely illiquidity. Reject.
2026-06-05 14:21:25.555 | INFO     | knowledge.strategy_library:evaluate:302 - [Absorption] SIGNAL: STRONG_BUY @ 2.4430 | SL=2.4010 TP=3.0430 | Regime=ACCUMULATION | Score=5.56
2026-06-05 14:21:25.556 | WARNING  | execution.order_manager:validate_signal_with_fee_filter:245 - [OrderManager] Fee filter REJECTED: Spread 0.0819% is 8.2x expected 0.0100%. Likely illiquidity. Reject.
2026-06-05 14:21:25.557 | INFO     | knowledge.strategy_library:evaluate:302 - [Stacked Imbalance] SIGNAL: STRONG_BUY @ 2.4430 | SL=2.4010 TP=3.0430 | Regime=ACCUMULATION | Score=5.50
2026-06-05 14:21:25.558 | WARNING  | execution.order_manager:validate_signal_with_fee_filter:245 - [OrderManager] Fee filter REJECTED: Spread 0.0819% is 8.2x expected 0.0100%. Likely illiquidity. Reject.
2026-06-05 14:21:26.354 | INFO     | knowledge.strategy_library:evaluate:302 - [Absorption] SIGNAL: STRONG_BUY @ 2.4425 | SL=2.4005 TP=3.0425 | Regime=ACCUMULATION | Score=6.02
2026-06-05 14:21:26.355 | WARNING  | execution.order_manager:validate_signal_with_fee_filter:245 - [OrderManager] Fee filter REJECTED: Spread 0.0409% is 4.1x expected 0.0100%. Likely illiquidity. Reject.
2026-06-05 14:21:26.356 | INFO     | knowledge.strategy_library:evaluate:302 - [Stacked Imbalance] SIGNAL: STRONG_BUY @ 2.4425 | SL=2.4005 TP=3.0425 | Regime=ACCUMULATION | Score=5.50
2026-06-05 14:21:26.357 | WARNING  | execution.order_manager:validate_signal_with_fee_filter:245 - [OrderManager] Fee filter REJECTED: Spread 0.0409% is 4.1x expected 0.0100%. Likely illiquidity. Reject.
2026-06-05 14:21:26.457 | INFO     | knowledge.strategy_library:evaluate:302 - [Absorption] SIGNAL: STRONG_BUY @ 2.4425 | SL=2.4005 TP=3.0425 | Regime=ACCUMULATION | Score=6.02
2026-06-05 14:21:26.458 | WARNING  | execution.order_manager:validate_signal_with_fee_filter:245 - [OrderManager] Fee filter REJECTED: Spread 0.0409% is 4.1x expected 0.0100%. Likely illiquidity. Reject.
2026-06-05 14:21:26.459 | INFO     | knowledge.strategy_library:evaluate:302 - [Stacked Imbalance] SIGNAL: STRONG_BUY @ 2.4425 | SL=2.4005 TP=3.0425 | Regime=ACCUMULATION | Score=5.50
2026-06-05 14:21:26.461 | WARNING  | execution.order_manager:validate_signal_with_fee_filter:245 - [OrderManager] Fee filter REJECTED: Spread 0.0409% is 4.1x expected 0.0100%. Likely illiquidity. Reject.
2026-06-05 14:21:27.178 | INFO     | knowledge.strategy_library:evaluate:302 - [Absorption] SIGNAL: STRONG_BUY @ 2.4425 | SL=2.4005 TP=3.0425 | Regime=ACCUMULATION | Score=6.12
2026-06-05 14:21:27.180 | WARNING  | execution.order_manager:validate_signal_with_fee_filter:245 - [OrderManager] Fee filter REJECTED: Spread 0.0409% is 4.1x expected 0.0100%. Likely illiquidity. Reject.
2026-06-05 14:21:27.181 | INFO     | knowledge.strategy_library:evaluate:302 - [Stacked Imbalance] SIGNAL: STRONG_BUY @ 2.4425 | SL=2.4005 TP=3.0425 | Regime=ACCUMULATION | Score=5.50
2026-06-05 14:21:27.181 | WARNING  | execution.order_manager:validate_signal_with_fee_filter:245 - [OrderManager] Fee filter REJECTED: Spread 0.0409% is 4.1x expected 0.0100%. Likely illiquidity. Reject.
2026-06-05 14:21:27.458 | INFO     | knowledge.strategy_library:evaluate:302 - [Absorption] SIGNAL: STRONG_BUY @ 2.4425 | SL=2.4005 TP=3.0425 | Regime=ACCUMULATION | Score=5.98
2026-06-05 14:21:27.459 | WARNING  | execution.order_manager:validate_signal_with_fee_filter:245 - [OrderManager] Fee filter REJECTED: Spread 0.0409% is 4.1x expected 0.0100%. Likely illiquidity. Reject.
2026-06-05 14:21:27.460 | INFO     | knowledge.strategy_library:evaluate:302 - [Stacked Imbalance] SIGNAL: STRONG_BUY @ 2.4425 | SL=2.4005 TP=3.0425 | Regime=ACCUMULATION | Score=5.50
2026-06-05 14:21:27.462 | WARNING  | execution.order_manager:validate_signal_with_fee_filter:245 - [OrderManager] Fee filter REJECTED: Spread 0.0409% is 4.1x expected 0.0100%. Likely illiquidity. Reject.
2026-06-05 14:21:27.863 | INFO     | knowledge.strategy_library:evaluate:302 - [Absorption] SIGNAL: STRONG_BUY @ 2.4425 | SL=2.4005 TP=3.0425 | Regime=ACCUMULATION | Score=5.98
2026-06-05 14:21:27.865 | WARNING  | execution.order_manager:validate_signal_with_fee_filter:245 - [OrderManager] Fee filter REJECTED: Spread 0.0409% is 4.1x expected 0.0100%. Likely illiquidity. Reject.
2026-06-05 14:21:27.866 | INFO     | knowledge.strategy_library:evaluate:302 - [Stacked Imbalance] SIGNAL: STRONG_BUY @ 2.4425 | SL=2.4005 TP=3.0425 | Regime=ACCUMULATION | Score=5.50
2026-06-05 14:21:27.867 | WARNING  | execution.order_manager:validate_signal_with_fee_filter:245 - [OrderManager] Fee filter REJECTED: Spread 0.0409% is 4.1x expected 0.0100%. Likely illiquidity. Reject.
2026-06-05 14:21:27.953 | INFO     | knowledge.strategy_library:evaluate:302 - [Absorption] SIGNAL: STRONG_BUY @ 2.4425 | SL=2.4005 TP=3.0425 | Regime=ACCUMULATION | Score=6.02
2026-06-05 14:21:27.955 | WARNING  | execution.order_manager:validate_signal_with_fee_filter:245 - [OrderManager] Fee filter REJECTED: Spread 0.0409% is 4.1x expected 0.0100%. Likely illiquidity. Reject.
2026-06-05 14:21:27.956 | INFO     | knowledge.strategy_library:evaluate:302 - [Stacked Imbalance] SIGNAL: STRONG_BUY @ 2.4425 | SL=2.4005 TP=3.0425 | Regime=ACCUMULATION | Score=5.50
2026-06-05 14:21:27.957 | WARNING  | execution.order_manager:validate_signal_with_fee_filter:245 - [OrderManager] Fee filter REJECTED: Spread 0.0409% is 4.1x expected 0.0100%. Likely illiquidity. Reject.
2026-06-05 14:21:28.461 | INFO     | knowledge.strategy_library:evaluate:302 - [Absorption] SIGNAL: STRONG_BUY @ 2.4425 | SL=2.4005 TP=3.0425 | Regime=ACCUMULATION | Score=5.73
2026-06-05 14:21:28.463 | WARNING  | execution.order_manager:validate_signal_with_fee_filter:245 - [OrderManager] Fee filter REJECTED: Spread 0.0409% is 4.1x expected 0.0100%. Likely illiquidity. Reject.
2026-06-05 14:21:28.464 | INFO     | knowledge.strategy_library:evaluate:302 - [Stacked Imbalance] SIGNAL: STRONG_BUY @ 2.4425 | SL=2.4005 TP=3.0425 | Regime=ACCUMULATION | Score=5.50
2026-06-05 14:21:28.465 | WARNING  | execution.order_manager:validate_signal_with_fee_filter:245 - [OrderManager] Fee filter REJECTED: Spread 0.0409% is 4.1x expected 0.0100%. Likely illiquidity. Reject.
2026-06-05 14:21:28.565 | INFO     | knowledge.strategy_library:evaluate:302 - [Absorption] SIGNAL: STRONG_BUY @ 2.4420 | SL=2.4000 TP=3.0420 | Regime=ACCUMULATION | Score=5.32
2026-06-05 14:21:28.567 | WARNING  | execution.order_manager:validate_signal_with_fee_filter:245 - [OrderManager] Fee filter REJECTED: Spread 0.0819% is 8.2x expected 0.0100%. Likely illiquidity. Reject.
2026-06-05 14:21:28.663 | INFO     | knowledge.strategy_library:evaluate:302 - [Absorption] SIGNAL: STRONG_BUY @ 2.4420 | SL=2.4000 TP=3.0420 | Regime=ACCUMULATION | Score=5.32
2026-06-05 14:21:28.664 | WARNING  | execution.order_manager:validate_signal_with_fee_filter:245 - [OrderManager] Fee filter REJECTED: Spread 0.0819% is 8.2x expected 0.0100%. Likely illiquidity. Reject.
2026-06-05 14:21:28.756 | INFO     | knowledge.strategy_library:evaluate:302 - [Absorption] SIGNAL: STRONG_BUY @ 2.4415 | SL=2.3995 TP=3.0415 | Regime=ACCUMULATION | Score=5.72
2026-06-05 14:21:28.757 | WARNING  | execution.order_manager:validate_signal_with_fee_filter:245 - [OrderManager] Fee filter REJECTED: Spread 0.0410% is 4.1x expected 0.0100%. Likely illiquidity. Reject.
2026-06-05 14:21:28.852 | INFO     | knowledge.strategy_library:evaluate:302 - [Absorption] SIGNAL: STRONG_BUY @ 2.4415 | SL=2.3995 TP=3.0415 | Regime=ACCUMULATION | Score=5.59
2026-06-05 14:21:28.854 | WARNING  | execution.order_manager:validate_signal_with_fee_filter:245 - [OrderManager] Fee filter REJECTED: Spread 0.0410% is 4.1x expected 0.0100%. Likely illiquidity. Reject.
2026-06-05 14:21:28.961 | INFO     | knowledge.strategy_library:evaluate:302 - [Absorption] SIGNAL: STRONG_BUY @ 2.4415 | SL=2.3995 TP=3.0415 | Regime=ACCUMULATION | Score=5.41
2026-06-05 14:21:28.962 | WARNING  | execution.order_manager:validate_signal_with_fee_filter:245 - [OrderManager] Fee filter REJECTED: Spread 0.0410% is 4.1x expected 0.0100%. Likely illiquidity. Reject.
2026-06-05 14:21:29.064 | INFO     | knowledge.strategy_library:evaluate:302 - [Absorption] SIGNAL: STRONG_BUY @ 2.4415 | SL=2.3995 TP=3.0415 | Regime=ACCUMULATION | Score=5.32
2026-06-05 14:21:29.065 | WARNING  | execution.order_manager:validate_signal_with_fee_filter:245 - [OrderManager] Fee filter REJECTED: Spread 0.0410% is 4.1x expected 0.0100%. Likely illiquidity. Reject.
2026-06-05 14:21:29.156 | INFO     | knowledge.strategy_library:evaluate:302 - [Absorption] SIGNAL: STRONG_BUY @ 2.4415 | SL=2.3995 TP=3.0415 | Regime=ACCUMULATION | Score=5.32
2026-06-05 14:21:29.157 | WARNING  | execution.order_manager:validate_signal_with_fee_filter:245 - [OrderManager] Fee filter REJECTED: Spread 0.0410% is 4.1x expected 0.0100%. Likely illiquidity. Reject.
2026-06-05 14:21:29.455 | INFO     | knowledge.strategy_library:evaluate:302 - [Absorption] SIGNAL: STRONG_BUY @ 2.4415 | SL=2.3995 TP=3.0415 | Regime=ACCUMULATION | Score=5.32
2026-06-05 14:21:29.456 | WARNING  | execution.order_manager:validate_signal_with_fee_filter:245 - [OrderManager] Fee filter REJECTED: Spread 0.0410% is 4.1x expected 0.0100%. Likely illiquidity. Reject.
2026-06-05 14:21:29.755 | INFO     | knowledge.strategy_library:evaluate:302 - [Absorption] SIGNAL: STRONG_BUY @ 2.4415 | SL=2.3995 TP=3.0415 | Regime=ACCUMULATION | Score=5.32
2026-06-05 14:21:29.756 | WARNING  | execution.order_manager:validate_signal_with_fee_filter:245 - [OrderManager] Fee filter REJECTED: Spread 0.0410% is 4.1x expected 0.0100%. Likely illiquidity. Reject.
2026-06-05 14:21:30.164 | INFO     | knowledge.strategy_library:evaluate:302 - [Absorption] SIGNAL: STRONG_BUY @ 2.4415 | SL=2.3995 TP=3.0415 | Regime=ACCUMULATION | Score=5.32
2026-06-05 14:21:30.165 | WARNING  | execution.order_manager:validate_signal_with_fee_filter:245 - [OrderManager] Fee filter REJECTED: Spread 0.0410% is 4.1x expected 0.0100%. Likely illiquidity. Reject.
2026-06-05 14:21:30.262 | INFO     | knowledge.strategy_library:evaluate:302 - [Absorption] SIGNAL: STRONG_BUY @ 2.4415 | SL=2.3995 TP=3.0415 | Regime=ACCUMULATION | Score=5.32
2026-06-05 14:21:30.263 | WARNING  | execution.order_manager:validate_signal_with_fee_filter:245 - [OrderManager] Fee filter REJECTED: Spread 0.0410% is 4.1x expected 0.0100%. Likely illiquidity. Reject.
2026-06-05 14:21:30.464 | INFO     | knowledge.strategy_library:evaluate:302 - [Absorption] SIGNAL: STRONG_BUY @ 2.4415 | SL=2.3995 TP=3.0415 | Regime=ACCUMULATION | Score=5.32
2026-06-05 14:21:30.465 | WARNING  | execution.order_manager:validate_signal_with_fee_filter:245 - [OrderManager] Fee filter REJECTED: Spread 0.0410% is 4.1x expected 0.0100%. Likely illiquidity. Reject.
2026-06-05 14:21:31.075 | INFO     | knowledge.strategy_library:evaluate:302 - [Absorption] SIGNAL: STRONG_BUY @ 2.4415 | SL=2.3995 TP=3.0415 | Regime=ACCUMULATION | Score=5.32
2026-06-05 14:21:31.076 | WARNING  | execution.order_manager:validate_signal_with_fee_filter:245 - [OrderManager] Fee filter REJECTED: Spread 0.0410% is 4.1x expected 0.0100%. Likely illiquidity. Reject.
2026-06-05 14:21:31.100 | INFO     | knowledge.strategy_library:evaluate:302 - [Absorption] SIGNAL: STRONG_BUY @ 2.4415 | SL=2.3995 TP=3.0415 | Regime=ACCUMULATION | Score=5.32
2026-06-05 14:21:31.102 | WARNING  | execution.order_manager:validate_signal_with_fee_filter:245 - [OrderManager] Fee filter REJECTED: Spread 0.0410% is 4.1x expected 0.0100%. Likely illiquidity. Reject.
2026-06-05 14:21:31.176 | INFO     | knowledge.strategy_library:evaluate:302 - [Absorption] SIGNAL: STRONG_BUY @ 2.4415 | SL=2.3995 TP=3.0415 | Regime=ACCUMULATION | Score=5.32
2026-06-05 14:21:31.177 | WARNING  | execution.order_manager:validate_signal_with_fee_filter:245 - [OrderManager] Fee filter REJECTED: Spread 0.0410% is 4.1x expected 0.0100%. Likely illiquidity. Reject.
2026-06-05 14:21:31.245 | INFO     | knowledge.strategy_library:evaluate:302 - [Absorption] SIGNAL: STRONG_BUY @ 2.4405 | SL=2.3985 TP=3.0405 | Regime=ACCUMULATION | Score=5.77
2026-06-05 14:21:31.246 | WARNING  | execution.order_manager:validate_signal_with_fee_filter:245 - [OrderManager] Fee filter REJECTED: Spread 0.0410% is 4.1x expected 0.0100%. Likely illiquidity. Reject.
2026-06-05 14:21:31.364 | INFO     | knowledge.strategy_library:evaluate:302 - [Absorption] SIGNAL: STRONG_BUY @ 2.4405 | SL=2.3985 TP=3.0405 | Regime=ACCUMULATION | Score=5.86
2026-06-05 14:21:31.364 | WARNING  | execution.order_manager:validate_signal_with_fee_filter:245 - [OrderManager] Fee filter REJECTED: Spread 0.0410% is 4.1x expected 0.0100%. Likely illiquidity. Reject.
2026-06-05 14:21:31.453 | INFO     | knowledge.strategy_library:evaluate:302 - [Absorption] SIGNAL: STRONG_BUY @ 2.4405 | SL=2.3985 TP=3.0405 | Regime=ACCUMULATION | Score=5.86
2026-06-05 14:21:31.454 | WARNING  | execution.order_manager:validate_signal_with_fee_filter:245 - [OrderManager] Fee filter REJECTED: Spread 0.0410% is 4.1x expected 0.0100%. Likely illiquidity. Reject.
2026-06-05 14:21:31.549 | INFO     | knowledge.strategy_library:evaluate:302 - [Absorption] SIGNAL: BUY @ 2.4405 | SL=2.3985 TP=3.0405 | Regime=ACCUMULATION | Score=5.45
2026-06-05 14:21:31.549 | WARNING  | execution.order_manager:validate_signal_with_fee_filter:245 - [OrderManager] Fee filter REJECTED: Spread 0.0410% is 4.1x expected 0.0100%. Likely illiquidity. Reject.
2026-06-05 14:21:33.220 | INFO     | knowledge.strategy_library:evaluate:302 - [Absorption] SIGNAL: BUY @ 2.4415 | SL=2.3995 TP=3.0415 | Regime=ACCUMULATION | Score=5.32
2026-06-05 14:21:33.220 | WARNING  | execution.order_manager:validate_signal_with_fee_filter:245 - [OrderManager] Fee filter REJECTED: Spread 0.0410% is 4.1x expected 0.0100%. Likely illiquidity. Reject.
2026-06-05 14:21:33.258 | INFO     | knowledge.strategy_library:evaluate:302 - [Absorption] SIGNAL: BUY @ 2.4415 | SL=2.3995 TP=3.0415 | Regime=ACCUMULATION | Score=5.32
2026-06-05 14:21:33.258 | WARNING  | execution.order_manager:validate_signal_with_fee_filter:245 - [OrderManager] Fee filter REJECTED: Spread 0.0410% is 4.1x expected 0.0100%. Likely illiquidity. Reject.
2026-06-05 14:21:33.359 | INFO     | knowledge.strategy_library:evaluate:302 - [Absorption] SIGNAL: BUY @ 2.4405 | SL=2.3985 TP=3.0405 | Regime=ACCUMULATION | Score=6.06
2026-06-05 14:21:33.360 | WARNING  | execution.order_manager:validate_signal_with_fee_filter:245 - [OrderManager] Fee filter REJECTED: Spread 0.0410% is 4.1x expected 0.0100%. Likely illiquidity. Reject.
2026-06-05 14:21:33.476 | INFO     | knowledge.strategy_library:evaluate:302 - [Absorption] SIGNAL: BUY @ 2.4410 | SL=2.3990 TP=3.0410 | Regime=ACCUMULATION | Score=5.72
2026-06-05 14:21:33.477 | WARNING  | execution.order_manager:validate_signal_with_fee_filter:245 - [OrderManager] Fee filter REJECTED: Spread 0.0819% is 8.2x expected 0.0100%. Likely illiquidity. Reject.
2026-06-05 14:21:33.553 | INFO     | knowledge.strategy_library:evaluate:302 - [Absorption] SIGNAL: BUY @ 2.4415 | SL=2.3995 TP=3.0415 | Regime=ACCUMULATION | Score=5.32
2026-06-05 14:21:33.554 | WARNING  | execution.order_manager:validate_signal_with_fee_filter:245 - [OrderManager] Fee filter REJECTED: Spread 0.0410% is 4.1x expected 0.0100%. Likely illiquidity. Reject.
2026-06-05 14:21:33.652 | INFO     | knowledge.strategy_library:evaluate:302 - [Absorption] SIGNAL: BUY @ 2.4415 | SL=2.3995 TP=3.0415 | Regime=ACCUMULATION | Score=5.32
2026-06-05 14:21:33.653 | WARNING  | execution.order_manager:validate_signal_with_fee_filter:245 - [OrderManager] Fee filter REJECTED: Spread 0.0410% is 4.1x expected 0.0100%. Likely illiquidity. Reject.
2026-06-05 14:21:33.760 | INFO     | knowledge.strategy_library:evaluate:302 - [Absorption] SIGNAL: BUY @ 2.4415 | SL=2.3995 TP=3.0415 | Regime=ACCUMULATION | Score=5.32
2026-06-05 14:21:33.760 | WARNING  | execution.order_manager:validate_signal_with_fee_filter:245 - [OrderManager] Fee filter REJECTED: Spread 0.0410% is 4.1x expected 0.0100%. Likely illiquidity. Reject.
2026-06-05 14:21:34.760 | INFO     | knowledge.strategy_library:evaluate:302 - [Absorption] SIGNAL: BUY @ 2.4415 | SL=2.3995 TP=3.0415 | Regime=ACCUMULATION | Score=6.06
2026-06-05 14:21:34.761 | WARNING  | execution.order_manager:validate_signal_with_fee_filter:245 - [OrderManager] Fee filter REJECTED: Spread 0.0410% is 4.1x expected 0.0100%. Likely illiquidity. Reject.
2026-06-05 14:21:34.780 | INFO     | knowledge.strategy_library:evaluate:302 - [Absorption] SIGNAL: BUY @ 2.4415 | SL=2.3995 TP=3.0415 | Regime=ACCUMULATION | Score=6.12
2026-06-05 14:21:34.782 | WARNING  | execution.order_manager:validate_signal_with_fee_filter:245 - [OrderManager] Fee filter REJECTED: Spread 0.0410% is 4.1x expected 0.0100%. Likely illiquidity. Reject.
2026-06-05 14:21:35.790 | INFO     | knowledge.strategy_library:evaluate:302 - [Absorption] SIGNAL: BUY @ 2.4415 | SL=2.3995 TP=3.0415 | Regime=ACCUMULATION | Score=6.07
2026-06-05 14:21:35.791 | WARNING  | execution.order_manager:validate_signal_with_fee_filter:245 - [OrderManager] Fee filter REJECTED: Spread 0.0410% is 4.1x expected 0.0100%. Likely illiquidity. Reject.
2026-06-05 14:21:36.091 | INFO     | knowledge.strategy_library:evaluate:302 - [Absorption] SIGNAL: BUY @ 2.4415 | SL=2.3995 TP=3.0415 | Regime=ACCUMULATION | Score=6.07
2026-06-05 14:21:36.092 | WARNING  | execution.order_manager:validate_signal_with_fee_filter:245 - [OrderManager] Fee filter REJECTED: Spread 0.0410% is 4.1x expected 0.0100%. Likely illiquidity. Reject.
2026-06-05 14:21:36.107 | INFO     | knowledge.strategy_library:evaluate:302 - [Absorption] SIGNAL: BUY @ 2.4415 | SL=2.3995 TP=3.0415 | Regime=ACCUMULATION | Score=6.07
2026-06-05 14:21:36.108 | WARNING  | execution.order_manager:validate_signal_with_fee_filter:245 - [OrderManager] Fee filter REJECTED: Spread 0.0410% is 4.1x expected 0.0100%. Likely illiquidity. Reject.
2026-06-05 14:21:36.287 | INFO     | knowledge.strategy_library:evaluate:302 - [Absorption] SIGNAL: BUY @ 2.4415 | SL=2.3995 TP=3.0415 | Regime=ACCUMULATION | Score=6.07
2026-06-05 14:21:36.288 | WARNING  | execution.order_manager:validate_signal_with_fee_filter:245 - [OrderManager] Fee filter REJECTED: Spread 0.0410% is 4.1x expected 0.0100%. Likely illiquidity. Reject.
2026-06-05 14:21:36.454 | INFO     | knowledge.strategy_library:evaluate:302 - [Absorption] SIGNAL: STRONG_BUY @ 2.4415 | SL=2.3995 TP=3.0415 | Regime=ACCUMULATION | Score=6.40
2026-06-05 14:21:36.455 | WARNING  | execution.order_manager:validate_signal_with_fee_filter:245 - [OrderManager] Fee filter REJECTED: Spread 0.0410% is 4.1x expected 0.0100%. Likely illiquidity. Reject.
2026-06-05 14:21:36.554 | INFO     | knowledge.strategy_library:evaluate:302 - [Absorption] SIGNAL: STRONG_BUY @ 2.4415 | SL=2.3995 TP=3.0415 | Regime=ACCUMULATION | Score=6.40
2026-06-05 14:21:36.555 | WARNING  | execution.order_manager:validate_signal_with_fee_filter:245 - [OrderManager] Fee filter REJECTED: Spread 0.0410% is 4.1x expected 0.0100%. Likely illiquidity. Reject.
2026-06-05 14:21:36.754 | INFO     | knowledge.strategy_library:evaluate:302 - [Absorption] SIGNAL: STRONG_BUY @ 2.4415 | SL=2.3995 TP=3.0415 | Regime=ACCUMULATION | Score=6.40
2026-06-05 14:21:36.756 | WARNING  | execution.order_manager:validate_signal_with_fee_filter:245 - [OrderManager] Fee filter REJECTED: Spread 0.0410% is 4.1x expected 0.0100%. Likely illiquidity. Reject.
2026-06-05 14:21:37.332 | INFO     | knowledge.strategy_library:evaluate:302 - [Absorption] SIGNAL: BUY @ 2.4415 | SL=2.3995 TP=3.0415 | Regime=ACCUMULATION | Score=5.51
2026-06-05 14:21:37.333 | WARNING  | execution.order_manager:validate_signal_with_fee_filter:245 - [OrderManager] Fee filter REJECTED: Spread 0.0410% is 4.1x expected 0.0100%. Likely illiquidity. Reject.
2026-06-05 14:21:37.456 | INFO     | knowledge.strategy_library:evaluate:302 - [Absorption] SIGNAL: BUY @ 2.4405 | SL=2.3985 TP=3.0405 | Regime=ACCUMULATION | Score=5.47
2026-06-05 14:21:37.457 | WARNING  | execution.order_manager:validate_signal_with_fee_filter:245 - [OrderManager] Fee filter REJECTED: Spread 0.0410% is 4.1x expected 0.0100%. Likely illiquidity. Reject.
2026-06-05 14:21:37.552 | INFO     | knowledge.strategy_library:evaluate:302 - [Absorption] SIGNAL: BUY @ 2.4405 | SL=2.3985 TP=3.0405 | Regime=ACCUMULATION | Score=5.66
2026-06-05 14:21:37.554 | WARNING  | execution.order_manager:validate_signal_with_fee_filter:245 - [OrderManager] Fee filter REJECTED: Spread 0.0410% is 4.1x expected 0.0100%. Likely illiquidity. Reject.
2026-06-05 14:21:37.654 | INFO     | knowledge.strategy_library:evaluate:302 - [Absorption] SIGNAL: BUY @ 2.4405 | SL=2.3985 TP=3.0405 | Regime=ACCUMULATION | Score=5.66
2026-06-05 14:21:37.655 | WARNING  | execution.order_manager:validate_signal_with_fee_filter:245 - [OrderManager] Fee filter REJECTED: Spread 0.0410% is 4.1x expected 0.0100%. Likely illiquidity. Reject.
2026-06-05 14:21:37.766 | INFO     | knowledge.strategy_library:evaluate:302 - [Absorption] SIGNAL: BUY @ 2.4405 | SL=2.3985 TP=3.0405 | Regime=ACCUMULATION | Score=5.51
2026-06-05 14:21:37.768 | WARNING  | execution.order_manager:validate_signal_with_fee_filter:245 - [OrderManager] Fee filter REJECTED: Spread 0.0410% is 4.1x expected 0.0100%. Likely illiquidity. Reject.
2026-06-05 14:21:37.855 | INFO     | knowledge.strategy_library:evaluate:302 - [Absorption] SIGNAL: BUY @ 2.4405 | SL=2.3985 TP=3.0405 | Regime=ACCUMULATION | Score=5.66
2026-06-05 14:21:37.855 | WARNING  | execution.order_manager:validate_signal_with_fee_filter:245 - [OrderManager] Fee filter REJECTED: Spread 0.0410% is 4.1x expected 0.0100%. Likely illiquidity. Reject.
2026-06-05 14:21:37.972 | INFO     | knowledge.strategy_library:evaluate:302 - [Absorption] SIGNAL: BUY @ 2.4405 | SL=2.3985 TP=3.0405 | Regime=ACCUMULATION | Score=5.66
2026-06-05 14:21:37.974 | WARNING  | execution.order_manager:validate_signal_with_fee_filter:245 - [OrderManager] Fee filter REJECTED: Spread 0.0410% is 4.1x expected 0.0100%. Likely illiquidity. Reject.
2026-06-05 14:21:38.658 | INFO     | knowledge.strategy_library:evaluate:302 - [Absorption] SIGNAL: BUY @ 2.4405 | SL=2.3985 TP=3.0405 | Regime=ACCUMULATION | Score=5.68
2026-06-05 14:21:38.659 | WARNING  | execution.order_manager:validate_signal_with_fee_filter:245 - [OrderManager] Fee filter REJECTED: Spread 0.0410% is 4.1x expected 0.0100%. Likely illiquidity. Reject.
2026-06-05 14:21:38.757 | INFO     | knowledge.strategy_library:evaluate:302 - [Absorption] SIGNAL: BUY @ 2.4410 | SL=2.3990 TP=3.0410 | Regime=ACCUMULATION | Score=5.64
2026-06-05 14:21:38.758 | WARNING  | execution.order_manager:validate_signal_with_fee_filter:245 - [OrderManager] Fee filter REJECTED: Spread 0.0819% is 8.2x expected 0.0100%. Likely illiquidity. Reject.
2026-06-05 14:21:39.053 | INFO     | knowledge.strategy_library:evaluate:302 - [Absorption] SIGNAL: BUY @ 2.4415 | SL=2.3995 TP=3.0415 | Regime=ACCUMULATION | Score=5.32
2026-06-05 14:21:39.055 | WARNING  | execution.order_manager:validate_signal_with_fee_filter:245 - [OrderManager] Fee filter REJECTED: Spread 0.0410% is 4.1x expected 0.0100%. Likely illiquidity. Reject.
2026-06-05 14:21:39.153 | INFO     | knowledge.strategy_library:evaluate:302 - [Absorption] SIGNAL: BUY @ 2.4415 | SL=2.3995 TP=3.0415 | Regime=ACCUMULATION | Score=5.32
2026-06-05 14:21:39.154 | WARNING  | execution.order_manager:validate_signal_with_fee_filter:245 - [OrderManager] Fee filter REJECTED: Spread 0.0410% is 4.1x expected 0.0100%. Likely illiquidity. Reject.
2026-06-05 14:21:39.354 | INFO     | knowledge.strategy_library:evaluate:302 - [Absorption] SIGNAL: BUY @ 2.4405 | SL=2.3985 TP=3.0405 | Regime=ACCUMULATION | Score=5.99
2026-06-05 14:21:39.355 | WARNING  | execution.order_manager:validate_signal_with_fee_filter:245 - [OrderManager] Fee filter REJECTED: Spread 0.0410% is 4.1x expected 0.0100%. Likely illiquidity. Reject.
2026-06-05 14:21:39.467 | INFO     | knowledge.strategy_library:evaluate:302 - [Absorption] SIGNAL: BUY @ 2.4410 | SL=2.3990 TP=3.0410 | Regime=ACCUMULATION | Score=5.65
2026-06-05 14:21:39.470 | WARNING  | execution.order_manager:validate_signal_with_fee_filter:245 - [OrderManager] Fee filter REJECTED: Spread 0.0819% is 8.2x expected 0.0100%. Likely illiquidity. Reject.
2026-06-05 14:21:39.559 | INFO     | knowledge.strategy_library:evaluate:302 - [Absorption] SIGNAL: BUY @ 2.4410 | SL=2.3990 TP=3.0410 | Regime=ACCUMULATION | Score=5.65
2026-06-05 14:21:39.561 | WARNING  | execution.order_manager:validate_signal_with_fee_filter:245 - [OrderManager] Fee filter REJECTED: Spread 0.0819% is 8.2x expected 0.0100%. Likely illiquidity. Reject.
2026-06-05 14:21:39.754 | INFO     | knowledge.strategy_library:evaluate:302 - [Absorption] SIGNAL: BUY @ 2.4410 | SL=2.3990 TP=3.0410 | Regime=ACCUMULATION | Score=5.32
2026-06-05 14:21:39.756 | WARNING  | execution.order_manager:validate_signal_with_fee_filter:245 - [OrderManager] Fee filter REJECTED: Spread 0.0819% is 8.2x expected 0.0100%. Likely illiquidity. Reject.
2026-06-05 14:21:40.746 | INFO     | knowledge.strategy_library:evaluate:302 - [Absorption] SIGNAL: BUY @ 2.4410 | SL=2.3990 TP=3.0410 | Regime=ACCUMULATION | Score=5.32
2026-06-05 14:21:40.747 | WARNING  | execution.order_manager:validate_signal_with_fee_filter:245 - [OrderManager] Fee filter REJECTED: Spread 0.0819% is 8.2x expected 0.0100%. Likely illiquidity. Reject.
2026-06-05 14:21:40.952 | INFO     | knowledge.strategy_library:evaluate:302 - [Absorption] SIGNAL: BUY @ 2.4410 | SL=2.3990 TP=3.0410 | Regime=ACCUMULATION | Score=5.56
2026-06-05 14:21:40.953 | WARNING  | execution.order_manager:validate_signal_with_fee_filter:245 - [OrderManager] Fee filter REJECTED: Spread 0.0819% is 8.2x expected 0.0100%. Likely illiquidity. Reject.
2026-06-05 14:21:41.929 | INFO     | knowledge.strategy_library:evaluate:302 - [Absorption] SIGNAL: BUY @ 2.4405 | SL=2.3985 TP=3.0405 | Regime=ACCUMULATION | Score=6.08
2026-06-05 14:21:41.930 | WARNING  | execution.order_manager:validate_signal_with_fee_filter:245 - [OrderManager] Fee filter REJECTED: Spread 0.0410% is 4.1x expected 0.0100%. Likely illiquidity. Reject.
2026-06-05 14:21:41.961 | INFO     | knowledge.strategy_library:evaluate:302 - [Absorption] SIGNAL: BUY @ 2.4405 | SL=2.3985 TP=3.0405 | Regime=ACCUMULATION | Score=6.08
2026-06-05 14:21:41.962 | WARNING  | execution.order_manager:validate_signal_with_fee_filter:245 - [OrderManager] Fee filter REJECTED: Spread 0.0410% is 4.1x expected 0.0100%. Likely illiquidity. Reject.
2026-06-05 14:21:42.053 | INFO     | knowledge.strategy_library:evaluate:302 - [Absorption] SIGNAL: BUY @ 2.4405 | SL=2.3985 TP=3.0405 | Regime=ACCUMULATION | Score=6.02
2026-06-05 14:21:42.054 | WARNING  | execution.order_manager:validate_signal_with_fee_filter:245 - [OrderManager] Fee filter REJECTED: Spread 0.0410% is 4.1x expected 0.0100%. Likely illiquidity. Reject.
2026-06-05 14:21:42.153 | INFO     | knowledge.strategy_library:evaluate:302 - [Absorption] SIGNAL: BUY @ 2.4405 | SL=2.3985 TP=3.0405 | Regime=ACCUMULATION | Score=5.32
2026-06-05 14:21:42.155 | WARNING  | execution.order_manager:validate_signal_with_fee_filter:245 - [OrderManager] Fee filter REJECTED: Spread 0.0410% is 4.1x expected 0.0100%. Likely illiquidity. Reject.
2026-06-05 14:21:42.267 | INFO     | knowledge.strategy_library:evaluate:302 - [Absorption] SIGNAL: BUY @ 2.4405 | SL=2.3985 TP=3.0405 | Regime=ACCUMULATION | Score=5.32
2026-06-05 14:21:42.268 | WARNING  | execution.order_manager:validate_signal_with_fee_filter:245 - [OrderManager] Fee filter REJECTED: Spread 0.0410% is 4.1x expected 0.0100%. Likely illiquidity. Reject.
2026-06-05 14:21:42.353 | INFO     | knowledge.strategy_library:evaluate:302 - [Absorption] SIGNAL: BUY @ 2.4405 | SL=2.3985 TP=3.0405 | Regime=ACCUMULATION | Score=5.37
2026-06-05 14:21:42.355 | WARNING  | execution.order_manager:validate_signal_with_fee_filter:245 - [OrderManager] Fee filter REJECTED: Spread 0.0410% is 4.1x expected 0.0100%. Likely illiquidity. Reject.
2026-06-05 14:21:42.453 | INFO     | knowledge.strategy_library:evaluate:302 - [Absorption] SIGNAL: BUY @ 2.4405 | SL=2.3985 TP=3.0405 | Regime=ACCUMULATION | Score=5.57
2026-06-05 14:21:42.454 | WARNING  | execution.order_manager:validate_signal_with_fee_filter:245 - [OrderManager] Fee filter REJECTED: Spread 0.0410% is 4.1x expected 0.0100%. Likely illiquidity. Reject.
2026-06-05 14:21:42.561 | INFO     | knowledge.strategy_library:evaluate:302 - [Absorption] SIGNAL: BUY @ 2.4405 | SL=2.3985 TP=3.0405 | Regime=ACCUMULATION | Score=6.00
2026-06-05 14:21:42.562 | WARNING  | execution.order_manager:validate_signal_with_fee_filter:245 - [OrderManager] Fee filter REJECTED: Spread 0.0410% is 4.1x expected 0.0100%. Likely illiquidity. Reject.
2026-06-05 14:21:42.955 | INFO     | knowledge.strategy_library:evaluate:302 - [Absorption] SIGNAL: BUY @ 2.4405 | SL=2.3985 TP=3.0405 | Regime=ACCUMULATION | Score=5.72
2026-06-05 14:21:42.956 | WARNING  | execution.order_manager:validate_signal_with_fee_filter:245 - [OrderManager] Fee filter REJECTED: Spread 0.0410% is 4.1x expected 0.0100%. Likely illiquidity. Reject.
2026-06-05 14:21:43.554 | INFO     | knowledge.strategy_library:evaluate:302 - [Absorption] SIGNAL: BUY @ 2.4405 | SL=2.3985 TP=3.0405 | Regime=ACCUMULATION | Score=5.32
2026-06-05 14:21:43.555 | WARNING  | execution.order_manager:validate_signal_with_fee_filter:245 - [OrderManager] Fee filter REJECTED: Spread 0.0410% is 4.1x expected 0.0100%. Likely illiquidity. Reject.
2026-06-05 14:21:43.654 | INFO     | knowledge.strategy_library:evaluate:302 - [Absorption] SIGNAL: BUY @ 2.4410 | SL=2.3990 TP=3.0410 | Regime=ACCUMULATION | Score=5.39
2026-06-05 14:21:43.655 | WARNING  | execution.order_manager:validate_signal_with_fee_filter:245 - [OrderManager] Fee filter REJECTED: Spread 0.0819% is 8.2x expected 0.0100%. Likely illiquidity. Reject.
2026-06-05 14:21:43.752 | INFO     | knowledge.strategy_library:evaluate:302 - [Absorption] SIGNAL: BUY @ 2.4410 | SL=2.3990 TP=3.0410 | Regime=ACCUMULATION | Score=5.45
2026-06-05 14:21:43.753 | WARNING  | execution.order_manager:validate_signal_with_fee_filter:245 - [OrderManager] Fee filter REJECTED: Spread 0.0819% is 8.2x expected 0.0100%. Likely illiquidity. Reject.
2026-06-05 14:21:43.969 | INFO     | knowledge.strategy_library:evaluate:302 - [Absorption] SIGNAL: BUY @ 2.4410 | SL=2.3990 TP=3.0410 | Regime=ACCUMULATION | Score=5.20
2026-06-05 14:21:43.970 | WARNING  | execution.order_manager:validate_signal_with_fee_filter:245 - [OrderManager] Fee filter REJECTED: Spread 0.0819% is 8.2x expected 0.0100%. Likely illiquidity. Reject.
2026-06-05 14:21:44.777 | INFO     | knowledge.strategy_library:evaluate:302 - [Absorption] SIGNAL: BUY @ 2.4405 | SL=2.3985 TP=3.0405 | Regime=ACCUMULATION | Score=5.37
2026-06-05 14:21:44.778 | WARNING  | execution.order_manager:validate_signal_with_fee_filter:245 - [OrderManager] Fee filter REJECTED: Spread 0.0410% is 4.1x expected 0.0100%. Likely illiquidity. Reject.
2026-06-05 14:21:44.856 | INFO     | knowledge.strategy_library:evaluate:302 - [Absorption] SIGNAL: BUY @ 2.4405 | SL=2.3985 TP=3.0405 | Regime=ACCUMULATION | Score=5.34
2026-06-05 14:21:44.857 | WARNING  | execution.order_manager:validate_signal_with_fee_filter:245 - [OrderManager] Fee filter REJECTED: Spread 0.0410% is 4.1x expected 0.0100%. Likely illiquidity. Reject.
2026-06-05 14:21:44.961 | INFO     | knowledge.strategy_library:evaluate:302 - [Absorption] SIGNAL: BUY @ 2.4405 | SL=2.3985 TP=3.0405 | Regime=ACCUMULATION | Score=5.34
2026-06-05 14:21:44.963 | WARNING  | execution.order_manager:validate_signal_with_fee_filter:245 - [OrderManager] Fee filter REJECTED: Spread 0.0410% is 4.1x expected 0.0100%. Likely illiquidity. Reject.
2026-06-05 14:21:45.409 | INFO     | knowledge.strategy_library:evaluate:302 - [Absorption] SIGNAL: BUY @ 2.4405 | SL=2.3985 TP=3.0405 | Regime=ACCUMULATION | Score=5.53
2026-06-05 14:21:45.411 | WARNING  | execution.order_manager:validate_signal_with_fee_filter:245 - [OrderManager] Fee filter REJECTED: Spread 0.0410% is 4.1x expected 0.0100%. Likely illiquidity. Reject.
2026-06-05 14:21:45.853 | INFO     | knowledge.strategy_library:evaluate:302 - [Absorption] SIGNAL: BUY @ 2.4405 | SL=2.3985 TP=3.0405 | Regime=ACCUMULATION | Score=5.54
2026-06-05 14:21:45.854 | WARNING  | execution.order_manager:validate_signal_with_fee_filter:245 - [OrderManager] Fee filter REJECTED: Spread 0.0410% is 4.1x expected 0.0100%. Likely illiquidity. Reject.
2026-06-05 14:21:45.952 | INFO     | knowledge.strategy_library:evaluate:302 - [Absorption] SIGNAL: BUY @ 2.4405 | SL=2.3985 TP=3.0405 | Regime=ACCUMULATION | Score=5.53
2026-06-05 14:21:45.954 | WARNING  | execution.order_manager:validate_signal_with_fee_filter:245 - [OrderManager] Fee filter REJECTED: Spread 0.0410% is 4.1x expected 0.0100%. Likely illiquidity. Reject.
2026-06-05 14:21:46.158 | INFO     | knowledge.strategy_library:evaluate:302 - [Absorption] SIGNAL: BUY @ 2.4410 | SL=2.3990 TP=3.0410 | Regime=ACCUMULATION | Score=4.92
2026-06-05 14:21:46.159 | WARNING  | execution.order_manager:validate_signal_with_fee_filter:245 - [OrderManager] Fee filter REJECTED: Spread 0.0819% is 8.2x expected 0.0100%. Likely illiquidity. Reject.
2026-06-05 14:21:46.258 | INFO     | knowledge.strategy_library:evaluate:302 - [Absorption] SIGNAL: BUY @ 2.4410 | SL=2.3990 TP=3.0410 | Regime=ACCUMULATION | Score=4.99
2026-06-05 14:21:46.259 | WARNING  | execution.order_manager:validate_signal_with_fee_filter:245 - [OrderManager] Fee filter REJECTED: Spread 0.0819% is 8.2x expected 0.0100%. Likely illiquidity. Reject.
2026-06-05 14:21:46.461 | INFO     | knowledge.strategy_library:evaluate:302 - [Absorption] SIGNAL: BUY @ 2.4405 | SL=2.3985 TP=3.0405 | Regime=ACCUMULATION | Score=5.53
2026-06-05 14:21:46.462 | WARNING  | execution.order_manager:validate_signal_with_fee_filter:245 - [OrderManager] Fee filter REJECTED: Spread 0.0410% is 4.1x expected 0.0100%. Likely illiquidity. Reject.
2026-06-05 14:21:46.557 | INFO     | knowledge.strategy_library:evaluate:302 - [Absorption] SIGNAL: BUY @ 2.4405 | SL=2.3985 TP=3.0405 | Regime=ACCUMULATION | Score=5.50
2026-06-05 14:21:46.558 | WARNING  | execution.order_manager:validate_signal_with_fee_filter:245 - [OrderManager] Fee filter REJECTED: Spread 0.0410% is 4.1x expected 0.0100%. Likely illiquidity. Reject.
2026-06-05 14:21:46.659 | INFO     | knowledge.strategy_library:evaluate:302 - [Absorption] SIGNAL: BUY @ 2.4405 | SL=2.3985 TP=3.0405 | Regime=ACCUMULATION | Score=5.51
2026-06-05 14:21:46.660 | WARNING  | execution.order_manager:validate_signal_with_fee_filter:245 - [OrderManager] Fee filter REJECTED: Spread 0.0410% is 4.1x expected 0.0100%. Likely illiquidity. Reject.
2026-06-05 14:21:47.656 | INFO     | knowledge.strategy_library:evaluate:302 - [Absorption] SIGNAL: BUY @ 2.4405 | SL=2.3985 TP=3.0405 | Regime=ACCUMULATION | Score=5.54
2026-06-05 14:21:47.657 | WARNING  | execution.order_manager:validate_signal_with_fee_filter:245 - [OrderManager] Fee filter REJECTED: Spread 0.0410% is 4.1x expected 0.0100%. Likely illiquidity. Reject.
2026-06-05 14:21:48.274 | INFO     | knowledge.strategy_library:evaluate:302 - [Absorption] SIGNAL: BUY @ 2.4405 | SL=2.3985 TP=3.0405 | Regime=ACCUMULATION | Score=5.51
2026-06-05 14:21:48.275 | WARNING  | execution.order_manager:validate_signal_with_fee_filter:245 - [OrderManager] Fee filter REJECTED: Spread 0.0410% is 4.1x expected 0.0100%. Likely illiquidity. Reject.
2026-06-05 14:21:48.477 | INFO     | knowledge.strategy_library:evaluate:302 - [Absorption] SIGNAL: BUY @ 2.4405 | SL=2.3985 TP=3.0405 | Regime=ACCUMULATION | Score=5.54
2026-06-05 14:21:48.478 | WARNING  | execution.order_manager:validate_signal_with_fee_filter:245 - [OrderManager] Fee filter REJECTED: Spread 0.0410% is 4.1x expected 0.0100%. Likely illiquidity. Reject.
2026-06-05 14:21:48.555 | INFO     | knowledge.strategy_library:evaluate:302 - [Absorption] SIGNAL: BUY @ 2.4410 | SL=2.3990 TP=3.0410 | Regime=ACCUMULATION | Score=5.19
2026-06-05 14:21:48.557 | WARNING  | execution.order_manager:validate_signal_with_fee_filter:245 - [OrderManager] Fee filter REJECTED: Spread 0.0819% is 8.2x expected 0.0100%. Likely illiquidity. Reject.
2026-06-05 14:21:48.657 | INFO     | knowledge.strategy_library:evaluate:302 - [Absorption] SIGNAL: BUY @ 2.4410 | SL=2.3990 TP=3.0410 | Regime=ACCUMULATION | Score=5.26
2026-06-05 14:21:48.658 | WARNING  | execution.order_manager:validate_signal_with_fee_filter:245 - [OrderManager] Fee filter REJECTED: Spread 0.0819% is 8.2x expected 0.0100%. Likely illiquidity. Reject.
2026-06-05 14:21:48.760 | INFO     | knowledge.strategy_library:evaluate:302 - [Absorption] SIGNAL: BUY @ 2.4410 | SL=2.3990 TP=3.0410 | Regime=ACCUMULATION | Score=5.26
2026-06-05 14:21:48.761 | WARNING  | execution.order_manager:validate_signal_with_fee_filter:245 - [OrderManager] Fee filter REJECTED: Spread 0.0819% is 8.2x expected 0.0100%. Likely illiquidity. Reject.
2026-06-05 14:21:48.853 | INFO     | knowledge.strategy_library:evaluate:302 - [Absorption] SIGNAL: BUY @ 2.4410 | SL=2.3990 TP=3.0410 | Regime=ACCUMULATION | Score=5.04
2026-06-05 14:21:48.855 | WARNING  | execution.order_manager:validate_signal_with_fee_filter:245 - [OrderManager] Fee filter REJECTED: Spread 0.0819% is 8.2x expected 0.0100%. Likely illiquidity. Reject.
2026-06-05 14:21:49.054 | INFO     | knowledge.strategy_library:evaluate:302 - [Absorption] SIGNAL: BUY @ 2.4410 | SL=2.3990 TP=3.0410 | Regime=ACCUMULATION | Score=4.63
2026-06-05 14:21:49.056 | WARNING  | execution.order_manager:validate_signal_with_fee_filter:245 - [OrderManager] Fee filter REJECTED: Spread 0.0819% is 8.2x expected 0.0100%. Likely illiquidity. Reject.
2026-06-05 14:21:49.710 | INFO     | knowledge.strategy_library:evaluate:302 - [Absorption] SIGNAL: BUY @ 2.4415 | SL=2.3995 TP=3.0415 | Regime=ACCUMULATION | Score=4.91
2026-06-05 14:21:49.711 | WARNING  | execution.order_manager:validate_signal_with_fee_filter:245 - [OrderManager] Fee filter REJECTED: Spread 0.0410% is 4.1x expected 0.0100%. Likely illiquidity. Reject.
2026-06-05 14:21:49.733 | INFO     | knowledge.strategy_library:evaluate:302 - [Absorption] SIGNAL: BUY @ 2.4415 | SL=2.3995 TP=3.0415 | Regime=ACCUMULATION | Score=4.91
2026-06-05 14:21:49.734 | WARNING  | execution.order_manager:validate_signal_with_fee_filter:245 - [OrderManager] Fee filter REJECTED: Spread 0.0410% is 4.1x expected 0.0100%. Likely illiquidity. Reject.
2026-06-05 14:21:49.755 | INFO     | knowledge.strategy_library:evaluate:302 - [Absorption] SIGNAL: BUY @ 2.4410 | SL=2.3990 TP=3.0410 | Regime=ACCUMULATION | Score=5.27
2026-06-05 14:21:49.755 | WARNING  | execution.order_manager:validate_signal_with_fee_filter:245 - [OrderManager] Fee filter REJECTED: Spread 0.0819% is 8.2x expected 0.0100%. Likely illiquidity. Reject.
2026-06-05 14:21:49.854 | INFO     | knowledge.strategy_library:evaluate:302 - [Absorption] SIGNAL: BUY @ 2.4410 | SL=2.3990 TP=3.0410 | Regime=ACCUMULATION | Score=5.27
2026-06-05 14:21:49.854 | WARNING  | execution.order_manager:validate_signal_with_fee_filter:245 - [OrderManager] Fee filter REJECTED: Spread 0.0819% is 8.2x expected 0.0100%. Likely illiquidity. Reject.
2026-06-05 14:21:50.053 | INFO     | knowledge.strategy_library:evaluate:302 - [Absorption] SIGNAL: BUY @ 2.4410 | SL=2.3990 TP=3.0410 | Regime=ACCUMULATION | Score=5.27
2026-06-05 14:21:50.055 | WARNING  | execution.order_manager:validate_signal_with_fee_filter:245 - [OrderManager] Fee filter REJECTED: Spread 0.0819% is 8.2x expected 0.0100%. Likely illiquidity. Reject.
2026-06-05 14:21:50.153 | INFO     | knowledge.strategy_library:evaluate:302 - [Absorption] SIGNAL: BUY @ 2.4415 | SL=2.3995 TP=3.0415 | Regime=ACCUMULATION | Score=4.91
2026-06-05 14:21:50.154 | WARNING  | execution.order_manager:validate_signal_with_fee_filter:245 - [OrderManager] Fee filter REJECTED: Spread 0.0410% is 4.1x expected 0.0100%. Likely illiquidity. Reject.
2026-06-05 14:21:50.260 | INFO     | knowledge.strategy_library:evaluate:302 - [Absorption] SIGNAL: BUY @ 2.4415 | SL=2.3995 TP=3.0415 | Regime=ACCUMULATION | Score=4.91
2026-06-05 14:21:50.261 | WARNING  | execution.order_manager:validate_signal_with_fee_filter:245 - [OrderManager] Fee filter REJECTED: Spread 0.0410% is 4.1x expected 0.0100%. Likely illiquidity. Reject.
2026-06-05 14:21:50.656 | INFO     | knowledge.strategy_library:evaluate:302 - [Absorption] SIGNAL: BUY @ 2.4405 | SL=2.3985 TP=3.0405 | Regime=ACCUMULATION | Score=5.84
2026-06-05 14:21:50.657 | WARNING  | execution.order_manager:validate_signal_with_fee_filter:245 - [OrderManager] Fee filter REJECTED: Spread 0.0410% is 4.1x expected 0.0100%. Likely illiquidity. Reject.
2026-06-05 14:21:50.774 | INFO     | knowledge.strategy_library:evaluate:302 - [Absorption] SIGNAL: BUY @ 2.4410 | SL=2.3990 TP=3.0410 | Regime=ACCUMULATION | Score=5.27
2026-06-05 14:21:50.775 | WARNING  | execution.order_manager:validate_signal_with_fee_filter:245 - [OrderManager] Fee filter REJECTED: Spread 0.0819% is 8.2x expected 0.0100%. Likely illiquidity. Reject.
2026-06-05 14:21:50.855 | INFO     | knowledge.strategy_library:evaluate:302 - [Absorption] SIGNAL: BUY @ 2.4410 | SL=2.3990 TP=3.0410 | Regime=ACCUMULATION | Score=5.27
2026-06-05 14:21:50.857 | WARNING  | execution.order_manager:validate_signal_with_fee_filter:245 - [OrderManager] Fee filter REJECTED: Spread 0.0819% is 8.2x expected 0.0100%. Likely illiquidity. Reject.
2026-06-05 14:21:50.953 | INFO     | knowledge.strategy_library:evaluate:302 - [Absorption] SIGNAL: BUY @ 2.4410 | SL=2.3990 TP=3.0410 | Regime=ACCUMULATION | Score=5.33
2026-06-05 14:21:50.954 | WARNING  | execution.order_manager:validate_signal_with_fee_filter:245 - [OrderManager] Fee filter REJECTED: Spread 0.0819% is 8.2x expected 0.0100%. Likely illiquidity. Reject.
2026-06-05 14:21:51.056 | INFO     | knowledge.strategy_library:evaluate:302 - [Absorption] SIGNAL: BUY @ 2.4410 | SL=2.3990 TP=3.0410 | Regime=ACCUMULATION | Score=5.26
2026-06-05 14:21:51.057 | WARNING  | execution.order_manager:validate_signal_with_fee_filter:245 - [OrderManager] Fee filter REJECTED: Spread 0.0819% is 8.2x expected 0.0100%. Likely illiquidity. Reject.
2026-06-05 14:21:51.346 | INFO     | knowledge.strategy_library:evaluate:302 - [Absorption] SIGNAL: BUY @ 2.4410 | SL=2.3990 TP=3.0410 | Regime=ACCUMULATION | Score=5.26
2026-06-05 14:21:51.346 | WARNING  | execution.order_manager:validate_signal_with_fee_filter:245 - [OrderManager] Fee filter REJECTED: Spread 0.0819% is 8.2x expected 0.0100%. Likely illiquidity. Reject.
2026-06-05 14:21:52.466 | INFO     | knowledge.strategy_library:evaluate:302 - [Absorption] SIGNAL: BUY @ 2.4405 | SL=2.3985 TP=3.0405 | Regime=ACCUMULATION | Score=5.81
2026-06-05 14:21:52.468 | WARNING  | execution.order_manager:validate_signal_with_fee_filter:245 - [OrderManager] Fee filter REJECTED: Spread 0.0410% is 4.1x expected 0.0100%. Likely illiquidity. Reject.
2026-06-05 14:21:52.485 | INFO     | knowledge.strategy_library:evaluate:302 - [Absorption] SIGNAL: BUY @ 2.4405 | SL=2.3985 TP=3.0405 | Regime=ACCUMULATION | Score=5.81
2026-06-05 14:21:52.486 | WARNING  | execution.order_manager:validate_signal_with_fee_filter:245 - [OrderManager] Fee filter REJECTED: Spread 0.0410% is 4.1x expected 0.0100%. Likely illiquidity. Reject.
2026-06-05 14:21:52.852 | INFO     | knowledge.strategy_library:evaluate:302 - [Absorption] SIGNAL: BUY @ 2.4405 | SL=2.3985 TP=3.0405 | Regime=ACCUMULATION | Score=5.82
2026-06-05 14:21:52.854 | WARNING  | execution.order_manager:validate_signal_with_fee_filter:245 - [OrderManager] Fee filter REJECTED: Spread 0.0410% is 4.1x expected 0.0100%. Likely illiquidity. Reject.
2026-06-05 14:21:53.256 | INFO     | knowledge.strategy_library:evaluate:302 - [Absorption] SIGNAL: BUY @ 2.4410 | SL=2.3990 TP=3.0410 | Regime=ACCUMULATION | Score=5.37
2026-06-05 14:21:53.257 | WARNING  | execution.order_manager:validate_signal_with_fee_filter:245 - [OrderManager] Fee filter REJECTED: Spread 0.0819% is 8.2x expected 0.0100%. Likely illiquidity. Reject.
2026-06-05 14:21:53.363 | INFO     | knowledge.strategy_library:evaluate:302 - [Absorption] SIGNAL: BUY @ 2.4415 | SL=2.3995 TP=3.0415 | Regime=ACCUMULATION | Score=4.91
2026-06-05 14:21:53.364 | WARNING  | execution.order_manager:validate_signal_with_fee_filter:245 - [OrderManager] Fee filter REJECTED: Spread 0.0410% is 4.1x expected 0.0100%. Likely illiquidity. Reject.
2026-06-05 14:21:53.455 | INFO     | knowledge.strategy_library:evaluate:302 - [Absorption] SIGNAL: BUY @ 2.4410 | SL=2.3990 TP=3.0410 | Regime=ACCUMULATION | Score=5.33
2026-06-05 14:21:53.457 | WARNING  | execution.order_manager:validate_signal_with_fee_filter:245 - [OrderManager] Fee filter REJECTED: Spread 0.0819% is 8.2x expected 0.0100%. Likely illiquidity. Reject.
2026-06-05 14:21:53.560 | INFO     | knowledge.strategy_library:evaluate:302 - [Absorption] SIGNAL: BUY @ 2.4410 | SL=2.3990 TP=3.0410 | Regime=ACCUMULATION | Score=5.26
2026-06-05 14:21:53.562 | WARNING  | execution.order_manager:validate_signal_with_fee_filter:245 - [OrderManager] Fee filter REJECTED: Spread 0.0819% is 8.2x expected 0.0100%. Likely illiquidity. Reject.
2026-06-05 14:21:53.657 | INFO     | knowledge.strategy_library:evaluate:302 - [Absorption] SIGNAL: BUY @ 2.4405 | SL=2.3985 TP=3.0405 | Regime=ACCUMULATION | Score=5.58
2026-06-05 14:21:53.659 | WARNING  | execution.order_manager:validate_signal_with_fee_filter:245 - [OrderManager] Fee filter REJECTED: Spread 0.0410% is 4.1x expected 0.0100%. Likely illiquidity. Reject.
2026-06-05 14:21:53.759 | INFO     | knowledge.strategy_library:evaluate:302 - [Absorption] SIGNAL: BUY @ 2.4405 | SL=2.3985 TP=3.0405 | Regime=ACCUMULATION | Score=5.35
2026-06-05 14:21:53.761 | WARNING  | execution.order_manager:validate_signal_with_fee_filter:245 - [OrderManager] Fee filter REJECTED: Spread 0.0410% is 4.1x expected 0.0100%. Likely illiquidity. Reject.
2026-06-05 14:21:53.879 | INFO     | knowledge.strategy_library:evaluate:302 - [Absorption] SIGNAL: BUY @ 2.4405 | SL=2.3985 TP=3.0405 | Regime=ACCUMULATION | Score=5.33
2026-06-05 14:21:53.880 | WARNING  | execution.order_manager:validate_signal_with_fee_filter:245 - [OrderManager] Fee filter REJECTED: Spread 0.0410% is 4.1x expected 0.0100%. Likely illiquidity. Reject.
2026-06-05 14:21:53.965 | INFO     | knowledge.strategy_library:evaluate:302 - [Absorption] SIGNAL: BUY @ 2.4405 | SL=2.3985 TP=3.0405 | Regime=ACCUMULATION | Score=4.91
2026-06-05 14:21:53.966 | WARNING  | execution.order_manager:validate_signal_with_fee_filter:245 - [OrderManager] Fee filter REJECTED: Spread 0.0410% is 4.1x expected 0.0100%. Likely illiquidity. Reject.
2026-06-05 14:21:54.258 | INFO     | knowledge.strategy_library:evaluate:302 - [Absorption] SIGNAL: BUY @ 2.4405 | SL=2.3985 TP=3.0405 | Regime=ACCUMULATION | Score=4.91
2026-06-05 14:21:54.259 | WARNING  | execution.order_manager:validate_signal_with_fee_filter:245 - [OrderManager] Fee filter REJECTED: Spread 0.0410% is 4.1x expected 0.0100%. Likely illiquidity. Reject.
2026-06-05 14:21:54.555 | INFO     | knowledge.strategy_library:evaluate:302 - [Absorption] SIGNAL: BUY @ 2.4405 | SL=2.3985 TP=3.0405 | Regime=ACCUMULATION | Score=4.91
2026-06-05 14:21:54.556 | WARNING  | execution.order_manager:validate_signal_with_fee_filter:245 - [OrderManager] Fee filter REJECTED: Spread 0.0410% is 4.1x expected 0.0100%. Likely illiquidity. Reject.
2026-06-05 14:21:54.557 | INFO     | data.exchange_connector:_process_message:423 - [WS MSGS] total=2500 depth=2211 aggTrade=289 other=0
2026-06-05 14:21:54.653 | INFO     | knowledge.strategy_library:evaluate:302 - [Absorption] SIGNAL: BUY @ 2.4405 | SL=2.3985 TP=3.0405 | Regime=ACCUMULATION | Score=5.58
2026-06-05 14:21:54.655 | WARNING  | execution.order_manager:validate_signal_with_fee_filter:245 - [OrderManager] Fee filter REJECTED: Spread 0.0410% is 4.1x expected 0.0100%. Likely illiquidity. Reject.
2026-06-05 14:21:55.963 | INFO     | knowledge.strategy_library:evaluate:302 - [Absorption] SIGNAL: BUY @ 2.4405 | SL=2.3985 TP=3.0405 | Regime=ACCUMULATION | Score=5.54
2026-06-05 14:21:55.965 | WARNING  | execution.order_manager:validate_signal_with_fee_filter:245 - [OrderManager] Fee filter REJECTED: Spread 0.0410% is 4.1x expected 0.0100%. Likely illiquidity. Reject.
2026-06-05 14:21:56.152 | INFO     | knowledge.strategy_library:evaluate:302 - [Absorption] SIGNAL: BUY @ 2.4405 | SL=2.3985 TP=3.0405 | Regime=ACCUMULATION | Score=5.54
2026-06-05 14:21:56.152 | WARNING  | execution.order_manager:validate_signal_with_fee_filter:245 - [OrderManager] Fee filter REJECTED: Spread 0.0410% is 4.1x expected 0.0100%. Likely illiquidity. Reject.
2026-06-05 14:21:57.153 | INFO     | knowledge.strategy_library:evaluate:302 - [Absorption] SIGNAL: BUY @ 2.4410 | SL=2.3990 TP=3.0410 | Regime=ACCUMULATION | Score=4.96
2026-06-05 14:21:57.154 | WARNING  | execution.order_manager:validate_signal_with_fee_filter:245 - [OrderManager] Fee filter REJECTED: Spread 0.0819% is 8.2x expected 0.0100%. Likely illiquidity. Reject.
2026-06-05 14:21:57.260 | INFO     | knowledge.strategy_library:evaluate:302 - [Absorption] SIGNAL: BUY @ 2.4410 | SL=2.3990 TP=3.0410 | Regime=ACCUMULATION | Score=5.03
2026-06-05 14:21:57.261 | WARNING  | execution.order_manager:validate_signal_with_fee_filter:245 - [OrderManager] Fee filter REJECTED: Spread 0.0819% is 8.2x expected 0.0100%. Likely illiquidity. Reject.
2026-06-05 14:21:57.471 | INFO     | knowledge.strategy_library:evaluate:302 - [Absorption] SIGNAL: BUY @ 2.4410 | SL=2.3990 TP=3.0410 | Regime=ACCUMULATION | Score=4.96
2026-06-05 14:21:57.472 | WARNING  | execution.order_manager:validate_signal_with_fee_filter:245 - [OrderManager] Fee filter REJECTED: Spread 0.0819% is 8.2x expected 0.0100%. Likely illiquidity. Reject.
2026-06-05 14:21:57.956 | INFO     | knowledge.strategy_library:evaluate:302 - [Absorption] SIGNAL: BUY @ 2.4405 | SL=2.3985 TP=3.0405 | Regime=ACCUMULATION | Score=5.58
2026-06-05 14:21:57.956 | WARNING  | execution.order_manager:validate_signal_with_fee_filter:245 - [OrderManager] Fee filter REJECTED: Spread 0.0410% is 4.1x expected 0.0100%. Likely illiquidity. Reject.
2026-06-05 14:21:58.057 | INFO     | knowledge.strategy_library:evaluate:302 - [Absorption] SIGNAL: BUY @ 2.4405 | SL=2.3985 TP=3.0405 | Regime=ACCUMULATION | Score=5.58
2026-06-05 14:21:58.057 | WARNING  | execution.order_manager:validate_signal_with_fee_filter:245 - [OrderManager] Fee filter REJECTED: Spread 0.0410% is 4.1x expected 0.0100%. Likely illiquidity. Reject.
2026-06-05 14:21:58.354 | INFO     | knowledge.strategy_library:evaluate:302 - [Absorption] SIGNAL: BUY @ 2.4405 | SL=2.3985 TP=3.0405 | Regime=ACCUMULATION | Score=5.99
2026-06-05 14:21:58.356 | WARNING  | execution.order_manager:validate_signal_with_fee_filter:245 - [OrderManager] Fee filter REJECTED: Spread 0.0410% is 4.1x expected 0.0100%. Likely illiquidity. Reject.
2026-06-05 14:21:58.858 | INFO     | knowledge.strategy_library:evaluate:302 - [Absorption] SIGNAL: BUY @ 2.4405 | SL=2.3985 TP=3.0405 | Regime=ACCUMULATION | Score=6.11
2026-06-05 14:21:58.859 | WARNING  | execution.order_manager:validate_signal_with_fee_filter:245 - [OrderManager] Fee filter REJECTED: Spread 0.0410% is 4.1x expected 0.0100%. Likely illiquidity. Reject.
2026-06-05 14:21:58.954 | INFO     | knowledge.strategy_library:evaluate:302 - [Absorption] SIGNAL: BUY @ 2.4405 | SL=2.3985 TP=3.0405 | Regime=ACCUMULATION | Score=5.50
2026-06-05 14:21:58.955 | WARNING  | execution.order_manager:validate_signal_with_fee_filter:245 - [OrderManager] Fee filter REJECTED: Spread 0.0410% is 4.1x expected 0.0100%. Likely illiquidity. Reject.
2026-06-05 14:21:59.055 | INFO     | knowledge.strategy_library:evaluate:302 - [Absorption] SIGNAL: BUY @ 2.4395 | SL=2.3905 TP=3.1395 | Regime=ACCUMULATION | Score=5.50
2026-06-05 14:21:59.056 | WARNING  | execution.order_manager:validate_signal_with_fee_filter:245 - [OrderManager] Fee filter REJECTED: Spread 0.0410% is 4.1x expected 0.0100%. Likely illiquidity. Reject.
2026-06-05 14:21:59.155 | INFO     | knowledge.strategy_library:evaluate:302 - [Absorption] SIGNAL: BUY @ 2.4395 | SL=2.3905 TP=3.1395 | Regime=ACCUMULATION | Score=5.64
2026-06-05 14:21:59.157 | WARNING  | execution.order_manager:validate_signal_with_fee_filter:245 - [OrderManager] Fee filter REJECTED: Spread 0.0410% is 4.1x expected 0.0100%. Likely illiquidity. Reject.
2026-06-05 14:21:59.255 | INFO     | knowledge.strategy_library:evaluate:302 - [Absorption] SIGNAL: BUY @ 2.4395 | SL=2.3905 TP=3.1395 | Regime=ACCUMULATION | Score=5.50
2026-06-05 14:21:59.255 | WARNING  | execution.order_manager:validate_signal_with_fee_filter:245 - [OrderManager] Fee filter REJECTED: Spread 0.0410% is 4.1x expected 0.0100%. Likely illiquidity. Reject.
2026-06-05 14:21:59.354 | INFO     | knowledge.strategy_library:evaluate:302 - [Absorption] SIGNAL: BUY @ 2.4395 | SL=2.3905 TP=3.1395 | Regime=ACCUMULATION | Score=5.50
2026-06-05 14:21:59.355 | WARNING  | execution.order_manager:validate_signal_with_fee_filter:245 - [OrderManager] Fee filter REJECTED: Spread 0.0410% is 4.1x expected 0.0100%. Likely illiquidity. Reject.
2026-06-05 14:22:31.556 | INFO     | knowledge.strategy_library:evaluate:302 - [Absorption] SIGNAL: BUY @ 2.4435 | SL=2.4015 TP=3.0435 | Regime=ACCUMULATION | Score=4.72
2026-06-05 14:22:31.556 | WARNING  | execution.order_manager:validate_signal_with_fee_filter:245 - [OrderManager] Fee filter REJECTED: Spread 0.0409% is 4.1x expected 0.0100%. Likely illiquidity. Reject.
2026-06-05 14:22:31.558 | INFO     | knowledge.strategy_library:evaluate:302 - [Stacked Imbalance] SIGNAL: BUY @ 2.4435 | SL=2.4015 TP=3.0435 | Regime=ACCUMULATION | Score=2.56
2026-06-05 14:22:31.559 | WARNING  | execution.order_manager:validate_signal_with_fee_filter:245 - [OrderManager] Fee filter REJECTED: Spread 0.0409% is 4.1x expected 0.0100%. Likely illiquidity. Reject.
2026-06-05 14:22:31.652 | INFO     | knowledge.strategy_library:evaluate:302 - [Absorption] SIGNAL: BUY @ 2.4435 | SL=2.4015 TP=3.0435 | Regime=ACCUMULATION | Score=4.72
2026-06-05 14:22:31.654 | WARNING  | execution.order_manager:validate_signal_with_fee_filter:245 - [OrderManager] Fee filter REJECTED: Spread 0.0409% is 4.1x expected 0.0100%. Likely illiquidity. Reject.
2026-06-05 14:22:31.655 | INFO     | knowledge.strategy_library:evaluate:302 - [Stacked Imbalance] SIGNAL: BUY @ 2.4435 | SL=2.4015 TP=3.0435 | Regime=ACCUMULATION | Score=2.56
2026-06-05 14:22:31.656 | WARNING  | execution.order_manager:validate_signal_with_fee_filter:245 - [OrderManager] Fee filter REJECTED: Spread 0.0409% is 4.1x expected 0.0100%. Likely illiquidity. Reject.
2026-06-05 14:22:31.752 | INFO     | knowledge.strategy_library:evaluate:302 - [Absorption] SIGNAL: BUY @ 2.4435 | SL=2.4015 TP=3.0435 | Regime=ACCUMULATION | Score=4.72
2026-06-05 14:22:31.753 | WARNING  | execution.order_manager:validate_signal_with_fee_filter:245 - [OrderManager] Fee filter REJECTED: Spread 0.0409% is 4.1x expected 0.0100%. Likely illiquidity. Reject.
2026-06-05 14:22:31.754 | INFO     | knowledge.strategy_library:evaluate:302 - [Stacked Imbalance] SIGNAL: BUY @ 2.4435 | SL=2.4015 TP=3.0435 | Regime=ACCUMULATION | Score=2.56
2026-06-05 14:22:31.755 | WARNING  | execution.order_manager:validate_signal_with_fee_filter:245 - [OrderManager] Fee filter REJECTED: Spread 0.0409% is 4.1x expected 0.0100%. Likely illiquidity. Reject.
2026-06-05 14:22:31.856 | INFO     | knowledge.strategy_library:evaluate:302 - [Absorption] SIGNAL: BUY @ 2.4435 | SL=2.4015 TP=3.0435 | Regime=ACCUMULATION | Score=4.72
2026-06-05 14:22:31.856 | WARNING  | execution.order_manager:validate_signal_with_fee_filter:245 - [OrderManager] Fee filter REJECTED: Spread 0.0409% is 4.1x expected 0.0100%. Likely illiquidity. Reject.
2026-06-05 14:22:31.858 | INFO     | knowledge.strategy_library:evaluate:302 - [Stacked Imbalance] SIGNAL: BUY @ 2.4435 | SL=2.4015 TP=3.0435 | Regime=ACCUMULATION | Score=2.56
2026-06-05 14:22:31.859 | WARNING  | execution.order_manager:validate_signal_with_fee_filter:245 - [OrderManager] Fee filter REJECTED: Spread 0.0409% is 4.1x expected 0.0100%. Likely illiquidity. Reject.
2026-06-05 14:22:35.153 | INFO     | knowledge.strategy_library:evaluate:302 - [Absorption] SIGNAL: BUY @ 2.4445 | SL=2.4025 TP=3.0445 | Regime=ACCUMULATION | Score=4.68
2026-06-05 14:22:35.154 | WARNING  | execution.order_manager:validate_signal_with_fee_filter:245 - [OrderManager] Fee filter REJECTED: Spread 0.0409% is 4.1x expected 0.0100%. Likely illiquidity. Reject.
2026-06-05 14:22:35.258 | INFO     | knowledge.strategy_library:evaluate:302 - [Absorption] SIGNAL: BUY @ 2.4445 | SL=2.4025 TP=3.0445 | Regime=ACCUMULATION | Score=4.68
2026-06-05 14:22:35.259 | WARNING  | execution.order_manager:validate_signal_with_fee_filter:245 - [OrderManager] Fee filter REJECTED: Spread 0.0409% is 4.1x expected 0.0100%. Likely illiquidity. Reject.
2026-06-05 14:22:35.954 | INFO     | knowledge.strategy_library:evaluate:302 - [Absorption] SIGNAL: BUY @ 2.4445 | SL=2.4025 TP=3.0445 | Regime=ACCUMULATION | Score=4.69
2026-06-05 14:22:35.955 | WARNING  | execution.order_manager:validate_signal_with_fee_filter:245 - [OrderManager] Fee filter REJECTED: Spread 0.0409% is 4.1x expected 0.0100%. Likely illiquidity. Reject.
2026-06-05 14:22:39.855 | INFO     | knowledge.strategy_library:evaluate:302 - [Absorption] SIGNAL: BUY @ 2.4435 | SL=2.3945 TP=3.1435 | Regime=ACCUMULATION | Score=4.57
2026-06-05 14:22:39.856 | WARNING  | execution.order_manager:validate_signal_with_fee_filter:245 - [OrderManager] Fee filter REJECTED: Spread 0.0409% is 4.1x expected 0.0100%. Likely illiquidity. Reject.
2026-06-05 14:22:39.982 | INFO     | knowledge.strategy_library:evaluate:302 - [Absorption] SIGNAL: BUY @ 2.4435 | SL=2.3945 TP=3.1435 | Regime=ACCUMULATION | Score=4.62
2026-06-05 14:22:39.983 | WARNING  | execution.order_manager:validate_signal_with_fee_filter:245 - [OrderManager] Fee filter REJECTED: Spread 0.0409% is 4.1x expected 0.0100%. Likely illiquidity. Reject.
2026-06-05 14:22:40.057 | INFO     | knowledge.strategy_library:evaluate:302 - [Absorption] SIGNAL: BUY @ 2.4435 | SL=2.3945 TP=3.1435 | Regime=ACCUMULATION | Score=4.62
2026-06-05 14:22:40.058 | WARNING  | execution.order_manager:validate_signal_with_fee_filter:245 - [OrderManager] Fee filter REJECTED: Spread 0.0409% is 4.1x expected 0.0100%. Likely illiquidity. Reject.
2026-06-05 14:22:40.569 | INFO     | knowledge.strategy_library:evaluate:302 - [Absorption] SIGNAL: BUY @ 2.4425 | SL=2.3935 TP=3.1425 | Regime=ACCUMULATION | Score=4.81
2026-06-05 14:22:40.571 | WARNING  | execution.order_manager:validate_signal_with_fee_filter:245 - [OrderManager] Fee filter REJECTED: Spread 0.0409% is 4.1x expected 0.0100%. Likely illiquidity. Reject.
2026-06-05 14:22:40.780 | INFO     | knowledge.strategy_library:evaluate:302 - [Absorption] SIGNAL: BUY @ 2.4425 | SL=2.3935 TP=3.1425 | Regime=ACCUMULATION | Score=4.86
2026-06-05 14:22:40.790 | WARNING  | execution.order_manager:validate_signal_with_fee_filter:245 - [OrderManager] Fee filter REJECTED: Spread 0.0409% is 4.1x expected 0.0100%. Likely illiquidity. Reject.
2026-06-05 14:22:40.854 | INFO     | knowledge.strategy_library:evaluate:302 - [Absorption] SIGNAL: BUY @ 2.4415 | SL=2.3925 TP=3.1415 | Regime=ACCUMULATION | Score=5.41
2026-06-05 14:22:40.855 | WARNING  | execution.order_manager:validate_signal_with_fee_filter:245 - [OrderManager] Fee filter REJECTED: Spread 0.0410% is 4.1x expected 0.0100%. Likely illiquidity. Reject.
2026-06-05 14:22:40.946 | INFO     | knowledge.strategy_library:evaluate:302 - [Absorption] SIGNAL: BUY @ 2.4415 | SL=2.3925 TP=3.1415 | Regime=ACCUMULATION | Score=5.43
2026-06-05 14:22:40.947 | WARNING  | execution.order_manager:validate_signal_with_fee_filter:245 - [OrderManager] Fee filter REJECTED: Spread 0.0410% is 4.1x expected 0.0100%. Likely illiquidity. Reject.
2026-06-05 14:22:41.163 | INFO     | knowledge.strategy_library:evaluate:302 - [Absorption] SIGNAL: BUY @ 2.4415 | SL=2.3925 TP=3.1415 | Regime=ACCUMULATION | Score=5.43
2026-06-05 14:22:41.164 | WARNING  | execution.order_manager:validate_signal_with_fee_filter:245 - [OrderManager] Fee filter REJECTED: Spread 0.0410% is 4.1x expected 0.0100%. Likely illiquidity. Reject.
2026-06-05 14:22:41.259 | INFO     | knowledge.strategy_library:evaluate:302 - [Absorption] SIGNAL: BUY @ 2.4415 | SL=2.3925 TP=3.1415 | Regime=ACCUMULATION | Score=5.43
2026-06-05 14:22:41.261 | WARNING  | execution.order_manager:validate_signal_with_fee_filter:245 - [OrderManager] Fee filter REJECTED: Spread 0.0410% is 4.1x expected 0.0100%. Likely illiquidity. Reject.
2026-06-05 14:22:41.359 | INFO     | knowledge.strategy_library:evaluate:302 - [Absorption] SIGNAL: BUY @ 2.4415 | SL=2.3925 TP=3.1415 | Regime=ACCUMULATION | Score=5.21
2026-06-05 14:22:41.360 | WARNING  | execution.order_manager:validate_signal_with_fee_filter:245 - [OrderManager] Fee filter REJECTED: Spread 0.0410% is 4.1x expected 0.0100%. Likely illiquidity. Reject.
2026-06-05 14:22:41.574 | INFO     | knowledge.strategy_library:evaluate:302 - [Absorption] SIGNAL: BUY @ 2.4415 | SL=2.3925 TP=3.1415 | Regime=ACCUMULATION | Score=5.11
2026-06-05 14:22:41.575 | WARNING  | execution.order_manager:validate_signal_with_fee_filter:245 - [OrderManager] Fee filter REJECTED: Spread 0.0410% is 4.1x expected 0.0100%. Likely illiquidity. Reject.
2026-06-05 14:22:41.765 | INFO     | knowledge.strategy_library:evaluate:302 - [Absorption] SIGNAL: BUY @ 2.4415 | SL=2.3925 TP=3.1415 | Regime=ACCUMULATION | Score=5.11
2026-06-05 14:22:41.767 | WARNING  | execution.order_manager:validate_signal_with_fee_filter:245 - [OrderManager] Fee filter REJECTED: Spread 0.0410% is 4.1x expected 0.0100%. Likely illiquidity. Reject.
2026-06-05 14:22:42.355 | INFO     | knowledge.strategy_library:evaluate:302 - [Absorption] SIGNAL: BUY @ 2.4425 | SL=2.3935 TP=3.1425 | Regime=ACCUMULATION | Score=5.53
2026-06-05 14:22:42.357 | WARNING  | execution.order_manager:validate_signal_with_fee_filter:245 - [OrderManager] Fee filter REJECTED: Spread 0.0409% is 4.1x expected 0.0100%. Likely illiquidity. Reject.
2026-06-05 14:22:42.460 | INFO     | knowledge.strategy_library:evaluate:302 - [Absorption] SIGNAL: BUY @ 2.4425 | SL=2.3935 TP=3.1425 | Regime=ACCUMULATION | Score=5.90
2026-06-05 14:22:42.462 | WARNING  | execution.order_manager:validate_signal_with_fee_filter:245 - [OrderManager] Fee filter REJECTED: Spread 0.0409% is 4.1x expected 0.0100%. Likely illiquidity. Reject.
2026-06-05 14:22:42.656 | INFO     | knowledge.strategy_library:evaluate:302 - [Absorption] SIGNAL: BUY @ 2.4425 | SL=2.3935 TP=3.1425 | Regime=ACCUMULATION | Score=5.90
2026-06-05 14:22:42.657 | WARNING  | execution.order_manager:validate_signal_with_fee_filter:245 - [OrderManager] Fee filter REJECTED: Spread 0.0409% is 4.1x expected 0.0100%. Likely illiquidity. Reject.
2026-06-05 14:22:45.277 | INFO     | knowledge.strategy_library:evaluate:302 - [Absorption] SIGNAL: BUY @ 2.4425 | SL=2.3935 TP=3.1425 | Regime=ACCUMULATION | Score=5.40
2026-06-05 14:22:45.277 | WARNING  | execution.order_manager:validate_signal_with_fee_filter:245 - [OrderManager] Fee filter REJECTED: Spread 0.0409% is 4.1x expected 0.0100%. Likely illiquidity. Reject.
2026-06-05 14:22:45.353 | INFO     | knowledge.strategy_library:evaluate:302 - [Absorption] SIGNAL: BUY @ 2.4425 | SL=2.3935 TP=3.1425 | Regime=ACCUMULATION | Score=5.43
2026-06-05 14:22:45.354 | WARNING  | execution.order_manager:validate_signal_with_fee_filter:245 - [OrderManager] Fee filter REJECTED: Spread 0.0409% is 4.1x expected 0.0100%. Likely illiquidity. Reject.
2026-06-05 14:22:45.460 | INFO     | knowledge.strategy_library:evaluate:302 - [Absorption] SIGNAL: BUY @ 2.4425 | SL=2.3935 TP=3.1425 | Regime=ACCUMULATION | Score=5.50
2026-06-05 14:22:45.463 | WARNING  | execution.order_manager:validate_signal_with_fee_filter:245 - [OrderManager] Fee filter REJECTED: Spread 0.0409% is 4.1x expected 0.0100%. Likely illiquidity. Reject.
2026-06-05 14:22:45.655 | INFO     | knowledge.strategy_library:evaluate:302 - [Absorption] SIGNAL: BUY @ 2.4425 | SL=2.3935 TP=3.1425 | Regime=ACCUMULATION | Score=4.96
2026-06-05 14:22:45.657 | WARNING  | execution.order_manager:validate_signal_with_fee_filter:245 - [OrderManager] Fee filter REJECTED: Spread 0.0409% is 4.1x expected 0.0100%. Likely illiquidity. Reject.
2026-06-05 14:22:46.453 | INFO     | knowledge.strategy_library:evaluate:302 - [Absorption] SIGNAL: BUY @ 2.4430 | SL=2.3940 TP=3.1430 | Regime=ACCUMULATION | Score=4.90
2026-06-05 14:22:46.455 | WARNING  | execution.order_manager:validate_signal_with_fee_filter:245 - [OrderManager] Fee filter REJECTED: Spread 0.0819% is 8.2x expected 0.0100%. Likely illiquidity. Reject.
2026-06-05 14:22:46.556 | INFO     | knowledge.strategy_library:evaluate:302 - [Absorption] SIGNAL: BUY @ 2.4430 | SL=2.3940 TP=3.1430 | Regime=ACCUMULATION | Score=4.90
2026-06-05 14:22:46.557 | WARNING  | execution.order_manager:validate_signal_with_fee_filter:245 - [OrderManager] Fee filter REJECTED: Spread 0.0819% is 8.2x expected 0.0100%. Likely illiquidity. Reject.
2026-06-05 14:23:00.358 | INFO     | knowledge.strategy_library:evaluate:302 - [Absorption] SIGNAL: BUY @ 2.4455 | SL=2.3965 TP=3.1455 | Regime=ACCUMULATION | Score=5.12
2026-06-05 14:23:00.360 | WARNING  | execution.order_manager:validate_signal_with_fee_filter:245 - [OrderManager] Fee filter REJECTED: Spread 0.0409% is 4.1x expected 0.0100%. Likely illiquidity. Reject.
2026-06-05 14:23:00.376 | INFO     | knowledge.strategy_library:evaluate:302 - [Absorption] SIGNAL: BUY @ 2.4455 | SL=2.3965 TP=3.1455 | Regime=ACCUMULATION | Score=5.08
2026-06-05 14:23:00.377 | WARNING  | execution.order_manager:validate_signal_with_fee_filter:245 - [OrderManager] Fee filter REJECTED: Spread 0.0409% is 4.1x expected 0.0100%. Likely illiquidity. Reject.
2026-06-05 14:23:00.460 | INFO     | knowledge.strategy_library:evaluate:302 - [Absorption] SIGNAL: BUY @ 2.4455 | SL=2.3965 TP=3.1455 | Regime=ACCUMULATION | Score=5.08
2026-06-05 14:23:00.461 | WARNING  | execution.order_manager:validate_signal_with_fee_filter:245 - [OrderManager] Fee filter REJECTED: Spread 0.0409% is 4.1x expected 0.0100%. Likely illiquidity. Reject.
2026-06-05 14:23:00.763 | INFO     | knowledge.strategy_library:evaluate:302 - [Absorption] SIGNAL: BUY @ 2.4455 | SL=2.3965 TP=3.1455 | Regime=ACCUMULATION | Score=5.01
2026-06-05 14:23:00.765 | WARNING  | execution.order_manager:validate_signal_with_fee_filter:245 - [OrderManager] Fee filter REJECTED: Spread 0.0409% is 4.1x expected 0.0100%. Likely illiquidity. Reject.
2026-06-05 14:23:00.962 | INFO     | knowledge.strategy_library:evaluate:302 - [Absorption] SIGNAL: BUY @ 2.4455 | SL=2.3965 TP=3.1455 | Regime=ACCUMULATION | Score=5.01
2026-06-05 14:23:00.964 | WARNING  | execution.order_manager:validate_signal_with_fee_filter:245 - [OrderManager] Fee filter REJECTED: Spread 0.0409% is 4.1x expected 0.0100%. Likely illiquidity. Reject.
2026-06-05 14:23:01.255 | INFO     | knowledge.strategy_library:evaluate:302 - [Absorption] SIGNAL: BUY @ 2.4455 | SL=2.3965 TP=3.1455 | Regime=ACCUMULATION | Score=5.33
2026-06-05 14:23:01.257 | WARNING  | execution.order_manager:validate_signal_with_fee_filter:245 - [OrderManager] Fee filter REJECTED: Spread 0.0409% is 4.1x expected 0.0100%. Likely illiquidity. Reject.
2026-06-05 14:23:01.463 | INFO     | knowledge.strategy_library:evaluate:302 - [Absorption] SIGNAL: BUY @ 2.4455 | SL=2.3965 TP=3.1455 | Regime=ACCUMULATION | Score=5.33
2026-06-05 14:23:01.464 | WARNING  | execution.order_manager:validate_signal_with_fee_filter:245 - [OrderManager] Fee filter REJECTED: Spread 0.0409% is 4.1x expected 0.0100%. Likely illiquidity. Reject.
2026-06-05 14:23:01.581 | INFO     | knowledge.strategy_library:evaluate:302 - [Absorption] SIGNAL: BUY @ 2.4455 | SL=2.3965 TP=3.1455 | Regime=ACCUMULATION | Score=5.33
2026-06-05 14:23:01.583 | WARNING  | execution.order_manager:validate_signal_with_fee_filter:245 - [OrderManager] Fee filter REJECTED: Spread 0.0409% is 4.1x expected 0.0100%. Likely illiquidity. Reject.
2026-06-05 14:23:01.676 | INFO     | knowledge.strategy_library:evaluate:302 - [Absorption] SIGNAL: BUY @ 2.4455 | SL=2.3965 TP=3.1455 | Regime=ACCUMULATION | Score=5.00
2026-06-05 14:23:01.679 | WARNING  | execution.order_manager:validate_signal_with_fee_filter:245 - [OrderManager] Fee filter REJECTED: Spread 0.0409% is 4.1x expected 0.0100%. Likely illiquidity. Reject.
2026-06-05 14:23:01.776 | INFO     | knowledge.strategy_library:evaluate:302 - [Absorption] SIGNAL: BUY @ 2.4455 | SL=2.3965 TP=3.1455 | Regime=ACCUMULATION | Score=4.99
2026-06-05 14:23:01.778 | WARNING  | execution.order_manager:validate_signal_with_fee_filter:245 - [OrderManager] Fee filter REJECTED: Spread 0.0409% is 4.1x expected 0.0100%. Likely illiquidity. Reject.
2026-06-05 14:23:01.850 | INFO     | knowledge.strategy_library:evaluate:302 - [Absorption] SIGNAL: BUY @ 2.4455 | SL=2.3965 TP=3.1455 | Regime=ACCUMULATION | Score=5.03
2026-06-05 14:23:01.850 | WARNING  | execution.order_manager:validate_signal_with_fee_filter:245 - [OrderManager] Fee filter REJECTED: Spread 0.0409% is 4.1x expected 0.0100%. Likely illiquidity. Reject.
2026-06-05 14:23:02.047 | INFO     | knowledge.strategy_library:evaluate:302 - [Absorption] SIGNAL: BUY @ 2.4455 | SL=2.3965 TP=3.1455 | Regime=ACCUMULATION | Score=5.03
2026-06-05 14:23:02.048 | WARNING  | execution.order_manager:validate_signal_with_fee_filter:245 - [OrderManager] Fee filter REJECTED: Spread 0.0409% is 4.1x expected 0.0100%. Likely illiquidity. Reject.
2026-06-05 14:23:02.164 | INFO     | knowledge.strategy_library:evaluate:302 - [Absorption] SIGNAL: BUY @ 2.4455 | SL=2.3965 TP=3.1455 | Regime=ACCUMULATION | Score=5.03
2026-06-05 14:23:02.165 | WARNING  | execution.order_manager:validate_signal_with_fee_filter:245 - [OrderManager] Fee filter REJECTED: Spread 0.0409% is 4.1x expected 0.0100%. Likely illiquidity. Reject.
2026-06-05 14:23:02.255 | INFO     | knowledge.strategy_library:evaluate:302 - [Absorption] SIGNAL: BUY @ 2.4455 | SL=2.3965 TP=3.1455 | Regime=ACCUMULATION | Score=5.08
2026-06-05 14:23:02.256 | WARNING  | execution.order_manager:validate_signal_with_fee_filter:245 - [OrderManager] Fee filter REJECTED: Spread 0.0409% is 4.1x expected 0.0100%. Likely illiquidity. Reject.
2026-06-05 14:23:02.452 | INFO     | knowledge.strategy_library:evaluate:302 - [Absorption] SIGNAL: STRONG_BUY @ 2.4455 | SL=2.4035 TP=3.0455 | Regime=ACCUMULATION | Score=5.35
2026-06-05 14:23:02.454 | WARNING  | execution.order_manager:validate_signal_with_fee_filter:245 - [OrderManager] Fee filter REJECTED: Spread 0.0409% is 4.1x expected 0.0100%. Likely illiquidity. Reject.
2026-06-05 14:23:02.558 | INFO     | knowledge.strategy_library:evaluate:302 - [Absorption] SIGNAL: STRONG_BUY @ 2.4455 | SL=2.4035 TP=3.0455 | Regime=ACCUMULATION | Score=5.21
2026-06-05 14:23:02.559 | WARNING  | execution.order_manager:validate_signal_with_fee_filter:245 - [OrderManager] Fee filter REJECTED: Spread 0.0409% is 4.1x expected 0.0100%. Likely illiquidity. Reject.
2026-06-05 14:23:02.668 | INFO     | knowledge.strategy_library:evaluate:302 - [Absorption] SIGNAL: STRONG_BUY @ 2.4455 | SL=2.4035 TP=3.0455 | Regime=ACCUMULATION | Score=5.35
2026-06-05 14:23:02.669 | WARNING  | execution.order_manager:validate_signal_with_fee_filter:245 - [OrderManager] Fee filter REJECTED: Spread 0.0409% is 4.1x expected 0.0100%. Likely illiquidity. Reject.
2026-06-05 14:23:02.763 | INFO     | knowledge.strategy_library:evaluate:302 - [Absorption] SIGNAL: STRONG_BUY @ 2.4465 | SL=2.3975 TP=3.1465 | Regime=ACCUMULATION | Score=5.31
2026-06-05 14:23:02.764 | WARNING  | execution.order_manager:validate_signal_with_fee_filter:245 - [OrderManager] Fee filter REJECTED: Spread 0.0409% is 4.1x expected 0.0100%. Likely illiquidity. Reject.
2026-06-05 14:23:02.765 | INFO     | knowledge.strategy_library:evaluate:302 - [Stacked Imbalance] SIGNAL: BUY @ 2.4465 | SL=2.3975 TP=3.1465 | Regime=ACCUMULATION | Score=2.63
2026-06-05 14:23:02.767 | WARNING  | execution.order_manager:validate_signal_with_fee_filter:245 - [OrderManager] Fee filter REJECTED: Spread 0.0409% is 4.1x expected 0.0100%. Likely illiquidity. Reject.
2026-06-05 14:23:02.854 | INFO     | knowledge.strategy_library:evaluate:302 - [Absorption] SIGNAL: STRONG_BUY @ 2.4465 | SL=2.3975 TP=3.1465 | Regime=ACCUMULATION | Score=5.49
2026-06-05 14:23:02.855 | WARNING  | execution.order_manager:validate_signal_with_fee_filter:245 - [OrderManager] Fee filter REJECTED: Spread 0.0409% is 4.1x expected 0.0100%. Likely illiquidity. Reject.
2026-06-05 14:23:02.856 | INFO     | knowledge.strategy_library:evaluate:302 - [Stacked Imbalance] SIGNAL: BUY @ 2.4465 | SL=2.3975 TP=3.1465 | Regime=ACCUMULATION | Score=2.63
2026-06-05 14:23:02.857 | WARNING  | execution.order_manager:validate_signal_with_fee_filter:245 - [OrderManager] Fee filter REJECTED: Spread 0.0409% is 4.1x expected 0.0100%. Likely illiquidity. Reject.
2026-06-05 14:23:02.962 | INFO     | knowledge.strategy_library:evaluate:302 - [Absorption] SIGNAL: STRONG_BUY @ 2.4465 | SL=2.3975 TP=3.1465 | Regime=ACCUMULATION | Score=5.50
2026-06-05 14:23:02.964 | WARNING  | execution.order_manager:validate_signal_with_fee_filter:245 - [OrderManager] Fee filter REJECTED: Spread 0.0409% is 4.1x expected 0.0100%. Likely illiquidity. Reject.
2026-06-05 14:23:02.965 | INFO     | knowledge.strategy_library:evaluate:302 - [Stacked Imbalance] SIGNAL: BUY @ 2.4465 | SL=2.3975 TP=3.1465 | Regime=ACCUMULATION | Score=2.63
2026-06-05 14:23:02.966 | WARNING  | execution.order_manager:validate_signal_with_fee_filter:245 - [OrderManager] Fee filter REJECTED: Spread 0.0409% is 4.1x expected 0.0100%. Likely illiquidity. Reject.
2026-06-05 14:23:03.079 | INFO     | knowledge.strategy_library:evaluate:302 - [Absorption] SIGNAL: STRONG_BUY @ 2.4475 | SL=2.3915 TP=3.2475 | Regime=ACCUMULATION | Score=5.10
2026-06-05 14:23:03.080 | WARNING  | execution.order_manager:validate_signal_with_fee_filter:245 - [OrderManager] Fee filter REJECTED: Spread 0.0409% is 4.1x expected 0.0100%. Likely illiquidity. Reject.
2026-06-05 14:23:03.081 | INFO     | knowledge.strategy_library:evaluate:302 - [Stacked Imbalance] SIGNAL: BUY @ 2.4475 | SL=2.3915 TP=3.2475 | Regime=ACCUMULATION | Score=2.90
2026-06-05 14:23:03.082 | WARNING  | execution.order_manager:validate_signal_with_fee_filter:245 - [OrderManager] Fee filter REJECTED: Spread 0.0409% is 4.1x expected 0.0100%. Likely illiquidity. Reject.
2026-06-05 14:23:03.160 | INFO     | knowledge.strategy_library:evaluate:302 - [Absorption] SIGNAL: STRONG_BUY @ 2.4475 | SL=2.3915 TP=3.2475 | Regime=ACCUMULATION | Score=5.50
2026-06-05 14:23:03.161 | WARNING  | execution.order_manager:validate_signal_with_fee_filter:245 - [OrderManager] Fee filter REJECTED: Spread 0.0409% is 4.1x expected 0.0100%. Likely illiquidity. Reject.
2026-06-05 14:23:03.162 | INFO     | knowledge.strategy_library:evaluate:302 - [Stacked Imbalance] SIGNAL: BUY @ 2.4475 | SL=2.3915 TP=3.2475 | Regime=ACCUMULATION | Score=3.00
2026-06-05 14:23:03.163 | WARNING  | execution.order_manager:validate_signal_with_fee_filter:245 - [OrderManager] Fee filter REJECTED: Spread 0.0409% is 4.1x expected 0.0100%. Likely illiquidity. Reject.
2026-06-05 14:23:03.262 | INFO     | knowledge.strategy_library:evaluate:302 - [Absorption] SIGNAL: STRONG_BUY @ 2.4475 | SL=2.3915 TP=3.2475 | Regime=ACCUMULATION | Score=5.50
2026-06-05 14:23:03.263 | WARNING  | execution.order_manager:validate_signal_with_fee_filter:245 - [OrderManager] Fee filter REJECTED: Spread 0.0409% is 4.1x expected 0.0100%. Likely illiquidity. Reject.
2026-06-05 14:23:03.264 | INFO     | knowledge.strategy_library:evaluate:302 - [Stacked Imbalance] SIGNAL: BUY @ 2.4475 | SL=2.3915 TP=3.2475 | Regime=ACCUMULATION | Score=3.02
2026-06-05 14:23:03.265 | WARNING  | execution.order_manager:validate_signal_with_fee_filter:245 - [OrderManager] Fee filter REJECTED: Spread 0.0409% is 4.1x expected 0.0100%. Likely illiquidity. Reject.
2026-06-05 14:23:03.361 | INFO     | knowledge.strategy_library:evaluate:302 - [Absorption] SIGNAL: STRONG_BUY @ 2.4475 | SL=2.3915 TP=3.2475 | Regime=ACCUMULATION | Score=5.50
2026-06-05 14:23:03.363 | WARNING  | execution.order_manager:validate_signal_with_fee_filter:245 - [OrderManager] Fee filter REJECTED: Spread 0.0409% is 4.1x expected 0.0100%. Likely illiquidity. Reject.
2026-06-05 14:23:03.364 | INFO     | knowledge.strategy_library:evaluate:302 - [Stacked Imbalance] SIGNAL: BUY @ 2.4475 | SL=2.3915 TP=3.2475 | Regime=ACCUMULATION | Score=2.92
2026-06-05 14:23:03.365 | WARNING  | execution.order_manager:validate_signal_with_fee_filter:245 - [OrderManager] Fee filter REJECTED: Spread 0.0409% is 4.1x expected 0.0100%. Likely illiquidity. Reject.
2026-06-05 14:23:03.464 | INFO     | knowledge.strategy_library:evaluate:302 - [Absorption] SIGNAL: STRONG_BUY @ 2.4475 | SL=2.3915 TP=3.2475 | Regime=ACCUMULATION | Score=5.50
2026-06-05 14:23:03.465 | WARNING  | execution.order_manager:validate_signal_with_fee_filter:245 - [OrderManager] Fee filter REJECTED: Spread 0.0409% is 4.1x expected 0.0100%. Likely illiquidity. Reject.
2026-06-05 14:23:03.467 | INFO     | knowledge.strategy_library:evaluate:302 - [Stacked Imbalance] SIGNAL: BUY @ 2.4475 | SL=2.3915 TP=3.2475 | Regime=ACCUMULATION | Score=2.92
2026-06-05 14:23:03.468 | WARNING  | execution.order_manager:validate_signal_with_fee_filter:245 - [OrderManager] Fee filter REJECTED: Spread 0.0409% is 4.1x expected 0.0100%. Likely illiquidity. Reject.
2026-06-05 14:23:03.562 | INFO     | knowledge.strategy_library:evaluate:302 - [Absorption] SIGNAL: STRONG_BUY @ 2.4475 | SL=2.3915 TP=3.2475 | Regime=ACCUMULATION | Score=5.50
2026-06-05 14:23:03.564 | WARNING  | execution.order_manager:validate_signal_with_fee_filter:245 - [OrderManager] Fee filter REJECTED: Spread 0.0409% is 4.1x expected 0.0100%. Likely illiquidity. Reject.
2026-06-05 14:23:03.565 | INFO     | knowledge.strategy_library:evaluate:302 - [Stacked Imbalance] SIGNAL: BUY @ 2.4475 | SL=2.3915 TP=3.2475 | Regime=ACCUMULATION | Score=2.90
2026-06-05 14:23:03.566 | WARNING  | execution.order_manager:validate_signal_with_fee_filter:245 - [OrderManager] Fee filter REJECTED: Spread 0.0409% is 4.1x expected 0.0100%. Likely illiquidity. Reject.
2026-06-05 14:23:03.654 | INFO     | knowledge.strategy_library:evaluate:302 - [Absorption] SIGNAL: STRONG_BUY @ 2.4475 | SL=2.3915 TP=3.2475 | Regime=ACCUMULATION | Score=5.50
2026-06-05 14:23:03.655 | WARNING  | execution.order_manager:validate_signal_with_fee_filter:245 - [OrderManager] Fee filter REJECTED: Spread 0.0409% is 4.1x expected 0.0100%. Likely illiquidity. Reject.
2026-06-05 14:23:03.656 | INFO     | knowledge.strategy_library:evaluate:302 - [Stacked Imbalance] SIGNAL: BUY @ 2.4475 | SL=2.3915 TP=3.2475 | Regime=ACCUMULATION | Score=2.90
2026-06-05 14:23:03.658 | WARNING  | execution.order_manager:validate_signal_with_fee_filter:245 - [OrderManager] Fee filter REJECTED: Spread 0.0409% is 4.1x expected 0.0100%. Likely illiquidity. Reject.
2026-06-05 14:23:04.454 | INFO     | knowledge.strategy_library:evaluate:302 - [Absorption] SIGNAL: STRONG_BUY @ 2.4475 | SL=2.3915 TP=3.2475 | Regime=ACCUMULATION | Score=4.82
2026-06-05 14:23:04.455 | WARNING  | execution.order_manager:validate_signal_with_fee_filter:245 - [OrderManager] Fee filter REJECTED: Spread 0.0409% is 4.1x expected 0.0100%. Likely illiquidity. Reject.
2026-06-05 14:23:04.456 | INFO     | knowledge.strategy_library:evaluate:302 - [Stacked Imbalance] SIGNAL: BUY @ 2.4475 | SL=2.3915 TP=3.2475 | Regime=ACCUMULATION | Score=2.90
2026-06-05 14:23:04.458 | WARNING  | execution.order_manager:validate_signal_with_fee_filter:245 - [OrderManager] Fee filter REJECTED: Spread 0.0409% is 4.1x expected 0.0100%. Likely illiquidity. Reject.
2026-06-05 14:23:04.474 | INFO     | knowledge.strategy_library:evaluate:302 - [Absorption] SIGNAL: STRONG_BUY @ 2.4470 | SL=2.3910 TP=3.2470 | Regime=ACCUMULATION | Score=5.50
2026-06-05 14:23:04.475 | WARNING  | execution.order_manager:validate_signal_with_fee_filter:245 - [OrderManager] Fee filter REJECTED: Spread 0.0817% is 8.2x expected 0.0100%. Likely illiquidity. Reject.
2026-06-05 14:23:04.476 | INFO     | knowledge.strategy_library:evaluate:302 - [Stacked Imbalance] SIGNAL: BUY @ 2.4470 | SL=2.3910 TP=3.2470 | Regime=ACCUMULATION | Score=2.99
2026-06-05 14:23:04.478 | WARNING  | execution.order_manager:validate_signal_with_fee_filter:245 - [OrderManager] Fee filter REJECTED: Spread 0.0817% is 8.2x expected 0.0100%. Likely illiquidity. Reject.
2026-06-05 14:23:04.565 | INFO     | knowledge.strategy_library:evaluate:302 - [Absorption] SIGNAL: STRONG_BUY @ 2.4470 | SL=2.3910 TP=3.2470 | Regime=ACCUMULATION | Score=5.50
2026-06-05 14:23:04.566 | WARNING  | execution.order_manager:validate_signal_with_fee_filter:245 - [OrderManager] Fee filter REJECTED: Spread 0.0817% is 8.2x expected 0.0100%. Likely illiquidity. Reject.
2026-06-05 14:23:04.567 | INFO     | knowledge.strategy_library:evaluate:302 - [Stacked Imbalance] SIGNAL: BUY @ 2.4470 | SL=2.3910 TP=3.2470 | Regime=ACCUMULATION | Score=2.99
2026-06-05 14:23:04.569 | WARNING  | execution.order_manager:validate_signal_with_fee_filter:245 - [OrderManager] Fee filter REJECTED: Spread 0.0817% is 8.2x expected 0.0100%. Likely illiquidity. Reject.
2026-06-05 14:23:04.661 | INFO     | knowledge.strategy_library:evaluate:302 - [Absorption] SIGNAL: STRONG_BUY @ 2.4470 | SL=2.3910 TP=3.2470 | Regime=ACCUMULATION | Score=5.50
2026-06-05 14:23:04.662 | WARNING  | execution.order_manager:validate_signal_with_fee_filter:245 - [OrderManager] Fee filter REJECTED: Spread 0.0817% is 8.2x expected 0.0100%. Likely illiquidity. Reject.
2026-06-05 14:23:04.663 | INFO     | knowledge.strategy_library:evaluate:302 - [Stacked Imbalance] SIGNAL: BUY @ 2.4470 | SL=2.3910 TP=3.2470 | Regime=ACCUMULATION | Score=2.99
2026-06-05 14:23:04.664 | WARNING  | execution.order_manager:validate_signal_with_fee_filter:245 - [OrderManager] Fee filter REJECTED: Spread 0.0817% is 8.2x expected 0.0100%. Likely illiquidity. Reject.
2026-06-05 14:23:04.755 | INFO     | knowledge.strategy_library:evaluate:302 - [Absorption] SIGNAL: STRONG_BUY @ 2.4470 | SL=2.3910 TP=3.2470 | Regime=ACCUMULATION | Score=5.50
2026-06-05 14:23:04.757 | WARNING  | execution.order_manager:validate_signal_with_fee_filter:245 - [OrderManager] Fee filter REJECTED: Spread 0.0817% is 8.2x expected 0.0100%. Likely illiquidity. Reject.
2026-06-05 14:23:04.757 | INFO     | knowledge.strategy_library:evaluate:302 - [Stacked Imbalance] SIGNAL: BUY @ 2.4470 | SL=2.3910 TP=3.2470 | Regime=ACCUMULATION | Score=2.93
2026-06-05 14:23:04.759 | WARNING  | execution.order_manager:validate_signal_with_fee_filter:245 - [OrderManager] Fee filter REJECTED: Spread 0.0817% is 8.2x expected 0.0100%. Likely illiquidity. Reject.
2026-06-05 14:23:04.857 | INFO     | knowledge.strategy_library:evaluate:302 - [Absorption] SIGNAL: STRONG_BUY @ 2.4470 | SL=2.3910 TP=3.2470 | Regime=ACCUMULATION | Score=4.54
2026-06-05 14:23:04.859 | WARNING  | execution.order_manager:validate_signal_with_fee_filter:245 - [OrderManager] Fee filter REJECTED: Spread 0.0817% is 8.2x expected 0.0100%. Likely illiquidity. Reject.
2026-06-05 14:23:04.860 | INFO     | knowledge.strategy_library:evaluate:302 - [Stacked Imbalance] SIGNAL: BUY @ 2.4470 | SL=2.3910 TP=3.2470 | Regime=ACCUMULATION | Score=2.90
2026-06-05 14:23:04.861 | WARNING  | execution.order_manager:validate_signal_with_fee_filter:245 - [OrderManager] Fee filter REJECTED: Spread 0.0817% is 8.2x expected 0.0100%. Likely illiquidity. Reject.
2026-06-05 14:23:04.971 | INFO     | knowledge.strategy_library:evaluate:302 - [Absorption] SIGNAL: STRONG_BUY @ 2.4470 | SL=2.3910 TP=3.2470 | Regime=ACCUMULATION | Score=4.70
2026-06-05 14:23:04.972 | WARNING  | execution.order_manager:validate_signal_with_fee_filter:245 - [OrderManager] Fee filter REJECTED: Spread 0.0817% is 8.2x expected 0.0100%. Likely illiquidity. Reject.
2026-06-05 14:23:04.973 | INFO     | knowledge.strategy_library:evaluate:302 - [Stacked Imbalance] SIGNAL: BUY @ 2.4470 | SL=2.3910 TP=3.2470 | Regime=ACCUMULATION | Score=2.90
2026-06-05 14:23:04.974 | WARNING  | execution.order_manager:validate_signal_with_fee_filter:245 - [OrderManager] Fee filter REJECTED: Spread 0.0817% is 8.2x expected 0.0100%. Likely illiquidity. Reject.
2026-06-05 14:23:05.064 | INFO     | knowledge.strategy_library:evaluate:302 - [Absorption] SIGNAL: STRONG_BUY @ 2.4470 | SL=2.3910 TP=3.2470 | Regime=ACCUMULATION | Score=4.58
2026-06-05 14:23:05.065 | WARNING  | execution.order_manager:validate_signal_with_fee_filter:245 - [OrderManager] Fee filter REJECTED: Spread 0.0817% is 8.2x expected 0.0100%. Likely illiquidity. Reject.
2026-06-05 14:23:05.066 | INFO     | knowledge.strategy_library:evaluate:302 - [Stacked Imbalance] SIGNAL: BUY @ 2.4470 | SL=2.3910 TP=3.2470 | Regime=ACCUMULATION | Score=2.90
2026-06-05 14:23:05.068 | WARNING  | execution.order_manager:validate_signal_with_fee_filter:245 - [OrderManager] Fee filter REJECTED: Spread 0.0817% is 8.2x expected 0.0100%. Likely illiquidity. Reject.
2026-06-05 14:23:05.160 | INFO     | knowledge.strategy_library:evaluate:302 - [Absorption] SIGNAL: STRONG_BUY @ 2.4470 | SL=2.3910 TP=3.2470 | Regime=ACCUMULATION | Score=4.97
2026-06-05 14:23:05.161 | WARNING  | execution.order_manager:validate_signal_with_fee_filter:245 - [OrderManager] Fee filter REJECTED: Spread 0.0817% is 8.2x expected 0.0100%. Likely illiquidity. Reject.
2026-06-05 14:23:05.162 | INFO     | knowledge.strategy_library:evaluate:302 - [Stacked Imbalance] SIGNAL: BUY @ 2.4470 | SL=2.3910 TP=3.2470 | Regime=ACCUMULATION | Score=2.90
2026-06-05 14:23:05.164 | WARNING  | execution.order_manager:validate_signal_with_fee_filter:245 - [OrderManager] Fee filter REJECTED: Spread 0.0817% is 8.2x expected 0.0100%. Likely illiquidity. Reject.
2026-06-05 14:23:05.378 | INFO     | knowledge.strategy_library:evaluate:302 - [Absorption] SIGNAL: STRONG_BUY @ 2.4465 | SL=2.3905 TP=3.2465 | Regime=ACCUMULATION | Score=5.35
2026-06-05 14:23:05.380 | WARNING  | execution.order_manager:validate_signal_with_fee_filter:245 - [OrderManager] Fee filter REJECTED: Spread 0.0409% is 4.1x expected 0.0100%. Likely illiquidity. Reject.
2026-06-05 14:23:05.382 | INFO     | knowledge.strategy_library:evaluate:302 - [Stacked Imbalance] SIGNAL: BUY @ 2.4465 | SL=2.3905 TP=3.2465 | Regime=ACCUMULATION | Score=2.90
2026-06-05 14:23:05.383 | WARNING  | execution.order_manager:validate_signal_with_fee_filter:245 - [OrderManager] Fee filter REJECTED: Spread 0.0409% is 4.1x expected 0.0100%. Likely illiquidity. Reject.
2026-06-05 14:23:05.459 | INFO     | knowledge.strategy_library:evaluate:302 - [Absorption] SIGNAL: BUY @ 2.4465 | SL=2.3905 TP=3.2465 | Regime=ACCUMULATION | Score=3.50
2026-06-05 14:23:05.461 | WARNING  | execution.order_manager:validate_signal_with_fee_filter:245 - [OrderManager] Fee filter REJECTED: Spread 0.0409% is 4.1x expected 0.0100%. Likely illiquidity. Reject.
2026-06-05 14:23:05.554 | INFO     | knowledge.strategy_library:evaluate:302 - [Absorption] SIGNAL: BUY @ 2.4465 | SL=2.3905 TP=3.2465 | Regime=ACCUMULATION | Score=3.50
2026-06-05 14:23:05.555 | WARNING  | execution.order_manager:validate_signal_with_fee_filter:245 - [OrderManager] Fee filter REJECTED: Spread 0.0409% is 4.1x expected 0.0100%. Likely illiquidity. Reject.
2026-06-05 14:23:05.653 | INFO     | knowledge.strategy_library:evaluate:302 - [Absorption] SIGNAL: BUY @ 2.4465 | SL=2.3905 TP=3.2465 | Regime=ACCUMULATION | Score=3.50
2026-06-05 14:23:05.655 | WARNING  | execution.order_manager:validate_signal_with_fee_filter:245 - [OrderManager] Fee filter REJECTED: Spread 0.0409% is 4.1x expected 0.0100%. Likely illiquidity. Reject.
2026-06-05 14:23:05.858 | INFO     | knowledge.strategy_library:evaluate:302 - [Absorption] SIGNAL: BUY @ 2.4465 | SL=2.3975 TP=3.1465 | Regime=ACCUMULATION | Score=3.50
2026-06-05 14:23:05.859 | WARNING  | execution.order_manager:validate_signal_with_fee_filter:245 - [OrderManager] Fee filter REJECTED: Spread 0.0409% is 4.1x expected 0.0100%. Likely illiquidity. Reject.
2026-06-05 14:23:05.961 | INFO     | knowledge.strategy_library:evaluate:302 - [Absorption] SIGNAL: BUY @ 2.4465 | SL=2.3975 TP=3.1465 | Regime=ACCUMULATION | Score=3.50
2026-06-05 14:23:05.961 | WARNING  | execution.order_manager:validate_signal_with_fee_filter:245 - [OrderManager] Fee filter REJECTED: Spread 0.0409% is 4.1x expected 0.0100%. Likely illiquidity. Reject.
2026-06-05 14:23:06.606 | INFO     | knowledge.strategy_library:evaluate:302 - [Absorption] SIGNAL: BUY @ 2.4465 | SL=2.3975 TP=3.1465 | Regime=ACCUMULATION | Score=3.50
2026-06-05 14:23:06.607 | WARNING  | execution.order_manager:validate_signal_with_fee_filter:245 - [OrderManager] Fee filter REJECTED: Spread 0.0409% is 4.1x expected 0.0100%. Likely illiquidity. Reject.
2026-06-05 14:23:06.624 | INFO     | knowledge.strategy_library:evaluate:302 - [Absorption] SIGNAL: BUY @ 2.4465 | SL=2.3975 TP=3.1465 | Regime=ACCUMULATION | Score=3.50
2026-06-05 14:23:06.625 | WARNING  | execution.order_manager:validate_signal_with_fee_filter:245 - [OrderManager] Fee filter REJECTED: Spread 0.0409% is 4.1x expected 0.0100%. Likely illiquidity. Reject.
2026-06-05 14:23:06.810 | INFO     | knowledge.strategy_library:evaluate:302 - [Absorption] SIGNAL: BUY @ 2.4465 | SL=2.3975 TP=3.1465 | Regime=ACCUMULATION | Score=3.50
2026-06-05 14:23:06.812 | WARNING  | execution.order_manager:validate_signal_with_fee_filter:245 - [OrderManager] Fee filter REJECTED: Spread 0.0409% is 4.1x expected 0.0100%. Likely illiquidity. Reject.
2026-06-05 14:23:07.526 | INFO     | knowledge.strategy_library:evaluate:302 - [Absorption] SIGNAL: BUY @ 2.4455 | SL=2.3965 TP=3.1455 | Regime=ACCUMULATION | Score=4.73
2026-06-05 14:23:07.527 | WARNING  | execution.order_manager:validate_signal_with_fee_filter:245 - [OrderManager] Fee filter REJECTED: Spread 0.0409% is 4.1x expected 0.0100%. Likely illiquidity. Reject.
2026-06-05 14:23:08.046 | INFO     | knowledge.strategy_library:evaluate:302 - [Absorption] SIGNAL: BUY @ 2.4445 | SL=2.3955 TP=3.1445 | Regime=ACCUMULATION | Score=4.58
2026-06-05 14:23:08.047 | WARNING  | execution.order_manager:validate_signal_with_fee_filter:245 - [OrderManager] Fee filter REJECTED: Spread 0.0409% is 4.1x expected 0.0100%. Likely illiquidity. Reject.
2026-06-05 14:23:09.155 | INFO     | knowledge.strategy_library:evaluate:302 - [Absorption] SIGNAL: BUY @ 2.4435 | SL=2.3945 TP=3.1435 | Regime=ACCUMULATION | Score=5.16
2026-06-05 14:23:09.156 | WARNING  | execution.order_manager:validate_signal_with_fee_filter:245 - [OrderManager] Fee filter REJECTED: Spread 0.0409% is 4.1x expected 0.0100%. Likely illiquidity. Reject.
2026-06-05 14:23:09.254 | INFO     | knowledge.strategy_library:evaluate:302 - [Absorption] SIGNAL: BUY @ 2.4435 | SL=2.3945 TP=3.1435 | Regime=ACCUMULATION | Score=4.99
2026-06-05 14:23:09.255 | WARNING  | execution.order_manager:validate_signal_with_fee_filter:245 - [OrderManager] Fee filter REJECTED: Spread 0.0409% is 4.1x expected 0.0100%. Likely illiquidity. Reject.
2026-06-05 14:23:09.574 | INFO     | knowledge.strategy_library:evaluate:302 - [Absorption] SIGNAL: BUY @ 2.4435 | SL=2.3945 TP=3.1435 | Regime=ACCUMULATION | Score=5.04
2026-06-05 14:23:09.576 | WARNING  | execution.order_manager:validate_signal_with_fee_filter:245 - [OrderManager] Fee filter REJECTED: Spread 0.0409% is 4.1x expected 0.0100%. Likely illiquidity. Reject.
2026-06-05 14:23:09.663 | INFO     | knowledge.strategy_library:evaluate:302 - [Absorption] SIGNAL: BUY @ 2.4435 | SL=2.3945 TP=3.1435 | Regime=ACCUMULATION | Score=5.04
2026-06-05 14:23:09.664 | WARNING  | execution.order_manager:validate_signal_with_fee_filter:245 - [OrderManager] Fee filter REJECTED: Spread 0.0409% is 4.1x expected 0.0100%. Likely illiquidity. Reject.
2026-06-05 14:23:09.753 | INFO     | knowledge.strategy_library:evaluate:302 - [Absorption] SIGNAL: BUY @ 2.4435 | SL=2.3945 TP=3.1435 | Regime=ACCUMULATION | Score=5.06
2026-06-05 14:23:09.754 | WARNING  | execution.order_manager:validate_signal_with_fee_filter:245 - [OrderManager] Fee filter REJECTED: Spread 0.0409% is 4.1x expected 0.0100%. Likely illiquidity. Reject.
2026-06-05 14:23:10.495 | INFO     | knowledge.strategy_library:evaluate:302 - [Absorption] SIGNAL: BUY @ 2.4435 | SL=2.3945 TP=3.1435 | Regime=ACCUMULATION | Score=5.06
2026-06-05 14:23:10.496 | WARNING  | execution.order_manager:validate_signal_with_fee_filter:245 - [OrderManager] Fee filter REJECTED: Spread 0.0409% is 4.1x expected 0.0100%. Likely illiquidity. Reject.
2026-06-05 14:23:10.700 | INFO     | knowledge.strategy_library:evaluate:302 - [Absorption] SIGNAL: BUY @ 2.4435 | SL=2.3945 TP=3.1435 | Regime=ACCUMULATION | Score=5.13
2026-06-05 14:23:10.701 | WARNING  | execution.order_manager:validate_signal_with_fee_filter:245 - [OrderManager] Fee filter REJECTED: Spread 0.0409% is 4.1x expected 0.0100%. Likely illiquidity. Reject.
2026-06-05 14:23:11.520 | INFO     | knowledge.strategy_library:evaluate:302 - [Absorption] SIGNAL: BUY @ 2.4435 | SL=2.3945 TP=3.1435 | Regime=ACCUMULATION | Score=5.03
2026-06-05 14:23:11.522 | WARNING  | execution.order_manager:validate_signal_with_fee_filter:245 - [OrderManager] Fee filter REJECTED: Spread 0.0409% is 4.1x expected 0.0100%. Likely illiquidity. Reject.
2026-06-05 14:23:12.155 | INFO     | knowledge.strategy_library:evaluate:302 - [Absorption] SIGNAL: BUY @ 2.4425 | SL=2.4005 TP=3.0425 | Regime=ACCUMULATION | Score=5.68
2026-06-05 14:23:12.157 | WARNING  | execution.order_manager:validate_signal_with_fee_filter:245 - [OrderManager] Fee filter REJECTED: Spread 0.0409% is 4.1x expected 0.0100%. Likely illiquidity. Reject.
2026-06-05 14:23:12.253 | INFO     | knowledge.strategy_library:evaluate:302 - [Absorption] SIGNAL: BUY @ 2.4425 | SL=2.4005 TP=3.0425 | Regime=ACCUMULATION | Score=5.55
2026-06-05 14:23:12.254 | WARNING  | execution.order_manager:validate_signal_with_fee_filter:245 - [OrderManager] Fee filter REJECTED: Spread 0.0409% is 4.1x expected 0.0100%. Likely illiquidity. Reject.
2026-06-05 14:23:12.353 | INFO     | knowledge.strategy_library:evaluate:302 - [Absorption] SIGNAL: BUY @ 2.4425 | SL=2.4005 TP=3.0425 | Regime=ACCUMULATION | Score=5.55
2026-06-05 14:23:12.354 | WARNING  | execution.order_manager:validate_signal_with_fee_filter:245 - [OrderManager] Fee filter REJECTED: Spread 0.0409% is 4.1x expected 0.0100%. Likely illiquidity. Reject.
2026-06-05 14:23:12.553 | INFO     | knowledge.strategy_library:evaluate:302 - [Absorption] SIGNAL: BUY @ 2.4425 | SL=2.4005 TP=3.0425 | Regime=ACCUMULATION | Score=5.55
2026-06-05 14:23:12.554 | WARNING  | execution.order_manager:validate_signal_with_fee_filter:245 - [OrderManager] Fee filter REJECTED: Spread 0.0409% is 4.1x expected 0.0100%. Likely illiquidity. Reject.
2026-06-05 14:23:12.755 | INFO     | knowledge.strategy_library:evaluate:302 - [Absorption] SIGNAL: BUY @ 2.4425 | SL=2.4075 TP=2.9425 | Regime=ACCUMULATION | Score=5.89
2026-06-05 14:23:12.756 | WARNING  | execution.order_manager:validate_signal_with_fee_filter:245 - [OrderManager] Fee filter REJECTED: Spread 0.0409% is 4.1x expected 0.0100%. Likely illiquidity. Reject.
2026-06-05 14:23:12.873 | INFO     | knowledge.strategy_library:evaluate:302 - [Absorption] SIGNAL: BUY @ 2.4425 | SL=2.4075 TP=2.9425 | Regime=ACCUMULATION | Score=5.78
2026-06-05 14:23:12.875 | WARNING  | execution.order_manager:validate_signal_with_fee_filter:245 - [OrderManager] Fee filter REJECTED: Spread 0.0409% is 4.1x expected 0.0100%. Likely illiquidity. Reject.
2026-06-05 14:23:13.059 | INFO     | knowledge.strategy_library:evaluate:302 - [Absorption] SIGNAL: BUY @ 2.4425 | SL=2.4075 TP=2.9425 | Regime=ACCUMULATION | Score=5.78
2026-06-05 14:23:13.060 | WARNING  | execution.order_manager:validate_signal_with_fee_filter:245 - [OrderManager] Fee filter REJECTED: Spread 0.0409% is 4.1x expected 0.0100%. Likely illiquidity. Reject.
2026-06-05 14:23:26.565 | INFO     | knowledge.strategy_library:evaluate:302 - [Absorption] SIGNAL: BUY @ 2.4450 | SL=2.4100 TP=2.9450 | Regime=ACCUMULATION | Score=5.26
2026-06-05 14:23:26.567 | WARNING  | execution.order_manager:validate_signal_with_fee_filter:245 - [OrderManager] Fee filter REJECTED: Spread 0.0818% is 8.2x expected 0.0100%. Likely illiquidity. Reject.
2026-06-05 14:23:26.654 | INFO     | knowledge.strategy_library:evaluate:302 - [Absorption] SIGNAL: BUY @ 2.4450 | SL=2.4100 TP=2.9450 | Regime=ACCUMULATION | Score=5.25
2026-06-05 14:23:26.655 | WARNING  | execution.order_manager:validate_signal_with_fee_filter:245 - [OrderManager] Fee filter REJECTED: Spread 0.0818% is 8.2x expected 0.0100%. Likely illiquidity. Reject.
2026-06-05 14:23:36.856 | INFO     | data.exchange_connector:_process_message:423 - [WS MSGS] total=3000 depth=2678 aggTrade=322 other=0
2026-06-05 14:24:33.198 | INFO     | main:_on_paper_order_book:718 - [HEALTH] Ticks:3000 TradesRcv:400 TradesQueued:0 Features:210 Regime:ACCUMULATION Bids:20 Asks:20 Mid:2.4285 Pos:FLAT ClTrades:0 ConsecLoss:0 SigEval:6000 NoBook:0 LossSkip:0
2026-06-05 14:24:52.285 | INFO     | data.exchange_connector:_process_message:423 - [WS MSGS] total=3500 depth=3092 aggTrade=408 other=0
2026-06-05 14:25:16.197 | INFO     | knowledge.strategy_library:evaluate:302 - [Absorption] SIGNAL: BUY @ 2.4285 | SL=2.3445 TP=3.6285 | Regime=ACCUMULATION | Score=9.71
2026-06-05 14:25:16.199 | WARNING  | execution.order_manager:validate_signal_with_fee_filter:245 - [OrderManager] Fee filter REJECTED: Spread 0.0412% is 4.1x expected 0.0100%. Likely illiquidity. Reject.
2026-06-05 14:25:16.759 | INFO     | knowledge.strategy_library:evaluate:302 - [Absorption] SIGNAL: BUY @ 2.4285 | SL=2.3725 TP=3.2285 | Regime=ACCUMULATION | Score=9.10
2026-06-05 14:25:16.760 | WARNING  | execution.order_manager:validate_signal_with_fee_filter:245 - [OrderManager] Fee filter REJECTED: Spread 0.0412% is 4.1x expected 0.0100%. Likely illiquidity. Reject.
2026-06-05 14:25:16.862 | INFO     | knowledge.strategy_library:evaluate:302 - [Absorption] SIGNAL: BUY @ 2.4285 | SL=2.3725 TP=3.2285 | Regime=ACCUMULATION | Score=8.41
2026-06-05 14:25:16.863 | WARNING  | execution.order_manager:validate_signal_with_fee_filter:245 - [OrderManager] Fee filter REJECTED: Spread 0.0412% is 4.1x expected 0.0100%. Likely illiquidity. Reject.
2026-06-05 14:25:16.956 | INFO     | knowledge.strategy_library:evaluate:302 - [Absorption] SIGNAL: BUY @ 2.4275 | SL=2.3715 TP=3.2275 | Regime=ACCUMULATION | Score=9.49
2026-06-05 14:25:16.958 | WARNING  | execution.order_manager:validate_signal_with_fee_filter:245 - [OrderManager] Fee filter REJECTED: Spread 0.0412% is 4.1x expected 0.0100%. Likely illiquidity. Reject.
2026-06-05 14:25:17.060 | INFO     | knowledge.strategy_library:evaluate:302 - [Absorption] SIGNAL: BUY @ 2.4275 | SL=2.3715 TP=3.2275 | Regime=ACCUMULATION | Score=8.95
2026-06-05 14:25:17.061 | WARNING  | execution.order_manager:validate_signal_with_fee_filter:245 - [OrderManager] Fee filter REJECTED: Spread 0.0412% is 4.1x expected 0.0100%. Likely illiquidity. Reject.
2026-06-05 14:25:17.156 | INFO     | knowledge.strategy_library:evaluate:302 - [Absorption] SIGNAL: BUY @ 2.4275 | SL=2.3715 TP=3.2275 | Regime=ACCUMULATION | Score=9.08
2026-06-05 14:25:17.157 | WARNING  | execution.order_manager:validate_signal_with_fee_filter:245 - [OrderManager] Fee filter REJECTED: Spread 0.0412% is 4.1x expected 0.0100%. Likely illiquidity. Reject.
2026-06-05 14:25:17.757 | INFO     | knowledge.strategy_library:evaluate:302 - [Absorption] SIGNAL: STRONG_BUY @ 2.4275 | SL=2.3925 TP=2.9275 | Regime=ACCUMULATION | Score=6.77
2026-06-05 14:25:17.758 | WARNING  | execution.order_manager:validate_signal_with_fee_filter:245 - [OrderManager] Fee filter REJECTED: Spread 0.0412% is 4.1x expected 0.0100%. Likely illiquidity. Reject.
2026-06-05 14:25:17.865 | INFO     | knowledge.strategy_library:evaluate:302 - [Absorption] SIGNAL: STRONG_BUY @ 2.4275 | SL=2.3925 TP=2.9275 | Regime=ACCUMULATION | Score=6.81
2026-06-05 14:25:17.866 | WARNING  | execution.order_manager:validate_signal_with_fee_filter:245 - [OrderManager] Fee filter REJECTED: Spread 0.0412% is 4.1x expected 0.0100%. Likely illiquidity. Reject.
2026-06-05 14:25:18.168 | INFO     | knowledge.strategy_library:evaluate:302 - [Absorption] SIGNAL: BUY @ 2.4285 | SL=2.3935 TP=2.9285 | Regime=ACCUMULATION | Score=6.22
2026-06-05 14:25:18.170 | WARNING  | execution.order_manager:validate_signal_with_fee_filter:245 - [OrderManager] Fee filter REJECTED: Spread 0.0412% is 4.1x expected 0.0100%. Likely illiquidity. Reject.
2026-06-05 14:25:18.263 | INFO     | knowledge.strategy_library:evaluate:302 - [Absorption] SIGNAL: BUY @ 2.4285 | SL=2.3935 TP=2.9285 | Regime=ACCUMULATION | Score=6.14
2026-06-05 14:25:18.264 | WARNING  | execution.order_manager:validate_signal_with_fee_filter:245 - [OrderManager] Fee filter REJECTED: Spread 0.0412% is 4.1x expected 0.0100%. Likely illiquidity. Reject.
2026-06-05 14:25:18.463 | INFO     | knowledge.strategy_library:evaluate:302 - [Absorption] SIGNAL: BUY @ 2.4285 | SL=2.3935 TP=2.9285 | Regime=ACCUMULATION | Score=5.93
2026-06-05 14:25:18.465 | WARNING  | execution.order_manager:validate_signal_with_fee_filter:245 - [OrderManager] Fee filter REJECTED: Spread 0.0412% is 4.1x expected 0.0100%. Likely illiquidity. Reject.
2026-06-05 14:25:18.561 | INFO     | knowledge.strategy_library:evaluate:302 - [Absorption] SIGNAL: BUY @ 2.4285 | SL=2.3935 TP=2.9285 | Regime=ACCUMULATION | Score=5.90
2026-06-05 14:25:18.563 | WARNING  | execution.order_manager:validate_signal_with_fee_filter:245 - [OrderManager] Fee filter REJECTED: Spread 0.0412% is 4.1x expected 0.0100%. Likely illiquidity. Reject.
2026-06-05 14:25:18.663 | INFO     | knowledge.strategy_library:evaluate:302 - [Absorption] SIGNAL: BUY @ 2.4280 | SL=2.3930 TP=2.9280 | Regime=ACCUMULATION | Score=6.25
2026-06-05 14:25:18.664 | WARNING  | execution.order_manager:validate_signal_with_fee_filter:245 - [OrderManager] Fee filter REJECTED: Spread 0.0824% is 8.2x expected 0.0100%. Likely illiquidity. Reject.
2026-06-05 14:25:18.755 | INFO     | knowledge.strategy_library:evaluate:302 - [Absorption] SIGNAL: BUY @ 2.4280 | SL=2.3930 TP=2.9280 | Regime=ACCUMULATION | Score=6.25
2026-06-05 14:25:18.756 | WARNING  | execution.order_manager:validate_signal_with_fee_filter:245 - [OrderManager] Fee filter REJECTED: Spread 0.0824% is 8.2x expected 0.0100%. Likely illiquidity. Reject.
2026-06-05 14:25:18.860 | INFO     | knowledge.strategy_library:evaluate:302 - [Absorption] SIGNAL: BUY @ 2.4285 | SL=2.3935 TP=2.9285 | Regime=ACCUMULATION | Score=5.37
2026-06-05 14:25:18.862 | WARNING  | execution.order_manager:validate_signal_with_fee_filter:245 - [OrderManager] Fee filter REJECTED: Spread 0.0412% is 4.1x expected 0.0100%. Likely illiquidity. Reject.
2026-06-05 14:25:18.954 | INFO     | knowledge.strategy_library:evaluate:302 - [Absorption] SIGNAL: BUY @ 2.4285 | SL=2.3935 TP=2.9285 | Regime=ACCUMULATION | Score=5.57
2026-06-05 14:25:18.956 | WARNING  | execution.order_manager:validate_signal_with_fee_filter:245 - [OrderManager] Fee filter REJECTED: Spread 0.0412% is 4.1x expected 0.0100%. Likely illiquidity. Reject.
2026-06-05 14:25:19.163 | INFO     | knowledge.strategy_library:evaluate:302 - [Absorption] SIGNAL: BUY @ 2.4285 | SL=2.3935 TP=2.9285 | Regime=ACCUMULATION | Score=5.43
2026-06-05 14:25:19.164 | WARNING  | execution.order_manager:validate_signal_with_fee_filter:245 - [OrderManager] Fee filter REJECTED: Spread 0.0412% is 4.1x expected 0.0100%. Likely illiquidity. Reject.
2026-06-05 14:25:19.455 | INFO     | knowledge.strategy_library:evaluate:302 - [Absorption] SIGNAL: BUY @ 2.4285 | SL=2.3935 TP=2.9285 | Regime=ACCUMULATION | Score=6.11
2026-06-05 14:25:19.455 | WARNING  | execution.order_manager:validate_signal_with_fee_filter:245 - [OrderManager] Fee filter REJECTED: Spread 0.0412% is 4.1x expected 0.0100%. Likely illiquidity. Reject.
2026-06-05 14:25:19.551 | INFO     | knowledge.strategy_library:evaluate:302 - [Absorption] SIGNAL: BUY @ 2.4285 | SL=2.3935 TP=2.9285 | Regime=ACCUMULATION | Score=5.99
2026-06-05 14:25:19.552 | WARNING  | execution.order_manager:validate_signal_with_fee_filter:245 - [OrderManager] Fee filter REJECTED: Spread 0.0412% is 4.1x expected 0.0100%. Likely illiquidity. Reject.
2026-06-05 14:25:20.460 | INFO     | knowledge.strategy_library:evaluate:302 - [Absorption] SIGNAL: BUY @ 2.4285 | SL=2.4005 TP=2.8285 | Regime=ACCUMULATION | Score=6.00
2026-06-05 14:25:20.462 | WARNING  | execution.order_manager:validate_signal_with_fee_filter:245 - [OrderManager] Fee filter REJECTED: Spread 0.0412% is 4.1x expected 0.0100%. Likely illiquidity. Reject.
2026-06-05 14:25:20.782 | INFO     | knowledge.strategy_library:evaluate:302 - [Absorption] SIGNAL: BUY @ 2.4285 | SL=2.4005 TP=2.8285 | Regime=ACCUMULATION | Score=5.58
2026-06-05 14:25:20.785 | WARNING  | execution.order_manager:validate_signal_with_fee_filter:245 - [OrderManager] Fee filter REJECTED: Spread 0.0412% is 4.1x expected 0.0100%. Likely illiquidity. Reject.
2026-06-05 14:25:22.254 | INFO     | knowledge.strategy_library:evaluate:302 - [Absorption] SIGNAL: BUY @ 2.4285 | SL=2.4005 TP=2.8285 | Regime=ACCUMULATION | Score=5.33
2026-06-05 14:25:22.255 | WARNING  | execution.order_manager:validate_signal_with_fee_filter:245 - [OrderManager] Fee filter REJECTED: Spread 0.0412% is 4.1x expected 0.0100%. Likely illiquidity. Reject.
2026-06-05 14:25:22.459 | INFO     | knowledge.strategy_library:evaluate:302 - [Absorption] SIGNAL: BUY @ 2.4285 | SL=2.4005 TP=2.8285 | Regime=ACCUMULATION | Score=4.91
2026-06-05 14:25:22.459 | WARNING  | execution.order_manager:validate_signal_with_fee_filter:245 - [OrderManager] Fee filter REJECTED: Spread 0.0412% is 4.1x expected 0.0100%. Likely illiquidity. Reject.
2026-06-05 14:25:22.581 | INFO     | knowledge.strategy_library:evaluate:302 - [Absorption] SIGNAL: BUY @ 2.4285 | SL=2.4005 TP=2.8285 | Regime=ACCUMULATION | Score=4.91
2026-06-05 14:25:22.582 | WARNING  | execution.order_manager:validate_signal_with_fee_filter:245 - [OrderManager] Fee filter REJECTED: Spread 0.0412% is 4.1x expected 0.0100%. Likely illiquidity. Reject.
2026-06-05 14:25:24.060 | INFO     | knowledge.strategy_library:evaluate:302 - [Absorption] SIGNAL: BUY @ 2.4285 | SL=2.4005 TP=2.8285 | Regime=ACCUMULATION | Score=5.13
2026-06-05 14:25:24.062 | WARNING  | execution.order_manager:validate_signal_with_fee_filter:245 - [OrderManager] Fee filter REJECTED: Spread 0.0412% is 4.1x expected 0.0100%. Likely illiquidity. Reject.
2026-06-05 14:25:24.557 | INFO     | knowledge.strategy_library:evaluate:302 - [Absorption] SIGNAL: BUY @ 2.4285 | SL=2.4005 TP=2.8285 | Regime=ACCUMULATION | Score=5.01
2026-06-05 14:25:24.559 | WARNING  | execution.order_manager:validate_signal_with_fee_filter:245 - [OrderManager] Fee filter REJECTED: Spread 0.0412% is 4.1x expected 0.0100%. Likely illiquidity. Reject.
2026-06-05 14:25:25.158 | INFO     | knowledge.strategy_library:evaluate:302 - [Absorption] SIGNAL: BUY @ 2.4285 | SL=2.4005 TP=2.8285 | Regime=ACCUMULATION | Score=4.89
2026-06-05 14:25:25.159 | WARNING  | execution.order_manager:validate_signal_with_fee_filter:245 - [OrderManager] Fee filter REJECTED: Spread 0.0412% is 4.1x expected 0.0100%. Likely illiquidity. Reject.
2026-06-05 14:25:25.255 | INFO     | knowledge.strategy_library:evaluate:302 - [Absorption] SIGNAL: BUY @ 2.4285 | SL=2.4005 TP=2.8285 | Regime=ACCUMULATION | Score=4.89
2026-06-05 14:25:25.257 | WARNING  | execution.order_manager:validate_signal_with_fee_filter:245 - [OrderManager] Fee filter REJECTED: Spread 0.0412% is 4.1x expected 0.0100%. Likely illiquidity. Reject.
2026-06-05 14:25:25.767 | INFO     | knowledge.strategy_library:evaluate:302 - [Absorption] SIGNAL: BUY @ 2.4285 | SL=2.4005 TP=2.8285 | Regime=ACCUMULATION | Score=4.87
2026-06-05 14:25:25.769 | WARNING  | execution.order_manager:validate_signal_with_fee_filter:245 - [OrderManager] Fee filter REJECTED: Spread 0.0412% is 4.1x expected 0.0100%. Likely illiquidity. Reject.
2026-06-05 14:25:25.856 | INFO     | knowledge.strategy_library:evaluate:302 - [Absorption] SIGNAL: BUY @ 2.4285 | SL=2.4005 TP=2.8285 | Regime=ACCUMULATION | Score=4.95
2026-06-05 14:25:25.857 | WARNING  | execution.order_manager:validate_signal_with_fee_filter:245 - [OrderManager] Fee filter REJECTED: Spread 0.0412% is 4.1x expected 0.0100%. Likely illiquidity. Reject.
2026-06-05 14:25:26.070 | INFO     | knowledge.strategy_library:evaluate:302 - [Absorption] SIGNAL: BUY @ 2.4305 | SL=2.3955 TP=2.9305 | Regime=ACCUMULATION | Score=3.93
2026-06-05 14:25:26.071 | WARNING  | execution.order_manager:validate_signal_with_fee_filter:245 - [OrderManager] Fee filter REJECTED: Spread 0.0411% is 4.1x expected 0.0100%. Likely illiquidity. Reject.
2026-06-05 14:25:26.154 | INFO     | knowledge.strategy_library:evaluate:302 - [Absorption] SIGNAL: BUY @ 2.4305 | SL=2.3955 TP=2.9305 | Regime=ACCUMULATION | Score=3.93
2026-06-05 14:25:26.157 | WARNING  | execution.order_manager:validate_signal_with_fee_filter:245 - [OrderManager] Fee filter REJECTED: Spread 0.0411% is 4.1x expected 0.0100%. Likely illiquidity. Reject.
2026-06-05 14:25:26.257 | INFO     | knowledge.strategy_library:evaluate:302 - [Absorption] SIGNAL: BUY @ 2.4305 | SL=2.3955 TP=2.9305 | Regime=ACCUMULATION | Score=4.12
2026-06-05 14:25:26.258 | WARNING  | execution.order_manager:validate_signal_with_fee_filter:245 - [OrderManager] Fee filter REJECTED: Spread 0.0411% is 4.1x expected 0.0100%. Likely illiquidity. Reject.
2026-06-05 14:25:26.355 | INFO     | knowledge.strategy_library:evaluate:302 - [Absorption] SIGNAL: BUY @ 2.4305 | SL=2.3955 TP=2.9305 | Regime=ACCUMULATION | Score=3.92
2026-06-05 14:25:26.357 | WARNING  | execution.order_manager:validate_signal_with_fee_filter:245 - [OrderManager] Fee filter REJECTED: Spread 0.0411% is 4.1x expected 0.0100%. Likely illiquidity. Reject.
2026-06-05 14:25:26.460 | INFO     | knowledge.strategy_library:evaluate:302 - [Absorption] SIGNAL: BUY @ 2.4295 | SL=2.3945 TP=2.9295 | Regime=ACCUMULATION | Score=4.86
2026-06-05 14:25:26.461 | WARNING  | execution.order_manager:validate_signal_with_fee_filter:245 - [OrderManager] Fee filter REJECTED: Spread 0.0412% is 4.1x expected 0.0100%. Likely illiquidity. Reject.
2026-06-05 14:25:26.555 | INFO     | knowledge.strategy_library:evaluate:302 - [Absorption] SIGNAL: BUY @ 2.4295 | SL=2.3945 TP=2.9295 | Regime=ACCUMULATION | Score=4.79
2026-06-05 14:25:26.556 | WARNING  | execution.order_manager:validate_signal_with_fee_filter:245 - [OrderManager] Fee filter REJECTED: Spread 0.0412% is 4.1x expected 0.0100%. Likely illiquidity. Reject.
2026-06-05 14:25:26.755 | INFO     | knowledge.strategy_library:evaluate:302 - [Absorption] SIGNAL: BUY @ 2.4295 | SL=2.3945 TP=2.9295 | Regime=ACCUMULATION | Score=4.42
2026-06-05 14:25:26.756 | WARNING  | execution.order_manager:validate_signal_with_fee_filter:245 - [OrderManager] Fee filter REJECTED: Spread 0.0412% is 4.1x expected 0.0100%. Likely illiquidity. Reject.
2026-06-05 14:25:27.308 | INFO     | knowledge.strategy_library:evaluate:302 - [Absorption] SIGNAL: BUY @ 2.4295 | SL=2.3945 TP=2.9295 | Regime=ACCUMULATION | Score=4.46
2026-06-05 14:25:27.310 | WARNING  | execution.order_manager:validate_signal_with_fee_filter:245 - [OrderManager] Fee filter REJECTED: Spread 0.0412% is 4.1x expected 0.0100%. Likely illiquidity. Reject.
2026-06-05 14:25:27.801 | INFO     | knowledge.strategy_library:evaluate:302 - [Absorption] SIGNAL: BUY @ 2.4295 | SL=2.3945 TP=2.9295 | Regime=ACCUMULATION | Score=4.42
2026-06-05 14:25:27.802 | WARNING  | execution.order_manager:validate_signal_with_fee_filter:245 - [OrderManager] Fee filter REJECTED: Spread 0.0412% is 4.1x expected 0.0100%. Likely illiquidity. Reject.
2026-06-05 14:25:27.856 | INFO     | knowledge.strategy_library:evaluate:302 - [Absorption] SIGNAL: BUY @ 2.4300 | SL=2.3950 TP=2.9300 | Regime=ACCUMULATION | Score=4.50
2026-06-05 14:25:27.857 | WARNING  | execution.order_manager:validate_signal_with_fee_filter:245 - [OrderManager] Fee filter REJECTED: Spread 0.0823% is 8.2x expected 0.0100%. Likely illiquidity. Reject.
2026-06-05 14:25:27.960 | INFO     | knowledge.strategy_library:evaluate:302 - [Absorption] SIGNAL: BUY @ 2.4300 | SL=2.3950 TP=2.9300 | Regime=ACCUMULATION | Score=4.50
2026-06-05 14:25:27.961 | WARNING  | execution.order_manager:validate_signal_with_fee_filter:245 - [OrderManager] Fee filter REJECTED: Spread 0.0823% is 8.2x expected 0.0100%. Likely illiquidity. Reject.
2026-06-05 14:25:28.162 | INFO     | knowledge.strategy_library:evaluate:302 - [Absorption] SIGNAL: BUY @ 2.4300 | SL=2.3950 TP=2.9300 | Regime=ACCUMULATION | Score=4.50
2026-06-05 14:25:28.163 | WARNING  | execution.order_manager:validate_signal_with_fee_filter:245 - [OrderManager] Fee filter REJECTED: Spread 0.0823% is 8.2x expected 0.0100%. Likely illiquidity. Reject.
2026-06-05 14:25:28.254 | INFO     | knowledge.strategy_library:evaluate:302 - [Absorption] SIGNAL: BUY @ 2.4300 | SL=2.3950 TP=2.9300 | Regime=ACCUMULATION | Score=4.47
2026-06-05 14:25:28.255 | WARNING  | execution.order_manager:validate_signal_with_fee_filter:245 - [OrderManager] Fee filter REJECTED: Spread 0.0823% is 8.2x expected 0.0100%. Likely illiquidity. Reject.
2026-06-05 14:25:28.455 | INFO     | knowledge.strategy_library:evaluate:302 - [Absorption] SIGNAL: BUY @ 2.4295 | SL=2.3945 TP=2.9295 | Regime=ACCUMULATION | Score=4.76
2026-06-05 14:25:28.456 | WARNING  | execution.order_manager:validate_signal_with_fee_filter:245 - [OrderManager] Fee filter REJECTED: Spread 0.0412% is 4.1x expected 0.0100%. Likely illiquidity. Reject.
2026-06-05 14:25:28.583 | INFO     | knowledge.strategy_library:evaluate:302 - [Absorption] SIGNAL: BUY @ 2.4295 | SL=2.3945 TP=2.9295 | Regime=ACCUMULATION | Score=4.76
2026-06-05 14:25:28.584 | WARNING  | execution.order_manager:validate_signal_with_fee_filter:245 - [OrderManager] Fee filter REJECTED: Spread 0.0412% is 4.1x expected 0.0100%. Likely illiquidity. Reject.
2026-06-05 14:25:29.154 | INFO     | knowledge.strategy_library:evaluate:302 - [Absorption] SIGNAL: BUY @ 2.4300 | SL=2.3880 TP=3.0300 | Regime=ACCUMULATION | Score=4.66
2026-06-05 14:25:29.155 | WARNING  | execution.order_manager:validate_signal_with_fee_filter:245 - [OrderManager] Fee filter REJECTED: Spread 0.0823% is 8.2x expected 0.0100%. Likely illiquidity. Reject.
2026-06-05 14:25:29.354 | INFO     | knowledge.strategy_library:evaluate:302 - [Absorption] SIGNAL: BUY @ 2.4300 | SL=2.3880 TP=3.0300 | Regime=ACCUMULATION | Score=4.56
2026-06-05 14:25:29.355 | WARNING  | execution.order_manager:validate_signal_with_fee_filter:245 - [OrderManager] Fee filter REJECTED: Spread 0.0823% is 8.2x expected 0.0100%. Likely illiquidity. Reject.
2026-06-05 14:25:29.669 | INFO     | knowledge.strategy_library:evaluate:302 - [Absorption] SIGNAL: BUY @ 2.4295 | SL=2.3875 TP=3.0295 | Regime=ACCUMULATION | Score=4.94
2026-06-05 14:25:29.670 | WARNING  | execution.order_manager:validate_signal_with_fee_filter:245 - [OrderManager] Fee filter REJECTED: Spread 0.0412% is 4.1x expected 0.0100%. Likely illiquidity. Reject.
2026-06-05 14:25:29.756 | INFO     | knowledge.strategy_library:evaluate:302 - [Absorption] SIGNAL: BUY @ 2.4295 | SL=2.3875 TP=3.0295 | Regime=ACCUMULATION | Score=4.39
2026-06-05 14:25:29.757 | WARNING  | execution.order_manager:validate_signal_with_fee_filter:245 - [OrderManager] Fee filter REJECTED: Spread 0.0412% is 4.1x expected 0.0100%. Likely illiquidity. Reject.
2026-06-05 14:25:29.856 | INFO     | knowledge.strategy_library:evaluate:302 - [Absorption] SIGNAL: BUY @ 2.4295 | SL=2.3875 TP=3.0295 | Regime=ACCUMULATION | Score=4.39
2026-06-05 14:25:29.857 | WARNING  | execution.order_manager:validate_signal_with_fee_filter:245 - [OrderManager] Fee filter REJECTED: Spread 0.0412% is 4.1x expected 0.0100%. Likely illiquidity. Reject.
2026-06-05 14:25:30.256 | INFO     | knowledge.strategy_library:evaluate:302 - [Absorption] SIGNAL: BUY @ 2.4295 | SL=2.3875 TP=3.0295 | Regime=ACCUMULATION | Score=4.43
2026-06-05 14:25:30.258 | WARNING  | execution.order_manager:validate_signal_with_fee_filter:245 - [OrderManager] Fee filter REJECTED: Spread 0.0412% is 4.1x expected 0.0100%. Likely illiquidity. Reject.
2026-06-05 14:25:30.355 | INFO     | knowledge.strategy_library:evaluate:302 - [Absorption] SIGNAL: BUY @ 2.4300 | SL=2.3880 TP=3.0300 | Regime=ACCUMULATION | Score=4.58
2026-06-05 14:25:30.357 | WARNING  | execution.order_manager:validate_signal_with_fee_filter:245 - [OrderManager] Fee filter REJECTED: Spread 0.0823% is 8.2x expected 0.0100%. Likely illiquidity. Reject.
2026-06-05 14:25:30.459 | INFO     | knowledge.strategy_library:evaluate:302 - [Absorption] SIGNAL: BUY @ 2.4300 | SL=2.3880 TP=3.0300 | Regime=ACCUMULATION | Score=4.77
2026-06-05 14:25:30.461 | WARNING  | execution.order_manager:validate_signal_with_fee_filter:245 - [OrderManager] Fee filter REJECTED: Spread 0.0823% is 8.2x expected 0.0100%. Likely illiquidity. Reject.
2026-06-05 14:25:30.586 | INFO     | knowledge.strategy_library:evaluate:302 - [Absorption] SIGNAL: BUY @ 2.4305 | SL=2.3885 TP=3.0305 | Regime=ACCUMULATION | Score=4.63
2026-06-05 14:25:30.587 | WARNING  | execution.order_manager:validate_signal_with_fee_filter:245 - [OrderManager] Fee filter REJECTED: Spread 0.0411% is 4.1x expected 0.0100%. Likely illiquidity. Reject.
2026-06-05 14:25:30.658 | INFO     | knowledge.strategy_library:evaluate:302 - [Absorption] SIGNAL: BUY @ 2.4305 | SL=2.3885 TP=3.0305 | Regime=ACCUMULATION | Score=4.70
2026-06-05 14:25:30.659 | WARNING  | execution.order_manager:validate_signal_with_fee_filter:245 - [OrderManager] Fee filter REJECTED: Spread 0.0411% is 4.1x expected 0.0100%. Likely illiquidity. Reject.
2026-06-05 14:25:30.853 | INFO     | knowledge.strategy_library:evaluate:302 - [Absorption] SIGNAL: BUY @ 2.4305 | SL=2.3885 TP=3.0305 | Regime=ACCUMULATION | Score=4.81
2026-06-05 14:25:30.854 | WARNING  | execution.order_manager:validate_signal_with_fee_filter:245 - [OrderManager] Fee filter REJECTED: Spread 0.0411% is 4.1x expected 0.0100%. Likely illiquidity. Reject.
2026-06-05 14:25:30.953 | INFO     | knowledge.strategy_library:evaluate:302 - [Absorption] SIGNAL: BUY @ 2.4305 | SL=2.3885 TP=3.0305 | Regime=ACCUMULATION | Score=4.88
2026-06-05 14:25:30.954 | WARNING  | execution.order_manager:validate_signal_with_fee_filter:245 - [OrderManager] Fee filter REJECTED: Spread 0.0411% is 4.1x expected 0.0100%. Likely illiquidity. Reject.
2026-06-05 14:25:31.356 | INFO     | knowledge.strategy_library:evaluate:302 - [Absorption] SIGNAL: BUY @ 2.4305 | SL=2.3885 TP=3.0305 | Regime=ACCUMULATION | Score=4.23
2026-06-05 14:25:31.357 | WARNING  | execution.order_manager:validate_signal_with_fee_filter:245 - [OrderManager] Fee filter REJECTED: Spread 0.0411% is 4.1x expected 0.0100%. Likely illiquidity. Reject.
2026-06-05 14:25:33.076 | INFO     | knowledge.strategy_library:evaluate:302 - [Absorption] SIGNAL: BUY @ 2.4295 | SL=2.3875 TP=3.0295 | Regime=ACCUMULATION | Score=3.93
2026-06-05 14:25:33.077 | WARNING  | execution.order_manager:validate_signal_with_fee_filter:245 - [OrderManager] Fee filter REJECTED: Spread 0.0412% is 4.1x expected 0.0100%. Likely illiquidity. Reject.
2026-06-05 14:25:33.156 | INFO     | knowledge.strategy_library:evaluate:302 - [Absorption] SIGNAL: BUY @ 2.4300 | SL=2.3880 TP=3.0300 | Regime=ACCUMULATION | Score=3.77
2026-06-05 14:25:33.157 | WARNING  | execution.order_manager:validate_signal_with_fee_filter:245 - [OrderManager] Fee filter REJECTED: Spread 0.0823% is 8.2x expected 0.0100%. Likely illiquidity. Reject.
2026-06-05 14:25:33.265 | INFO     | knowledge.strategy_library:evaluate:302 - [Absorption] SIGNAL: BUY @ 2.4300 | SL=2.3880 TP=3.0300 | Regime=ACCUMULATION | Score=3.77
2026-06-05 14:25:33.266 | WARNING  | execution.order_manager:validate_signal_with_fee_filter:245 - [OrderManager] Fee filter REJECTED: Spread 0.0823% is 8.2x expected 0.0100%. Likely illiquidity. Reject.
2026-06-05 14:25:33.366 | INFO     | knowledge.strategy_library:evaluate:302 - [Absorption] SIGNAL: BUY @ 2.4300 | SL=2.3880 TP=3.0300 | Regime=ACCUMULATION | Score=3.82
2026-06-05 14:25:33.367 | WARNING  | execution.order_manager:validate_signal_with_fee_filter:245 - [OrderManager] Fee filter REJECTED: Spread 0.0823% is 8.2x expected 0.0100%. Likely illiquidity. Reject.
2026-06-05 14:25:33.696 | INFO     | knowledge.strategy_library:evaluate:302 - [Absorption] SIGNAL: BUY @ 2.4300 | SL=2.3880 TP=3.0300 | Regime=ACCUMULATION | Score=3.77
2026-06-05 14:25:33.697 | WARNING  | execution.order_manager:validate_signal_with_fee_filter:245 - [OrderManager] Fee filter REJECTED: Spread 0.0823% is 8.2x expected 0.0100%. Likely illiquidity. Reject.
2026-06-05 14:25:33.756 | INFO     | knowledge.strategy_library:evaluate:302 - [Absorption] SIGNAL: BUY @ 2.4300 | SL=2.3880 TP=3.0300 | Regime=ACCUMULATION | Score=4.10
2026-06-05 14:25:33.757 | WARNING  | execution.order_manager:validate_signal_with_fee_filter:245 - [OrderManager] Fee filter REJECTED: Spread 0.0823% is 8.2x expected 0.0100%. Likely illiquidity. Reject.
2026-06-05 14:25:33.857 | INFO     | knowledge.strategy_library:evaluate:302 - [Absorption] SIGNAL: BUY @ 2.4300 | SL=2.3880 TP=3.0300 | Regime=ACCUMULATION | Score=4.10
2026-06-05 14:25:33.858 | WARNING  | execution.order_manager:validate_signal_with_fee_filter:245 - [OrderManager] Fee filter REJECTED: Spread 0.0823% is 8.2x expected 0.0100%. Likely illiquidity. Reject.
2026-06-05 14:25:34.065 | INFO     | knowledge.strategy_library:evaluate:302 - [Absorption] SIGNAL: BUY @ 2.4300 | SL=2.3880 TP=3.0300 | Regime=ACCUMULATION | Score=4.10
2026-06-05 14:25:34.066 | WARNING  | execution.order_manager:validate_signal_with_fee_filter:245 - [OrderManager] Fee filter REJECTED: Spread 0.0823% is 8.2x expected 0.0100%. Likely illiquidity. Reject.
2026-06-05 14:25:34.371 | INFO     | knowledge.strategy_library:evaluate:302 - [Absorption] SIGNAL: BUY @ 2.4300 | SL=2.3880 TP=3.0300 | Regime=ACCUMULATION | Score=4.10
2026-06-05 14:25:34.373 | WARNING  | execution.order_manager:validate_signal_with_fee_filter:245 - [OrderManager] Fee filter REJECTED: Spread 0.0823% is 8.2x expected 0.0100%. Likely illiquidity. Reject.
2026-06-05 14:25:35.255 | INFO     | knowledge.strategy_library:evaluate:302 - [Absorption] SIGNAL: BUY @ 2.4305 | SL=2.3955 TP=2.9305 | Regime=ACCUMULATION | Score=3.50
2026-06-05 14:25:35.257 | WARNING  | execution.order_manager:validate_signal_with_fee_filter:245 - [OrderManager] Fee filter REJECTED: Spread 0.0411% is 4.1x expected 0.0100%. Likely illiquidity. Reject.
2026-06-05 14:25:35.355 | INFO     | knowledge.strategy_library:evaluate:302 - [Absorption] SIGNAL: BUY @ 2.4305 | SL=2.3955 TP=2.9305 | Regime=ACCUMULATION | Score=3.50
2026-06-05 14:25:35.356 | WARNING  | execution.order_manager:validate_signal_with_fee_filter:245 - [OrderManager] Fee filter REJECTED: Spread 0.0411% is 4.1x expected 0.0100%. Likely illiquidity. Reject.
2026-06-05 14:25:35.463 | INFO     | knowledge.strategy_library:evaluate:302 - [Absorption] SIGNAL: BUY @ 2.4305 | SL=2.3955 TP=2.9305 | Regime=ACCUMULATION | Score=3.50
2026-06-05 14:25:35.464 | WARNING  | execution.order_manager:validate_signal_with_fee_filter:245 - [OrderManager] Fee filter REJECTED: Spread 0.0411% is 4.1x expected 0.0100%. Likely illiquidity. Reject.
2026-06-05 14:25:35.563 | INFO     | knowledge.strategy_library:evaluate:302 - [Absorption] SIGNAL: BUY @ 2.4305 | SL=2.3955 TP=2.9305 | Regime=ACCUMULATION | Score=3.50
2026-06-05 14:25:35.564 | WARNING  | execution.order_manager:validate_signal_with_fee_filter:245 - [OrderManager] Fee filter REJECTED: Spread 0.0411% is 4.1x expected 0.0100%. Likely illiquidity. Reject.
2026-06-05 14:25:35.659 | INFO     | knowledge.strategy_library:evaluate:302 - [Absorption] SIGNAL: BUY @ 2.4305 | SL=2.3955 TP=2.9305 | Regime=ACCUMULATION | Score=3.50
2026-06-05 14:25:35.660 | WARNING  | execution.order_manager:validate_signal_with_fee_filter:245 - [OrderManager] Fee filter REJECTED: Spread 0.0411% is 4.1x expected 0.0100%. Likely illiquidity. Reject.
2026-06-05 14:25:35.905 | INFO     | knowledge.strategy_library:evaluate:302 - [Absorption] SIGNAL: BUY @ 2.4305 | SL=2.3955 TP=2.9305 | Regime=ACCUMULATION | Score=3.50
2026-06-05 14:25:35.907 | WARNING  | execution.order_manager:validate_signal_with_fee_filter:245 - [OrderManager] Fee filter REJECTED: Spread 0.0411% is 4.1x expected 0.0100%. Likely illiquidity. Reject.
2026-06-05 14:25:36.417 | INFO     | knowledge.strategy_library:evaluate:302 - [Absorption] SIGNAL: BUY @ 2.4305 | SL=2.4025 TP=2.8305 | Regime=ACCUMULATION | Score=3.50
2026-06-05 14:25:36.419 | WARNING  | execution.order_manager:validate_signal_with_fee_filter:245 - [OrderManager] Fee filter REJECTED: Spread 0.0411% is 4.1x expected 0.0100%. Likely illiquidity. Reject.
2026-06-05 14:25:36.457 | INFO     | knowledge.strategy_library:evaluate:302 - [Absorption] SIGNAL: BUY @ 2.4305 | SL=2.4025 TP=2.8305 | Regime=ACCUMULATION | Score=3.50
2026-06-05 14:25:36.458 | WARNING  | execution.order_manager:validate_signal_with_fee_filter:245 - [OrderManager] Fee filter REJECTED: Spread 0.0411% is 4.1x expected 0.0100%. Likely illiquidity. Reject.
2026-06-05 14:25:36.572 | INFO     | knowledge.strategy_library:evaluate:302 - [Absorption] SIGNAL: STRONG_BUY @ 2.4300 | SL=2.4020 TP=2.8300 | Regime=ACCUMULATION | Score=4.50
2026-06-05 14:25:36.574 | WARNING  | execution.order_manager:validate_signal_with_fee_filter:245 - [OrderManager] Fee filter REJECTED: Spread 0.0823% is 8.2x expected 0.0100%. Likely illiquidity. Reject.
2026-06-05 14:25:36.663 | INFO     | knowledge.strategy_library:evaluate:302 - [Absorption] SIGNAL: STRONG_BUY @ 2.4300 | SL=2.4020 TP=2.8300 | Regime=ACCUMULATION | Score=4.50
2026-06-05 14:25:36.664 | WARNING  | execution.order_manager:validate_signal_with_fee_filter:245 - [OrderManager] Fee filter REJECTED: Spread 0.0823% is 8.2x expected 0.0100%. Likely illiquidity. Reject.
2026-06-05 14:25:36.756 | INFO     | knowledge.strategy_library:evaluate:302 - [Absorption] SIGNAL: STRONG_BUY @ 2.4300 | SL=2.4020 TP=2.8300 | Regime=ACCUMULATION | Score=4.46
2026-06-05 14:25:36.757 | WARNING  | execution.order_manager:validate_signal_with_fee_filter:245 - [OrderManager] Fee filter REJECTED: Spread 0.0823% is 8.2x expected 0.0100%. Likely illiquidity. Reject.
2026-06-05 14:25:36.860 | INFO     | knowledge.strategy_library:evaluate:302 - [Absorption] SIGNAL: STRONG_BUY @ 2.4300 | SL=2.4020 TP=2.8300 | Regime=ACCUMULATION | Score=4.46
2026-06-05 14:25:36.862 | WARNING  | execution.order_manager:validate_signal_with_fee_filter:245 - [OrderManager] Fee filter REJECTED: Spread 0.0823% is 8.2x expected 0.0100%. Likely illiquidity. Reject.
2026-06-05 14:25:37.056 | INFO     | knowledge.strategy_library:evaluate:302 - [Absorption] SIGNAL: BUY @ 2.4305 | SL=2.4025 TP=2.8305 | Regime=ACCUMULATION | Score=3.50
2026-06-05 14:25:37.057 | WARNING  | execution.order_manager:validate_signal_with_fee_filter:245 - [OrderManager] Fee filter REJECTED: Spread 0.0411% is 4.1x expected 0.0100%. Likely illiquidity. Reject.
2026-06-05 14:25:37.609 | INFO     | knowledge.strategy_library:evaluate:302 - [Absorption] SIGNAL: STRONG_BUY @ 2.4300 | SL=2.4020 TP=2.8300 | Regime=ACCUMULATION | Score=4.16
2026-06-05 14:25:37.609 | WARNING  | execution.order_manager:validate_signal_with_fee_filter:245 - [OrderManager] Fee filter REJECTED: Spread 0.0823% is 8.2x expected 0.0100%. Likely illiquidity. Reject.
2026-06-05 14:25:37.651 | INFO     | knowledge.strategy_library:evaluate:302 - [Absorption] SIGNAL: STRONG_BUY @ 2.4300 | SL=2.4020 TP=2.8300 | Regime=ACCUMULATION | Score=4.16
2026-06-05 14:25:37.652 | WARNING  | execution.order_manager:validate_signal_with_fee_filter:245 - [OrderManager] Fee filter REJECTED: Spread 0.0823% is 8.2x expected 0.0100%. Likely illiquidity. Reject.
2026-06-05 14:25:37.764 | INFO     | knowledge.strategy_library:evaluate:302 - [Absorption] SIGNAL: STRONG_BUY @ 2.4300 | SL=2.4020 TP=2.8300 | Regime=ACCUMULATION | Score=4.16
2026-06-05 14:25:37.765 | WARNING  | execution.order_manager:validate_signal_with_fee_filter:245 - [OrderManager] Fee filter REJECTED: Spread 0.0823% is 8.2x expected 0.0100%. Likely illiquidity. Reject.
2026-06-05 14:25:37.958 | INFO     | knowledge.strategy_library:evaluate:302 - [Absorption] SIGNAL: BUY @ 2.4300 | SL=2.4020 TP=2.8300 | Regime=ACCUMULATION | Score=4.25
2026-06-05 14:25:37.959 | WARNING  | execution.order_manager:validate_signal_with_fee_filter:245 - [OrderManager] Fee filter REJECTED: Spread 0.0823% is 8.2x expected 0.0100%. Likely illiquidity. Reject.
2026-06-05 14:25:38.056 | INFO     | knowledge.strategy_library:evaluate:302 - [Absorption] SIGNAL: BUY @ 2.4300 | SL=2.4020 TP=2.8300 | Regime=ACCUMULATION | Score=4.28
2026-06-05 14:25:38.057 | WARNING  | execution.order_manager:validate_signal_with_fee_filter:245 - [OrderManager] Fee filter REJECTED: Spread 0.0823% is 8.2x expected 0.0100%. Likely illiquidity. Reject.
2026-06-05 14:25:38.161 | INFO     | knowledge.strategy_library:evaluate:302 - [Absorption] SIGNAL: BUY @ 2.4300 | SL=2.4020 TP=2.8300 | Regime=ACCUMULATION | Score=4.42
2026-06-05 14:25:38.162 | WARNING  | execution.order_manager:validate_signal_with_fee_filter:245 - [OrderManager] Fee filter REJECTED: Spread 0.0823% is 8.2x expected 0.0100%. Likely illiquidity. Reject.
2026-06-05 14:25:38.459 | INFO     | knowledge.strategy_library:evaluate:302 - [Absorption] SIGNAL: BUY @ 2.4300 | SL=2.4020 TP=2.8300 | Regime=ACCUMULATION | Score=4.36
2026-06-05 14:25:38.460 | WARNING  | execution.order_manager:validate_signal_with_fee_filter:245 - [OrderManager] Fee filter REJECTED: Spread 0.0823% is 8.2x expected 0.0100%. Likely illiquidity. Reject.
2026-06-05 14:25:38.557 | INFO     | knowledge.strategy_library:evaluate:302 - [Absorption] SIGNAL: BUY @ 2.4300 | SL=2.4020 TP=2.8300 | Regime=ACCUMULATION | Score=4.36
2026-06-05 14:25:38.558 | WARNING  | execution.order_manager:validate_signal_with_fee_filter:245 - [OrderManager] Fee filter REJECTED: Spread 0.0823% is 8.2x expected 0.0100%. Likely illiquidity. Reject.
2026-06-05 14:25:38.655 | INFO     | knowledge.strategy_library:evaluate:302 - [Absorption] SIGNAL: BUY @ 2.4295 | SL=2.4015 TP=2.8295 | Regime=ACCUMULATION | Score=4.01
2026-06-05 14:25:38.657 | WARNING  | execution.order_manager:validate_signal_with_fee_filter:245 - [OrderManager] Fee filter REJECTED: Spread 0.0412% is 4.1x expected 0.0100%. Likely illiquidity. Reject.
2026-06-05 14:25:38.755 | INFO     | knowledge.strategy_library:evaluate:302 - [Absorption] SIGNAL: BUY @ 2.4295 | SL=2.4015 TP=2.8295 | Regime=ACCUMULATION | Score=3.95
2026-06-05 14:25:38.757 | WARNING  | execution.order_manager:validate_signal_with_fee_filter:245 - [OrderManager] Fee filter REJECTED: Spread 0.0412% is 4.1x expected 0.0100%. Likely illiquidity. Reject.
2026-06-05 14:25:38.863 | INFO     | knowledge.strategy_library:evaluate:302 - [Absorption] SIGNAL: BUY @ 2.4295 | SL=2.4015 TP=2.8295 | Regime=ACCUMULATION | Score=3.95
2026-06-05 14:25:38.864 | WARNING  | execution.order_manager:validate_signal_with_fee_filter:245 - [OrderManager] Fee filter REJECTED: Spread 0.0412% is 4.1x expected 0.0100%. Likely illiquidity. Reject.
2026-06-05 14:25:38.968 | INFO     | knowledge.strategy_library:evaluate:302 - [Absorption] SIGNAL: BUY @ 2.4300 | SL=2.4020 TP=2.8300 | Regime=ACCUMULATION | Score=3.77
2026-06-05 14:25:38.970 | WARNING  | execution.order_manager:validate_signal_with_fee_filter:245 - [OrderManager] Fee filter REJECTED: Spread 0.0823% is 8.2x expected 0.0100%. Likely illiquidity. Reject.
2026-06-05 14:25:39.284 | INFO     | knowledge.strategy_library:evaluate:302 - [Absorption] SIGNAL: BUY @ 2.4300 | SL=2.4020 TP=2.8300 | Regime=ACCUMULATION | Score=3.77
2026-06-05 14:25:39.285 | WARNING  | execution.order_manager:validate_signal_with_fee_filter:245 - [OrderManager] Fee filter REJECTED: Spread 0.0823% is 8.2x expected 0.0100%. Likely illiquidity. Reject.
2026-06-05 14:25:40.565 | INFO     | knowledge.strategy_library:evaluate:302 - [Absorption] SIGNAL: BUY @ 2.4295 | SL=2.4015 TP=2.8295 | Regime=ACCUMULATION | Score=4.15
2026-06-05 14:25:40.565 | WARNING  | execution.order_manager:validate_signal_with_fee_filter:245 - [OrderManager] Fee filter REJECTED: Spread 0.0412% is 4.1x expected 0.0100%. Likely illiquidity. Reject.
2026-06-05 14:25:40.830 | INFO     | knowledge.strategy_library:evaluate:302 - [Absorption] SIGNAL: BUY @ 2.4295 | SL=2.4015 TP=2.8295 | Regime=ACCUMULATION | Score=4.05
2026-06-05 14:25:40.831 | WARNING  | execution.order_manager:validate_signal_with_fee_filter:245 - [OrderManager] Fee filter REJECTED: Spread 0.0412% is 4.1x expected 0.0100%. Likely illiquidity. Reject.
2026-06-05 14:25:40.876 | INFO     | knowledge.strategy_library:evaluate:302 - [Absorption] SIGNAL: BUY @ 2.4295 | SL=2.4015 TP=2.8295 | Regime=ACCUMULATION | Score=3.93
2026-06-05 14:25:40.877 | WARNING  | execution.order_manager:validate_signal_with_fee_filter:245 - [OrderManager] Fee filter REJECTED: Spread 0.0412% is 4.1x expected 0.0100%. Likely illiquidity. Reject.
2026-06-05 14:25:40.965 | INFO     | knowledge.strategy_library:evaluate:302 - [Absorption] SIGNAL: BUY @ 2.4290 | SL=2.4010 TP=2.8290 | Regime=ACCUMULATION | Score=4.29
2026-06-05 14:25:40.966 | WARNING  | execution.order_manager:validate_signal_with_fee_filter:245 - [OrderManager] Fee filter REJECTED: Spread 0.0823% is 8.2x expected 0.0100%. Likely illiquidity. Reject.
2026-06-05 14:25:41.064 | INFO     | knowledge.strategy_library:evaluate:302 - [Absorption] SIGNAL: BUY @ 2.4290 | SL=2.4010 TP=2.8290 | Regime=ACCUMULATION | Score=4.42
2026-06-05 14:25:41.065 | WARNING  | execution.order_manager:validate_signal_with_fee_filter:245 - [OrderManager] Fee filter REJECTED: Spread 0.0823% is 8.2x expected 0.0100%. Likely illiquidity. Reject.
2026-06-05 14:25:42.056 | INFO     | knowledge.strategy_library:evaluate:302 - [Absorption] SIGNAL: BUY @ 2.4290 | SL=2.4010 TP=2.8290 | Regime=ACCUMULATION | Score=3.98
2026-06-05 14:25:42.058 | WARNING  | execution.order_manager:validate_signal_with_fee_filter:245 - [OrderManager] Fee filter REJECTED: Spread 0.0823% is 8.2x expected 0.0100%. Likely illiquidity. Reject.
2026-06-05 14:25:42.160 | INFO     | knowledge.strategy_library:evaluate:302 - [Absorption] SIGNAL: BUY @ 2.4290 | SL=2.4010 TP=2.8290 | Regime=ACCUMULATION | Score=3.98
2026-06-05 14:25:42.162 | WARNING  | execution.order_manager:validate_signal_with_fee_filter:245 - [OrderManager] Fee filter REJECTED: Spread 0.0823% is 8.2x expected 0.0100%. Likely illiquidity. Reject.
2026-06-05 14:25:43.076 | INFO     | knowledge.strategy_library:evaluate:302 - [Absorption] SIGNAL: BUY @ 2.4285 | SL=2.4005 TP=2.8285 | Regime=ACCUMULATION | Score=4.54
2026-06-05 14:25:43.078 | WARNING  | execution.order_manager:validate_signal_with_fee_filter:245 - [OrderManager] Fee filter REJECTED: Spread 0.0412% is 4.1x expected 0.0100%. Likely illiquidity. Reject.
2026-06-05 14:25:43.157 | INFO     | knowledge.strategy_library:evaluate:302 - [Absorption] SIGNAL: BUY @ 2.4285 | SL=2.4005 TP=2.8285 | Regime=ACCUMULATION | Score=4.50
2026-06-05 14:25:43.159 | WARNING  | execution.order_manager:validate_signal_with_fee_filter:245 - [OrderManager] Fee filter REJECTED: Spread 0.0412% is 4.1x expected 0.0100%. Likely illiquidity. Reject.
2026-06-05 14:25:43.363 | INFO     | knowledge.strategy_library:evaluate:302 - [Absorption] SIGNAL: BUY @ 2.4285 | SL=2.4005 TP=2.8285 | Regime=ACCUMULATION | Score=4.50
2026-06-05 14:25:43.364 | WARNING  | execution.order_manager:validate_signal_with_fee_filter:245 - [OrderManager] Fee filter REJECTED: Spread 0.0412% is 4.1x expected 0.0100%. Likely illiquidity. Reject.
2026-06-05 14:25:43.854 | INFO     | knowledge.strategy_library:evaluate:302 - [Absorption] SIGNAL: STRONG_BUY @ 2.4285 | SL=2.4005 TP=2.8285 | Regime=ACCUMULATION | Score=4.51
2026-06-05 14:25:43.855 | WARNING  | execution.order_manager:validate_signal_with_fee_filter:245 - [OrderManager] Fee filter REJECTED: Spread 0.0412% is 4.1x expected 0.0100%. Likely illiquidity. Reject.
2026-06-05 14:25:43.955 | INFO     | knowledge.strategy_library:evaluate:302 - [Absorption] SIGNAL: STRONG_BUY @ 2.4290 | SL=2.4010 TP=2.8290 | Regime=ACCUMULATION | Score=4.07
2026-06-05 14:25:43.956 | WARNING  | execution.order_manager:validate_signal_with_fee_filter:245 - [OrderManager] Fee filter REJECTED: Spread 0.0823% is 8.2x expected 0.0100%. Likely illiquidity. Reject.
2026-06-05 14:25:44.070 | INFO     | knowledge.strategy_library:evaluate:302 - [Absorption] SIGNAL: STRONG_BUY @ 2.4290 | SL=2.4010 TP=2.8290 | Regime=ACCUMULATION | Score=4.07
2026-06-05 14:25:44.072 | WARNING  | execution.order_manager:validate_signal_with_fee_filter:245 - [OrderManager] Fee filter REJECTED: Spread 0.0823% is 8.2x expected 0.0100%. Likely illiquidity. Reject.
2026-06-05 14:25:44.167 | INFO     | knowledge.strategy_library:evaluate:302 - [Absorption] SIGNAL: STRONG_BUY @ 2.4290 | SL=2.4010 TP=2.8290 | Regime=ACCUMULATION | Score=3.97
2026-06-05 14:25:44.167 | WARNING  | execution.order_manager:validate_signal_with_fee_filter:245 - [OrderManager] Fee filter REJECTED: Spread 0.0823% is 8.2x expected 0.0100%. Likely illiquidity. Reject.
2026-06-05 14:25:44.467 | INFO     | knowledge.strategy_library:evaluate:302 - [Absorption] SIGNAL: STRONG_BUY @ 2.4285 | SL=2.4005 TP=2.8285 | Regime=ACCUMULATION | Score=4.37
2026-06-05 14:25:44.468 | WARNING  | execution.order_manager:validate_signal_with_fee_filter:245 - [OrderManager] Fee filter REJECTED: Spread 0.0412% is 4.1x expected 0.0100%. Likely illiquidity. Reject.
2026-06-05 14:25:44.572 | INFO     | knowledge.strategy_library:evaluate:302 - [Absorption] SIGNAL: STRONG_BUY @ 2.4285 | SL=2.4005 TP=2.8285 | Regime=ACCUMULATION | Score=4.37
2026-06-05 14:25:44.573 | WARNING  | execution.order_manager:validate_signal_with_fee_filter:245 - [OrderManager] Fee filter REJECTED: Spread 0.0412% is 4.1x expected 0.0100%. Likely illiquidity. Reject.
2026-06-05 14:25:45.020 | INFO     | knowledge.strategy_library:evaluate:302 - [Absorption] SIGNAL: BUY @ 2.4220 | SL=2.3450 TP=3.5220 | Regime=ACCUMULATION | Score=9.34
2026-06-05 14:25:45.021 | WARNING  | execution.order_manager:validate_signal_with_fee_filter:245 - [OrderManager] Fee filter REJECTED: Spread 0.0826% is 8.3x expected 0.0100%. Likely illiquidity. Reject.
2026-06-05 14:25:45.041 | INFO     | knowledge.strategy_library:evaluate:302 - [Absorption] SIGNAL: BUY @ 2.4225 | SL=2.3455 TP=3.5225 | Regime=ACCUMULATION | Score=9.33
2026-06-05 14:25:45.043 | WARNING  | execution.order_manager:validate_signal_with_fee_filter:245 - [OrderManager] Fee filter REJECTED: Spread 0.0413% is 4.1x expected 0.0100%. Likely illiquidity. Reject.
2026-06-05 14:25:45.065 | INFO     | knowledge.strategy_library:evaluate:302 - [Absorption] SIGNAL: BUY @ 2.4225 | SL=2.3455 TP=3.5225 | Regime=ACCUMULATION | Score=9.52
2026-06-05 14:25:45.066 | WARNING  | execution.order_manager:validate_signal_with_fee_filter:245 - [OrderManager] Fee filter REJECTED: Spread 0.0413% is 4.1x expected 0.0100%. Likely illiquidity. Reject.
2026-06-05 14:25:45.096 | INFO     | knowledge.strategy_library:evaluate:302 - [Absorption] SIGNAL: BUY @ 2.4225 | SL=2.3455 TP=3.5225 | Regime=ACCUMULATION | Score=7.88
2026-06-05 14:25:45.097 | WARNING  | execution.order_manager:validate_signal_with_fee_filter:245 - [OrderManager] Fee filter REJECTED: Spread 0.0413% is 4.1x expected 0.0100%. Likely illiquidity. Reject.
2026-06-05 14:25:45.160 | INFO     | knowledge.strategy_library:evaluate:302 - [Absorption] SIGNAL: BUY @ 2.4220 | SL=2.3450 TP=3.5220 | Regime=ACCUMULATION | Score=9.52
2026-06-05 14:25:45.161 | WARNING  | execution.order_manager:validate_signal_with_fee_filter:245 - [OrderManager] Fee filter REJECTED: Spread 0.0826% is 8.3x expected 0.0100%. Likely illiquidity. Reject.
2026-06-05 14:25:45.255 | INFO     | knowledge.strategy_library:evaluate:302 - [Absorption] SIGNAL: BUY @ 2.4230 | SL=2.3460 TP=3.5230 | Regime=ACCUMULATION | Score=7.52
2026-06-05 14:25:45.256 | WARNING  | execution.order_manager:validate_signal_with_fee_filter:245 - [OrderManager] Fee filter REJECTED: Spread 0.0825% is 8.3x expected 0.0100%. Likely illiquidity. Reject.
2026-06-05 14:25:45.460 | INFO     | knowledge.strategy_library:evaluate:302 - [Absorption] SIGNAL: BUY @ 2.4230 | SL=2.3460 TP=3.5230 | Regime=ACCUMULATION | Score=7.52
2026-06-05 14:25:45.462 | WARNING  | execution.order_manager:validate_signal_with_fee_filter:245 - [OrderManager] Fee filter REJECTED: Spread 0.0825% is 8.3x expected 0.0100%. Likely illiquidity. Reject.
2026-06-05 14:25:45.860 | INFO     | knowledge.strategy_library:evaluate:302 - [Absorption] SIGNAL: BUY @ 2.4230 | SL=2.3460 TP=3.5230 | Regime=ACCUMULATION | Score=7.52
2026-06-05 14:25:45.862 | WARNING  | execution.order_manager:validate_signal_with_fee_filter:245 - [OrderManager] Fee filter REJECTED: Spread 0.0825% is 8.3x expected 0.0100%. Likely illiquidity. Reject.
2026-06-05 14:25:46.160 | INFO     | knowledge.strategy_library:evaluate:302 - [Absorption] SIGNAL: BUY @ 2.4235 | SL=2.3465 TP=3.5235 | Regime=ACCUMULATION | Score=7.52
2026-06-05 14:25:46.161 | WARNING  | execution.order_manager:validate_signal_with_fee_filter:245 - [OrderManager] Fee filter REJECTED: Spread 0.0413% is 4.1x expected 0.0100%. Likely illiquidity. Reject.
2026-06-05 14:25:46.257 | INFO     | knowledge.strategy_library:evaluate:302 - [Absorption] SIGNAL: BUY @ 2.4235 | SL=2.3465 TP=3.5235 | Regime=ACCUMULATION | Score=7.52
2026-06-05 14:25:46.258 | WARNING  | execution.order_manager:validate_signal_with_fee_filter:245 - [OrderManager] Fee filter REJECTED: Spread 0.0413% is 4.1x expected 0.0100%. Likely illiquidity. Reject.
2026-06-05 14:25:46.360 | INFO     | knowledge.strategy_library:evaluate:302 - [Absorption] SIGNAL: BUY @ 2.4235 | SL=2.3465 TP=3.5235 | Regime=ACCUMULATION | Score=7.52
2026-06-05 14:25:46.360 | WARNING  | execution.order_manager:validate_signal_with_fee_filter:245 - [OrderManager] Fee filter REJECTED: Spread 0.0413% is 4.1x expected 0.0100%. Likely illiquidity. Reject.
2026-06-05 14:25:46.470 | INFO     | knowledge.strategy_library:evaluate:302 - [Absorption] SIGNAL: BUY @ 2.4235 | SL=2.3465 TP=3.5235 | Regime=ACCUMULATION | Score=7.52
2026-06-05 14:25:46.471 | WARNING  | execution.order_manager:validate_signal_with_fee_filter:245 - [OrderManager] Fee filter REJECTED: Spread 0.0413% is 4.1x expected 0.0100%. Likely illiquidity. Reject.
2026-06-05 14:25:46.859 | INFO     | knowledge.strategy_library:evaluate:302 - [Absorption] SIGNAL: BUY @ 2.4235 | SL=2.3465 TP=3.5235 | Regime=ACCUMULATION | Score=7.52
2026-06-05 14:25:46.860 | WARNING  | execution.order_manager:validate_signal_with_fee_filter:245 - [OrderManager] Fee filter REJECTED: Spread 0.0413% is 4.1x expected 0.0100%. Likely illiquidity. Reject.
2026-06-05 14:25:47.096 | INFO     | knowledge.strategy_library:evaluate:302 - [Absorption] SIGNAL: BUY @ 2.4235 | SL=2.3465 TP=3.5235 | Regime=ACCUMULATION | Score=7.52
2026-06-05 14:25:47.097 | WARNING  | execution.order_manager:validate_signal_with_fee_filter:245 - [OrderManager] Fee filter REJECTED: Spread 0.0413% is 4.1x expected 0.0100%. Likely illiquidity. Reject.
2026-06-05 14:25:47.160 | INFO     | knowledge.strategy_library:evaluate:302 - [Absorption] SIGNAL: BUY @ 2.4235 | SL=2.3465 TP=3.5235 | Regime=ACCUMULATION | Score=7.52
2026-06-05 14:25:47.161 | WARNING  | execution.order_manager:validate_signal_with_fee_filter:245 - [OrderManager] Fee filter REJECTED: Spread 0.0413% is 4.1x expected 0.0100%. Likely illiquidity. Reject.
2026-06-05 14:25:47.259 | INFO     | knowledge.strategy_library:evaluate:302 - [Absorption] SIGNAL: BUY @ 2.4235 | SL=2.3465 TP=3.5235 | Regime=ACCUMULATION | Score=7.52
2026-06-05 14:25:47.260 | WARNING  | execution.order_manager:validate_signal_with_fee_filter:245 - [OrderManager] Fee filter REJECTED: Spread 0.0413% is 4.1x expected 0.0100%. Likely illiquidity. Reject.
2026-06-05 14:25:47.360 | INFO     | knowledge.strategy_library:evaluate:302 - [Absorption] SIGNAL: BUY @ 2.4235 | SL=2.3465 TP=3.5235 | Regime=ACCUMULATION | Score=7.52
2026-06-05 14:25:47.361 | WARNING  | execution.order_manager:validate_signal_with_fee_filter:245 - [OrderManager] Fee filter REJECTED: Spread 0.0413% is 4.1x expected 0.0100%. Likely illiquidity. Reject.
2026-06-05 14:25:48.103 | INFO     | knowledge.strategy_library:evaluate:302 - [Absorption] SIGNAL: BUY @ 2.4235 | SL=2.3465 TP=3.5235 | Regime=ACCUMULATION | Score=7.55
2026-06-05 14:25:48.105 | WARNING  | execution.order_manager:validate_signal_with_fee_filter:245 - [OrderManager] Fee filter REJECTED: Spread 0.0413% is 4.1x expected 0.0100%. Likely illiquidity. Reject.
2026-06-05 14:25:48.160 | INFO     | knowledge.strategy_library:evaluate:302 - [Absorption] SIGNAL: BUY @ 2.4235 | SL=2.3465 TP=3.5235 | Regime=ACCUMULATION | Score=7.55
2026-06-05 14:25:48.161 | WARNING  | execution.order_manager:validate_signal_with_fee_filter:245 - [OrderManager] Fee filter REJECTED: Spread 0.0413% is 4.1x expected 0.0100%. Likely illiquidity. Reject.
2026-06-05 14:25:48.282 | INFO     | knowledge.strategy_library:evaluate:302 - [Absorption] SIGNAL: BUY @ 2.4235 | SL=2.3465 TP=3.5235 | Regime=ACCUMULATION | Score=7.55
2026-06-05 14:25:48.284 | WARNING  | execution.order_manager:validate_signal_with_fee_filter:245 - [OrderManager] Fee filter REJECTED: Spread 0.0413% is 4.1x expected 0.0100%. Likely illiquidity. Reject.
2026-06-05 14:25:48.550 | INFO     | knowledge.strategy_library:evaluate:302 - [Absorption] SIGNAL: BUY @ 2.4235 | SL=2.3465 TP=3.5235 | Regime=ACCUMULATION | Score=7.55
2026-06-05 14:25:48.551 | WARNING  | execution.order_manager:validate_signal_with_fee_filter:245 - [OrderManager] Fee filter REJECTED: Spread 0.0413% is 4.1x expected 0.0100%. Likely illiquidity. Reject.
2026-06-05 14:25:48.968 | INFO     | knowledge.strategy_library:evaluate:302 - [Absorption] SIGNAL: BUY @ 2.4235 | SL=2.3465 TP=3.5235 | Regime=ACCUMULATION | Score=7.55
2026-06-05 14:25:48.969 | WARNING  | execution.order_manager:validate_signal_with_fee_filter:245 - [OrderManager] Fee filter REJECTED: Spread 0.0413% is 4.1x expected 0.0100%. Likely illiquidity. Reject.
2026-06-05 14:25:49.067 | INFO     | knowledge.strategy_library:evaluate:302 - [Absorption] SIGNAL: BUY @ 2.4235 | SL=2.3465 TP=3.5235 | Regime=ACCUMULATION | Score=9.19
2026-06-05 14:25:49.070 | WARNING  | execution.order_manager:validate_signal_with_fee_filter:245 - [OrderManager] Fee filter REJECTED: Spread 0.0413% is 4.1x expected 0.0100%. Likely illiquidity. Reject.
2026-06-05 14:25:49.268 | INFO     | knowledge.strategy_library:evaluate:302 - [Absorption] SIGNAL: BUY @ 2.4235 | SL=2.3465 TP=3.5235 | Regime=ACCUMULATION | Score=9.19
2026-06-05 14:25:49.271 | WARNING  | execution.order_manager:validate_signal_with_fee_filter:245 - [OrderManager] Fee filter REJECTED: Spread 0.0413% is 4.1x expected 0.0100%. Likely illiquidity. Reject.
2026-06-05 14:25:50.176 | INFO     | knowledge.strategy_library:evaluate:302 - [Absorption] SIGNAL: BUY @ 2.4235 | SL=2.3465 TP=3.5235 | Regime=ACCUMULATION | Score=9.12
2026-06-05 14:25:50.177 | WARNING  | execution.order_manager:validate_signal_with_fee_filter:245 - [OrderManager] Fee filter REJECTED: Spread 0.0413% is 4.1x expected 0.0100%. Likely illiquidity. Reject.
2026-06-05 14:25:50.257 | INFO     | knowledge.strategy_library:evaluate:302 - [Absorption] SIGNAL: BUY @ 2.4235 | SL=2.3465 TP=3.5235 | Regime=ACCUMULATION | Score=8.90
2026-06-05 14:25:50.257 | WARNING  | execution.order_manager:validate_signal_with_fee_filter:245 - [OrderManager] Fee filter REJECTED: Spread 0.0413% is 4.1x expected 0.0100%. Likely illiquidity. Reject.
2026-06-05 14:25:51.472 | INFO     | knowledge.strategy_library:evaluate:302 - [Absorption] SIGNAL: BUY @ 2.4235 | SL=2.3465 TP=3.5235 | Regime=ACCUMULATION | Score=8.76
2026-06-05 14:25:51.475 | WARNING  | execution.order_manager:validate_signal_with_fee_filter:245 - [OrderManager] Fee filter REJECTED: Spread 0.0413% is 4.1x expected 0.0100%. Likely illiquidity. Reject.
2026-06-05 14:25:52.373 | INFO     | knowledge.strategy_library:evaluate:302 - [Absorption] SIGNAL: BUY @ 2.4235 | SL=2.3465 TP=3.5235 | Regime=ACCUMULATION | Score=8.77
2026-06-05 14:25:52.374 | WARNING  | execution.order_manager:validate_signal_with_fee_filter:245 - [OrderManager] Fee filter REJECTED: Spread 0.0413% is 4.1x expected 0.0100%. Likely illiquidity. Reject.
2026-06-05 14:25:52.375 | INFO     | knowledge.strategy_library:evaluate:302 - [Stacked Imbalance] SIGNAL: BUY @ 2.4235 | SL=2.3465 TP=3.5235 | Regime=ACCUMULATION | Score=4.50
2026-06-05 14:25:52.376 | WARNING  | execution.order_manager:validate_signal_with_fee_filter:245 - [OrderManager] Fee filter REJECTED: Spread 0.0413% is 4.1x expected 0.0100%. Likely illiquidity. Reject.
2026-06-05 14:25:52.879 | INFO     | knowledge.strategy_library:evaluate:302 - [Absorption] SIGNAL: BUY @ 2.4235 | SL=2.3465 TP=3.5235 | Regime=ACCUMULATION | Score=8.30
2026-06-05 14:25:52.881 | WARNING  | execution.order_manager:validate_signal_with_fee_filter:245 - [OrderManager] Fee filter REJECTED: Spread 0.0413% is 4.1x expected 0.0100%. Likely illiquidity. Reject.
2026-06-05 14:25:52.882 | INFO     | knowledge.strategy_library:evaluate:302 - [Stacked Imbalance] SIGNAL: BUY @ 2.4235 | SL=2.3465 TP=3.5235 | Regime=ACCUMULATION | Score=4.50
2026-06-05 14:25:52.883 | WARNING  | execution.order_manager:validate_signal_with_fee_filter:245 - [OrderManager] Fee filter REJECTED: Spread 0.0413% is 4.1x expected 0.0100%. Likely illiquidity. Reject.
2026-06-05 14:25:52.979 | INFO     | knowledge.strategy_library:evaluate:302 - [Absorption] SIGNAL: BUY @ 2.4235 | SL=2.3465 TP=3.5235 | Regime=ACCUMULATION | Score=8.67
2026-06-05 14:25:52.981 | WARNING  | execution.order_manager:validate_signal_with_fee_filter:245 - [OrderManager] Fee filter REJECTED: Spread 0.0413% is 4.1x expected 0.0100%. Likely illiquidity. Reject.
2026-06-05 14:25:52.982 | INFO     | knowledge.strategy_library:evaluate:302 - [Stacked Imbalance] SIGNAL: BUY @ 2.4235 | SL=2.3465 TP=3.5235 | Regime=ACCUMULATION | Score=4.50
2026-06-05 14:25:52.983 | WARNING  | execution.order_manager:validate_signal_with_fee_filter:245 - [OrderManager] Fee filter REJECTED: Spread 0.0413% is 4.1x expected 0.0100%. Likely illiquidity. Reject.
2026-06-05 14:25:53.874 | INFO     | knowledge.strategy_library:evaluate:302 - [Absorption] SIGNAL: BUY @ 2.4230 | SL=2.3460 TP=3.5230 | Regime=ACCUMULATION | Score=9.55
2026-06-05 14:25:53.875 | WARNING  | execution.order_manager:validate_signal_with_fee_filter:245 - [OrderManager] Fee filter REJECTED: Spread 0.0825% is 8.3x expected 0.0100%. Likely illiquidity. Reject.
2026-06-05 14:25:53.877 | INFO     | knowledge.strategy_library:evaluate:302 - [Stacked Imbalance] SIGNAL: BUY @ 2.4230 | SL=2.3460 TP=3.5230 | Regime=ACCUMULATION | Score=4.50
2026-06-05 14:25:53.878 | WARNING  | execution.order_manager:validate_signal_with_fee_filter:245 - [OrderManager] Fee filter REJECTED: Spread 0.0825% is 8.3x expected 0.0100%. Likely illiquidity. Reject.
2026-06-05 14:25:53.983 | INFO     | knowledge.strategy_library:evaluate:302 - [Absorption] SIGNAL: BUY @ 2.4235 | SL=2.3465 TP=3.5235 | Regime=ACCUMULATION | Score=8.64
2026-06-05 14:25:53.984 | WARNING  | execution.order_manager:validate_signal_with_fee_filter:245 - [OrderManager] Fee filter REJECTED: Spread 0.0413% is 4.1x expected 0.0100%. Likely illiquidity. Reject.
2026-06-05 14:25:53.986 | INFO     | knowledge.strategy_library:evaluate:302 - [Stacked Imbalance] SIGNAL: BUY @ 2.4235 | SL=2.3465 TP=3.5235 | Regime=ACCUMULATION | Score=4.50
2026-06-05 14:25:53.987 | WARNING  | execution.order_manager:validate_signal_with_fee_filter:245 - [OrderManager] Fee filter REJECTED: Spread 0.0413% is 4.1x expected 0.0100%. Likely illiquidity. Reject.
2026-06-05 14:25:54.502 | INFO     | knowledge.strategy_library:evaluate:302 - [Absorption] SIGNAL: BUY @ 2.4235 | SL=2.3465 TP=3.5235 | Regime=ACCUMULATION | Score=8.63
2026-06-05 14:25:54.504 | WARNING  | execution.order_manager:validate_signal_with_fee_filter:245 - [OrderManager] Fee filter REJECTED: Spread 0.0413% is 4.1x expected 0.0100%. Likely illiquidity. Reject.
2026-06-05 14:25:54.505 | INFO     | knowledge.strategy_library:evaluate:302 - [Stacked Imbalance] SIGNAL: BUY @ 2.4235 | SL=2.3465 TP=3.5235 | Regime=ACCUMULATION | Score=4.50
2026-06-05 14:25:54.506 | WARNING  | execution.order_manager:validate_signal_with_fee_filter:245 - [OrderManager] Fee filter REJECTED: Spread 0.0413% is 4.1x expected 0.0100%. Likely illiquidity. Reject.
2026-06-05 14:25:54.878 | INFO     | knowledge.strategy_library:evaluate:302 - [Absorption] SIGNAL: BUY @ 2.4230 | SL=2.3460 TP=3.5230 | Regime=ACCUMULATION | Score=9.52
2026-06-05 14:25:54.879 | WARNING  | execution.order_manager:validate_signal_with_fee_filter:245 - [OrderManager] Fee filter REJECTED: Spread 0.0825% is 8.3x expected 0.0100%. Likely illiquidity. Reject.
2026-06-05 14:25:54.880 | INFO     | knowledge.strategy_library:evaluate:302 - [Stacked Imbalance] SIGNAL: BUY @ 2.4230 | SL=2.3460 TP=3.5230 | Regime=ACCUMULATION | Score=4.50
2026-06-05 14:25:54.881 | WARNING  | execution.order_manager:validate_signal_with_fee_filter:245 - [OrderManager] Fee filter REJECTED: Spread 0.0825% is 8.3x expected 0.0100%. Likely illiquidity. Reject.
2026-06-05 14:25:54.982 | INFO     | knowledge.strategy_library:evaluate:302 - [Absorption] SIGNAL: BUY @ 2.4230 | SL=2.3460 TP=3.5230 | Regime=ACCUMULATION | Score=9.51
2026-06-05 14:25:54.983 | WARNING  | execution.order_manager:validate_signal_with_fee_filter:245 - [OrderManager] Fee filter REJECTED: Spread 0.0825% is 8.3x expected 0.0100%. Likely illiquidity. Reject.
2026-06-05 14:25:54.984 | INFO     | knowledge.strategy_library:evaluate:302 - [Stacked Imbalance] SIGNAL: BUY @ 2.4230 | SL=2.3460 TP=3.5230 | Regime=ACCUMULATION | Score=4.50
2026-06-05 14:25:54.986 | WARNING  | execution.order_manager:validate_signal_with_fee_filter:245 - [OrderManager] Fee filter REJECTED: Spread 0.0825% is 8.3x expected 0.0100%. Likely illiquidity. Reject.
2026-06-05 14:25:55.891 | INFO     | knowledge.strategy_library:evaluate:302 - [Absorption] SIGNAL: BUY @ 2.4230 | SL=2.3460 TP=3.5230 | Regime=ACCUMULATION | Score=9.28
2026-06-05 14:25:55.893 | WARNING  | execution.order_manager:validate_signal_with_fee_filter:245 - [OrderManager] Fee filter REJECTED: Spread 0.0825% is 8.3x expected 0.0100%. Likely illiquidity. Reject.
2026-06-05 14:25:55.894 | INFO     | knowledge.strategy_library:evaluate:302 - [Stacked Imbalance] SIGNAL: BUY @ 2.4230 | SL=2.3460 TP=3.5230 | Regime=ACCUMULATION | Score=4.50
2026-06-05 14:25:55.896 | WARNING  | execution.order_manager:validate_signal_with_fee_filter:245 - [OrderManager] Fee filter REJECTED: Spread 0.0825% is 8.3x expected 0.0100%. Likely illiquidity. Reject.
2026-06-05 14:25:56.001 | INFO     | knowledge.strategy_library:evaluate:302 - [Absorption] SIGNAL: BUY @ 2.4230 | SL=2.3460 TP=3.5230 | Regime=ACCUMULATION | Score=9.27
2026-06-05 14:25:56.003 | WARNING  | execution.order_manager:validate_signal_with_fee_filter:245 - [OrderManager] Fee filter REJECTED: Spread 0.0825% is 8.3x expected 0.0100%. Likely illiquidity. Reject.
2026-06-05 14:25:56.004 | INFO     | knowledge.strategy_library:evaluate:302 - [Stacked Imbalance] SIGNAL: BUY @ 2.4230 | SL=2.3460 TP=3.5230 | Regime=ACCUMULATION | Score=4.50
2026-06-05 14:25:56.006 | WARNING  | execution.order_manager:validate_signal_with_fee_filter:245 - [OrderManager] Fee filter REJECTED: Spread 0.0825% is 8.3x expected 0.0100%. Likely illiquidity. Reject.
2026-06-05 14:26:00.170 | INFO     | knowledge.strategy_library:evaluate:302 - [Absorption] SIGNAL: BUY @ 2.4235 | SL=2.3465 TP=3.5235 | Regime=ACCUMULATION | Score=8.36
2026-06-05 14:26:00.172 | WARNING  | execution.order_manager:validate_signal_with_fee_filter:245 - [OrderManager] Fee filter REJECTED: Spread 0.0413% is 4.1x expected 0.0100%. Likely illiquidity. Reject.
2026-06-05 14:26:00.280 | INFO     | knowledge.strategy_library:evaluate:302 - [Absorption] SIGNAL: BUY @ 2.4235 | SL=2.3465 TP=3.5235 | Regime=ACCUMULATION | Score=8.40
2026-06-05 14:26:00.281 | WARNING  | execution.order_manager:validate_signal_with_fee_filter:245 - [OrderManager] Fee filter REJECTED: Spread 0.0413% is 4.1x expected 0.0100%. Likely illiquidity. Reject.
2026-06-05 14:26:00.375 | INFO     | knowledge.strategy_library:evaluate:302 - [Absorption] SIGNAL: BUY @ 2.4235 | SL=2.3465 TP=3.5235 | Regime=ACCUMULATION | Score=8.35
2026-06-05 14:26:00.376 | WARNING  | execution.order_manager:validate_signal_with_fee_filter:245 - [OrderManager] Fee filter REJECTED: Spread 0.0413% is 4.1x expected 0.0100%. Likely illiquidity. Reject.
2026-06-05 14:26:00.564 | INFO     | knowledge.strategy_library:evaluate:302 - [Absorption] SIGNAL: BUY @ 2.4235 | SL=2.3465 TP=3.5235 | Regime=ACCUMULATION | Score=8.40
2026-06-05 14:26:00.566 | WARNING  | execution.order_manager:validate_signal_with_fee_filter:245 - [OrderManager] Fee filter REJECTED: Spread 0.0413% is 4.1x expected 0.0100%. Likely illiquidity. Reject.
2026-06-05 14:26:01.546 | INFO     | data.exchange_connector:_handle_trade:480 - [TRACE TRADE #500] keys=['e', 'E', 's', 'a', 'p', 'q', 'f', 'l', 'T', 'm', 'M'] p=2.42400000 q=10.26000000 m=False
2026-06-05 14:26:02.589 | INFO     | knowledge.strategy_library:evaluate:302 - [Absorption] SIGNAL: BUY @ 2.4235 | SL=2.3465 TP=3.5235 | Regime=ACCUMULATION | Score=8.35
2026-06-05 14:26:02.591 | WARNING  | execution.order_manager:validate_signal_with_fee_filter:245 - [OrderManager] Fee filter REJECTED: Spread 0.0413% is 4.1x expected 0.0100%. Likely illiquidity. Reject.
2026-06-05 14:26:02.665 | INFO     | knowledge.strategy_library:evaluate:302 - [Absorption] SIGNAL: BUY @ 2.4235 | SL=2.3465 TP=3.5235 | Regime=ACCUMULATION | Score=8.35
2026-06-05 14:26:02.666 | WARNING  | execution.order_manager:validate_signal_with_fee_filter:245 - [OrderManager] Fee filter REJECTED: Spread 0.0413% is 4.1x expected 0.0100%. Likely illiquidity. Reject.
2026-06-05 14:26:02.800 | INFO     | knowledge.strategy_library:evaluate:302 - [Absorption] SIGNAL: BUY @ 2.4235 | SL=2.3465 TP=3.5235 | Regime=ACCUMULATION | Score=8.35
2026-06-05 14:26:02.802 | WARNING  | execution.order_manager:validate_signal_with_fee_filter:245 - [OrderManager] Fee filter REJECTED: Spread 0.0413% is 4.1x expected 0.0100%. Likely illiquidity. Reject.
2026-06-05 14:26:04.863 | INFO     | knowledge.strategy_library:evaluate:302 - [Absorption] SIGNAL: BUY @ 2.4235 | SL=2.3465 TP=3.5235 | Regime=ACCUMULATION | Score=8.47
2026-06-05 14:26:04.863 | WARNING  | execution.order_manager:validate_signal_with_fee_filter:245 - [OrderManager] Fee filter REJECTED: Spread 0.0413% is 4.1x expected 0.0100%. Likely illiquidity. Reject.
2026-06-05 14:26:04.984 | INFO     | knowledge.strategy_library:evaluate:302 - [Absorption] SIGNAL: BUY @ 2.4235 | SL=2.3465 TP=3.5235 | Regime=ACCUMULATION | Score=8.41
2026-06-05 14:26:04.985 | WARNING  | execution.order_manager:validate_signal_with_fee_filter:245 - [OrderManager] Fee filter REJECTED: Spread 0.0413% is 4.1x expected 0.0100%. Likely illiquidity. Reject.
2026-06-05 14:26:10.590 | INFO     | knowledge.strategy_library:evaluate:302 - [Absorption] SIGNAL: BUY @ 2.4265 | SL=2.3495 TP=3.5265 | Regime=ACCUMULATION | Score=7.92
2026-06-05 14:26:10.591 | WARNING  | execution.order_manager:validate_signal_with_fee_filter:245 - [OrderManager] Fee filter REJECTED: Spread 0.0412% is 4.1x expected 0.0100%. Likely illiquidity. Reject.
2026-06-05 14:26:21.778 | INFO     | knowledge.strategy_library:evaluate:302 - [Absorption] SIGNAL: BUY @ 2.4245 | SL=2.3475 TP=3.5245 | Regime=ACCUMULATION | Score=9.08
2026-06-05 14:26:21.779 | WARNING  | execution.order_manager:validate_signal_with_fee_filter:245 - [OrderManager] Fee filter REJECTED: Spread 0.0412% is 4.1x expected 0.0100%. Likely illiquidity. Reject.
2026-06-05 14:26:21.915 | INFO     | knowledge.strategy_library:evaluate:302 - [Absorption] SIGNAL: BUY @ 2.4245 | SL=2.3475 TP=3.5245 | Regime=ACCUMULATION | Score=9.08
2026-06-05 14:26:21.916 | WARNING  | execution.order_manager:validate_signal_with_fee_filter:245 - [OrderManager] Fee filter REJECTED: Spread 0.0412% is 4.1x expected 0.0100%. Likely illiquidity. Reject.
2026-06-05 14:26:35.085 | INFO     | knowledge.strategy_library:evaluate:302 - [Absorption] SIGNAL: BUY @ 2.4255 | SL=2.3555 TP=3.4255 | Regime=ACCUMULATION | Score=8.05
2026-06-05 14:26:35.086 | WARNING  | execution.order_manager:validate_signal_with_fee_filter:245 - [OrderManager] Fee filter REJECTED: Spread 0.0412% is 4.1x expected 0.0100%. Likely illiquidity. Reject.
2026-06-05 14:26:36.343 | INFO     | knowledge.strategy_library:evaluate:302 - [Absorption] SIGNAL: BUY @ 2.4255 | SL=2.3555 TP=3.4255 | Regime=ACCUMULATION | Score=8.75
2026-06-05 14:26:36.345 | WARNING  | execution.order_manager:validate_signal_with_fee_filter:245 - [OrderManager] Fee filter REJECTED: Spread 0.0412% is 4.1x expected 0.0100%. Likely illiquidity. Reject.
2026-06-05 14:26:37.159 | INFO     | knowledge.strategy_library:evaluate:302 - [Absorption] SIGNAL: BUY @ 2.4255 | SL=2.3555 TP=3.4255 | Regime=ACCUMULATION | Score=8.94
2026-06-05 14:26:37.160 | WARNING  | execution.order_manager:validate_signal_with_fee_filter:245 - [OrderManager] Fee filter REJECTED: Spread 0.0412% is 4.1x expected 0.0100%. Likely illiquidity. Reject.
2026-06-05 14:26:37.562 | INFO     | knowledge.strategy_library:evaluate:302 - [Absorption] SIGNAL: BUY @ 2.4255 | SL=2.3555 TP=3.4255 | Regime=ACCUMULATION | Score=8.94
2026-06-05 14:26:37.563 | WARNING  | execution.order_manager:validate_signal_with_fee_filter:245 - [OrderManager] Fee filter REJECTED: Spread 0.0412% is 4.1x expected 0.0100%. Likely illiquidity. Reject.
2026-06-05 14:26:39.610 | INFO     | knowledge.strategy_library:evaluate:302 - [Absorption] SIGNAL: BUY @ 2.4255 | SL=2.3625 TP=3.3255 | Regime=ACCUMULATION | Score=8.92
2026-06-05 14:26:39.611 | WARNING  | execution.order_manager:validate_signal_with_fee_filter:245 - [OrderManager] Fee filter REJECTED: Spread 0.0412% is 4.1x expected 0.0100%. Likely illiquidity. Reject.
2026-06-05 14:26:41.162 | INFO     | knowledge.strategy_library:evaluate:302 - [Absorption] SIGNAL: BUY @ 2.4255 | SL=2.3625 TP=3.3255 | Regime=ACCUMULATION | Score=8.92
2026-06-05 14:26:41.163 | WARNING  | execution.order_manager:validate_signal_with_fee_filter:245 - [OrderManager] Fee filter REJECTED: Spread 0.0412% is 4.1x expected 0.0100%. Likely illiquidity. Reject.
2026-06-05 14:26:41.476 | INFO     | knowledge.strategy_library:evaluate:302 - [Absorption] SIGNAL: BUY @ 2.4255 | SL=2.3625 TP=3.3255 | Regime=ACCUMULATION | Score=8.92
2026-06-05 14:26:41.478 | WARNING  | execution.order_manager:validate_signal_with_fee_filter:245 - [OrderManager] Fee filter REJECTED: Spread 0.0412% is 4.1x expected 0.0100%. Likely illiquidity. Reject.
2026-06-05 14:26:41.772 | INFO     | knowledge.strategy_library:evaluate:302 - [Absorption] SIGNAL: BUY @ 2.4265 | SL=2.3635 TP=3.3265 | Regime=ACCUMULATION | Score=8.92
2026-06-05 14:26:41.774 | WARNING  | execution.order_manager:validate_signal_with_fee_filter:245 - [OrderManager] Fee filter REJECTED: Spread 0.0412% is 4.1x expected 0.0100%. Likely illiquidity. Reject.
2026-06-05 14:26:41.867 | INFO     | knowledge.strategy_library:evaluate:302 - [Absorption] SIGNAL: BUY @ 2.4265 | SL=2.3635 TP=3.3265 | Regime=ACCUMULATION | Score=8.92
2026-06-05 14:26:41.868 | WARNING  | execution.order_manager:validate_signal_with_fee_filter:245 - [OrderManager] Fee filter REJECTED: Spread 0.0412% is 4.1x expected 0.0100%. Likely illiquidity. Reject.
2026-06-05 14:26:41.869 | INFO     | data.exchange_connector:_process_message:423 - [WS MSGS] total=4000 depth=3491 aggTrade=509 other=0
2026-06-05 14:26:42.492 | INFO     | knowledge.strategy_library:evaluate:302 - [Absorption] SIGNAL: BUY @ 2.4265 | SL=2.3635 TP=3.3265 | Regime=ACCUMULATION | Score=8.92
2026-06-05 14:26:42.493 | WARNING  | execution.order_manager:validate_signal_with_fee_filter:245 - [OrderManager] Fee filter REJECTED: Spread 0.0412% is 4.1x expected 0.0100%. Likely illiquidity. Reject.
2026-06-05 14:26:42.674 | INFO     | knowledge.strategy_library:evaluate:302 - [Absorption] SIGNAL: BUY @ 2.4265 | SL=2.3635 TP=3.3265 | Regime=ACCUMULATION | Score=8.92
2026-06-05 14:26:42.675 | WARNING  | execution.order_manager:validate_signal_with_fee_filter:245 - [OrderManager] Fee filter REJECTED: Spread 0.0412% is 4.1x expected 0.0100%. Likely illiquidity. Reject.
2026-06-05 14:26:42.758 | INFO     | knowledge.strategy_library:evaluate:302 - [Absorption] SIGNAL: BUY @ 2.4265 | SL=2.3635 TP=3.3265 | Regime=ACCUMULATION | Score=8.92
2026-06-05 14:26:42.759 | WARNING  | execution.order_manager:validate_signal_with_fee_filter:245 - [OrderManager] Fee filter REJECTED: Spread 0.0412% is 4.1x expected 0.0100%. Likely illiquidity. Reject.
2026-06-05 14:26:42.875 | INFO     | knowledge.strategy_library:evaluate:302 - [Absorption] SIGNAL: BUY @ 2.4265 | SL=2.3635 TP=3.3265 | Regime=ACCUMULATION | Score=8.92
2026-06-05 14:26:42.876 | WARNING  | execution.order_manager:validate_signal_with_fee_filter:245 - [OrderManager] Fee filter REJECTED: Spread 0.0412% is 4.1x expected 0.0100%. Likely illiquidity. Reject.
2026-06-05 14:26:43.383 | INFO     | knowledge.strategy_library:evaluate:302 - [Absorption] SIGNAL: BUY @ 2.4265 | SL=2.3635 TP=3.3265 | Regime=ACCUMULATION | Score=8.92
2026-06-05 14:26:43.384 | WARNING  | execution.order_manager:validate_signal_with_fee_filter:245 - [OrderManager] Fee filter REJECTED: Spread 0.0412% is 4.1x expected 0.0100%. Likely illiquidity. Reject.
2026-06-05 14:26:43.704 | INFO     | knowledge.strategy_library:evaluate:302 - [Absorption] SIGNAL: BUY @ 2.4265 | SL=2.3635 TP=3.3265 | Regime=ACCUMULATION | Score=8.92
2026-06-05 14:26:43.706 | WARNING  | execution.order_manager:validate_signal_with_fee_filter:245 - [OrderManager] Fee filter REJECTED: Spread 0.0412% is 4.1x expected 0.0100%. Likely illiquidity. Reject.
2026-06-05 14:26:44.381 | INFO     | knowledge.strategy_library:evaluate:302 - [Absorption] SIGNAL: BUY @ 2.4265 | SL=2.3705 TP=3.2265 | Regime=ACCUMULATION | Score=8.74
2026-06-05 14:26:44.382 | WARNING  | execution.order_manager:validate_signal_with_fee_filter:245 - [OrderManager] Fee filter REJECTED: Spread 0.0412% is 4.1x expected 0.0100%. Likely illiquidity. Reject.
2026-06-05 14:26:44.973 | INFO     | knowledge.strategy_library:evaluate:302 - [Absorption] SIGNAL: BUY @ 2.4265 | SL=2.3705 TP=3.2265 | Regime=ACCUMULATION | Score=8.74
2026-06-05 14:26:44.975 | WARNING  | execution.order_manager:validate_signal_with_fee_filter:245 - [OrderManager] Fee filter REJECTED: Spread 0.0412% is 4.1x expected 0.0100%. Likely illiquidity. Reject.
2026-06-05 14:26:56.775 | INFO     | knowledge.strategy_library:evaluate:302 - [Absorption] SIGNAL: BUY @ 2.4280 | SL=2.4000 TP=2.8280 | Regime=ACCUMULATION | Score=4.30
2026-06-05 14:26:56.777 | WARNING  | execution.order_manager:validate_signal_with_fee_filter:245 - [OrderManager] Fee filter REJECTED: Spread 0.0824% is 8.2x expected 0.0100%. Likely illiquidity. Reject.
2026-06-05 14:26:56.864 | INFO     | knowledge.strategy_library:evaluate:302 - [Absorption] SIGNAL: BUY @ 2.4280 | SL=2.4000 TP=2.8280 | Regime=ACCUMULATION | Score=4.30
2026-06-05 14:26:56.865 | WARNING  | execution.order_manager:validate_signal_with_fee_filter:245 - [OrderManager] Fee filter REJECTED: Spread 0.0824% is 8.2x expected 0.0100%. Likely illiquidity. Reject.
2026-06-05 14:26:56.960 | INFO     | knowledge.strategy_library:evaluate:302 - [Absorption] SIGNAL: BUY @ 2.4275 | SL=2.3995 TP=2.8275 | Regime=ACCUMULATION | Score=3.50
2026-06-05 14:26:56.961 | WARNING  | execution.order_manager:validate_signal_with_fee_filter:245 - [OrderManager] Fee filter REJECTED: Spread 0.0412% is 4.1x expected 0.0100%. Likely illiquidity. Reject.
2026-06-05 14:26:57.060 | INFO     | knowledge.strategy_library:evaluate:302 - [Absorption] SIGNAL: BUY @ 2.4275 | SL=2.3995 TP=2.8275 | Regime=ACCUMULATION | Score=3.53
2026-06-05 14:26:57.060 | WARNING  | execution.order_manager:validate_signal_with_fee_filter:245 - [OrderManager] Fee filter REJECTED: Spread 0.0412% is 4.1x expected 0.0100%. Likely illiquidity. Reject.
2026-06-05 14:26:58.068 | INFO     | knowledge.strategy_library:evaluate:302 - [Absorption] SIGNAL: BUY @ 2.4275 | SL=2.3995 TP=2.8275 | Regime=ACCUMULATION | Score=3.53
2026-06-05 14:26:58.071 | WARNING  | execution.order_manager:validate_signal_with_fee_filter:245 - [OrderManager] Fee filter REJECTED: Spread 0.0412% is 4.1x expected 0.0100%. Likely illiquidity. Reject.
2026-06-05 14:26:58.381 | INFO     | knowledge.strategy_library:evaluate:302 - [Absorption] SIGNAL: BUY @ 2.4275 | SL=2.3995 TP=2.8275 | Regime=ACCUMULATION | Score=3.53
2026-06-05 14:26:58.382 | WARNING  | execution.order_manager:validate_signal_with_fee_filter:245 - [OrderManager] Fee filter REJECTED: Spread 0.0412% is 4.1x expected 0.0100%. Likely illiquidity. Reject.
2026-06-05 14:26:58.769 | INFO     | knowledge.strategy_library:evaluate:302 - [Absorption] SIGNAL: BUY @ 2.4275 | SL=2.3995 TP=2.8275 | Regime=ACCUMULATION | Score=3.97
2026-06-05 14:26:58.770 | WARNING  | execution.order_manager:validate_signal_with_fee_filter:245 - [OrderManager] Fee filter REJECTED: Spread 0.0412% is 4.1x expected 0.0100%. Likely illiquidity. Reject.
2026-06-05 14:27:04.360 | INFO     | knowledge.strategy_library:evaluate:302 - [Absorption] SIGNAL: BUY @ 2.4275 | SL=2.3995 TP=2.8275 | Regime=ACCUMULATION | Score=3.76
2026-06-05 14:27:04.361 | WARNING  | execution.order_manager:validate_signal_with_fee_filter:245 - [OrderManager] Fee filter REJECTED: Spread 0.0412% is 4.1x expected 0.0100%. Likely illiquidity. Reject.
2026-06-05 14:27:04.462 | INFO     | knowledge.strategy_library:evaluate:302 - [Absorption] SIGNAL: BUY @ 2.4275 | SL=2.3995 TP=2.8275 | Regime=ACCUMULATION | Score=3.75
2026-06-05 14:27:04.462 | WARNING  | execution.order_manager:validate_signal_with_fee_filter:245 - [OrderManager] Fee filter REJECTED: Spread 0.0412% is 4.1x expected 0.0100%. Likely illiquidity. Reject.
2026-06-05 14:27:04.575 | INFO     | knowledge.strategy_library:evaluate:302 - [Absorption] SIGNAL: BUY @ 2.4280 | SL=2.4000 TP=2.8280 | Regime=ACCUMULATION | Score=4.06
2026-06-05 14:27:04.575 | WARNING  | execution.order_manager:validate_signal_with_fee_filter:245 - [OrderManager] Fee filter REJECTED: Spread 0.0824% is 8.2x expected 0.0100%. Likely illiquidity. Reject.
2026-06-05 14:27:04.661 | INFO     | knowledge.strategy_library:evaluate:302 - [Absorption] SIGNAL: BUY @ 2.4280 | SL=2.4000 TP=2.8280 | Regime=ACCUMULATION | Score=4.06
2026-06-05 14:27:04.662 | WARNING  | execution.order_manager:validate_signal_with_fee_filter:245 - [OrderManager] Fee filter REJECTED: Spread 0.0824% is 8.2x expected 0.0100%. Likely illiquidity. Reject.
2026-06-05 14:27:04.762 | INFO     | knowledge.strategy_library:evaluate:302 - [Absorption] SIGNAL: BUY @ 2.4280 | SL=2.4000 TP=2.8280 | Regime=ACCUMULATION | Score=4.11
2026-06-05 14:27:04.762 | WARNING  | execution.order_manager:validate_signal_with_fee_filter:245 - [OrderManager] Fee filter REJECTED: Spread 0.0824% is 8.2x expected 0.0100%. Likely illiquidity. Reject.
2026-06-05 14:27:04.961 | INFO     | knowledge.strategy_library:evaluate:302 - [Absorption] SIGNAL: BUY @ 2.4280 | SL=2.4000 TP=2.8280 | Regime=ACCUMULATION | Score=4.40
2026-06-05 14:27:04.961 | WARNING  | execution.order_manager:validate_signal_with_fee_filter:245 - [OrderManager] Fee filter REJECTED: Spread 0.0824% is 8.2x expected 0.0100%. Likely illiquidity. Reject.
2026-06-05 14:27:25.270 | INFO     | data.exchange_connector:start_websocket:330 - WebSocket task cancelled
2026-06-05 14:27:25.273 | INFO     | data.exchange_connector:disconnect:118 - Disconnected from exchange
